/*
 Navicat Premium Data Transfer

 Source Server         : test
 Source Server Type    : MySQL
 Source Server Version : 80023 (8.0.23)
 Source Host           : localhost:3306
 Source Schema         : bs_map

 Target Server Type    : MySQL
 Target Server Version : 80023 (8.0.23)
 File Encoding         : 65001

 Date: 04/12/2022 00:12:43
*/

SET NAMES utf8mb4;
SET FOREIGN_KEY_CHECKS = 0;

-- ----------------------------
-- Table structure for city
-- ----------------------------
DROP TABLE IF EXISTS `city`;
CREATE TABLE `city`  (
  `c_code` varchar(4) CHARACTER SET utf8 COLLATE utf8_general_ci NULL DEFAULT NULL,
  `c_name` varchar(25) CHARACTER SET utf8 COLLATE utf8_general_ci NULL DEFAULT NULL,
  `c_lng` double NULL DEFAULT NULL,
  `c_lat` double NULL DEFAULT NULL,
  `d_code` varchar(2) CHARACTER SET utf8 COLLATE utf8_general_ci NULL DEFAULT NULL
) ENGINE = InnoDB CHARACTER SET = utf8 COLLATE = utf8_general_ci ROW_FORMAT = Dynamic;

-- ----------------------------
-- Records of city
-- ----------------------------
INSERT INTO `city` VALUES ('1101', '北京市', 116.413384, 39.910925, '11');
INSERT INTO `city` VALUES ('1201', '天津市', 117.208093, 39.091103, '12');
INSERT INTO `city` VALUES ('1301', '石家庄市', 114.521532, 38.048312, '13');
INSERT INTO `city` VALUES ('1302', '唐山市', 118.186459, 39.636584, '13');
INSERT INTO `city` VALUES ('1303', '秦皇岛市', 119.525967, 39.894727, '13');
INSERT INTO `city` VALUES ('1304', '邯郸市', 114.545628, 36.631263, '13');
INSERT INTO `city` VALUES ('1305', '邢台市', 114.511462, 37.076686, '13');
INSERT INTO `city` VALUES ('1306', '保定市', 115.471464, 38.879988, '13');
INSERT INTO `city` VALUES ('1307', '张家口市', 114.892572, 40.773237, '13');
INSERT INTO `city` VALUES ('1308', '承德市', 116.413384, 39.910925, '13');
INSERT INTO `city` VALUES ('1309', '沧州市', 116.845581, 38.310215, '13');
INSERT INTO `city` VALUES ('1310', '廊坊市', 116.690582, 39.543367, '13');
INSERT INTO `city` VALUES ('1311', '衡水市', 115.675406, 37.745191, '13');
INSERT INTO `city` VALUES ('1401', '太原市', 112.556391, 37.876989, '14');
INSERT INTO `city` VALUES ('1402', '大同市', 113.373362, 40.102783, '14');
INSERT INTO `city` VALUES ('1403', '阳泉市', 113.587617, 37.862361, '14');
INSERT INTO `city` VALUES ('1404', '长治市', 113.122559, 36.201268, '14');
INSERT INTO `city` VALUES ('1405', '晋城市', 112.858578, 35.496285, '14');
INSERT INTO `city` VALUES ('1406', '朔州市', 112.439371, 39.337108, '14');
INSERT INTO `city` VALUES ('1407', '晋中市', 112.759595, 37.692839, '14');
INSERT INTO `city` VALUES ('1408', '运城市', 111.013389, 35.032707, '14');
INSERT INTO `city` VALUES ('1409', '忻州市', 116.413384, 39.910925, '14');
INSERT INTO `city` VALUES ('1410', '临汾市', 111.52553, 36.093742, '14');
INSERT INTO `city` VALUES ('1411', '吕梁市', 111.15045, 37.524498, '14');
INSERT INTO `city` VALUES ('1501', '呼和浩特市', 111.755509, 40.848423, '15');
INSERT INTO `city` VALUES ('1502', '包头市', 116.413384, 39.910925, '15');
INSERT INTO `city` VALUES ('1503', '乌海市', 106.800391, 39.662006, '15');
INSERT INTO `city` VALUES ('1504', '赤峰市', 116.413384, 39.910925, '15');
INSERT INTO `city` VALUES ('1505', '通辽市', 116.413384, 39.910925, '15');
INSERT INTO `city` VALUES ('1506', '鄂尔多斯市', 109.787443, 39.614482, '15');
INSERT INTO `city` VALUES ('1507', '呼伦贝尔市', 119.784869, 49.172733, '15');
INSERT INTO `city` VALUES ('1508', '巴彦淖尔市', 107.394398, 40.749359, '15');
INSERT INTO `city` VALUES ('1509', '乌兰察布市', 113.139468, 41.000748, '15');
INSERT INTO `city` VALUES ('1522', '兴安盟', 116.413384, 39.910925, '15');
INSERT INTO `city` VALUES ('1525', '锡林郭勒盟', 116.054391, 43.939423, '15');
INSERT INTO `city` VALUES ('1529', '阿拉善盟', 105.735377, 38.858276, '15');
INSERT INTO `city` VALUES ('2101', '沈阳市', 123.471097, 41.68383, '21');
INSERT INTO `city` VALUES ('2102', '大连市', 121.621631, 38.918954, '21');
INSERT INTO `city` VALUES ('2103', '鞍山市', 123.001373, 41.115054, '21');
INSERT INTO `city` VALUES ('2104', '抚顺市', 123.964375, 41.88597, '21');
INSERT INTO `city` VALUES ('2105', '本溪市', 123.692507, 41.492916, '21');
INSERT INTO `city` VALUES ('2106', '丹东市', 124.361547, 40.006409, '21');
INSERT INTO `city` VALUES ('2107', '锦州市', 121.132596, 41.100931, '21');
INSERT INTO `city` VALUES ('2108', '营口市', 122.225799, 40.630703, '21');
INSERT INTO `city` VALUES ('2109', '阜新市', 121.676408, 42.028022, '21');
INSERT INTO `city` VALUES ('2110', '辽阳市', 123.243366, 41.274161, '21');
INSERT INTO `city` VALUES ('2111', '盘锦市', 122.177118, 40.725791, '21');
INSERT INTO `city` VALUES ('2112', '铁岭市', 123.732365, 42.229948, '21');
INSERT INTO `city` VALUES ('2113', '朝阳市', 120.457499, 41.579821, '21');
INSERT INTO `city` VALUES ('2114', '葫芦岛市', 120.843398, 40.717364, '21');
INSERT INTO `city` VALUES ('2201', '长春市', 116.413384, 39.910925, '22');
INSERT INTO `city` VALUES ('2202', '吉林市', 116.413384, 39.910925, '22');
INSERT INTO `city` VALUES ('2203', '四平市', 116.413384, 39.910925, '22');
INSERT INTO `city` VALUES ('2204', '辽源市', 125.150425, 42.894055, '22');
INSERT INTO `city` VALUES ('2205', '通化市', 125.946606, 41.733816, '22');
INSERT INTO `city` VALUES ('2206', '白山市', 126.421086, 41.949884, '22');
INSERT INTO `city` VALUES ('2207', '松原市', 116.413384, 39.910925, '22');
INSERT INTO `city` VALUES ('2208', '白城市', 116.413384, 39.910925, '22');
INSERT INTO `city` VALUES ('2224', '延边朝鲜族自治州', 129.477376, 42.915743, '22');
INSERT INTO `city` VALUES ('2301', '哈尔滨市', 126.541615, 45.808826, '23');
INSERT INTO `city` VALUES ('2302', '齐齐哈尔市', 123.924571, 47.359977, '23');
INSERT INTO `city` VALUES ('2303', '鸡西市', 116.413384, 39.910925, '23');
INSERT INTO `city` VALUES ('2304', '鹤岗市', 130.304433, 47.356056, '23');
INSERT INTO `city` VALUES ('2305', '双鸭山市', 131.147974, 46.682389, '23');
INSERT INTO `city` VALUES ('2306', '大庆市', 116.413384, 39.910925, '23');
INSERT INTO `city` VALUES ('2307', '伊春市', 116.413384, 39.910925, '23');
INSERT INTO `city` VALUES ('2308', '佳木斯市', 130.327359, 46.80569, '23');
INSERT INTO `city` VALUES ('2309', '七台河市', 131.011545, 45.7763, '23');
INSERT INTO `city` VALUES ('2310', '牡丹江市', 129.63954, 44.556246, '23');
INSERT INTO `city` VALUES ('2311', '黑河市', 116.413384, 39.910925, '23');
INSERT INTO `city` VALUES ('2312', '绥化市', 116.413384, 39.910925, '23');
INSERT INTO `city` VALUES ('2327', '大兴安岭地区', 124.152928, 50.420026, '23');
INSERT INTO `city` VALUES ('3201', '南京市', 118.802422, 32.064653, '32');
INSERT INTO `city` VALUES ('3202', '无锡市', 120.318583, 31.49881, '32');
INSERT INTO `city` VALUES ('3203', '徐州市', 117.290575, 34.212667, '32');
INSERT INTO `city` VALUES ('3204', '常州市', 119.981485, 31.815796, '32');
INSERT INTO `city` VALUES ('3205', '苏州市', 120.592412, 31.303564, '32');
INSERT INTO `city` VALUES ('3206', '南通市', 120.901592, 31.986549, '32');
INSERT INTO `city` VALUES ('3207', '连云港市', 119.228621, 34.60225, '32');
INSERT INTO `city` VALUES ('3208', '淮安市', 119.119764, 33.556668, '32');
INSERT INTO `city` VALUES ('3209', '盐城市', 120.167544, 33.355101, '32');
INSERT INTO `city` VALUES ('3210', '扬州市', 119.419419, 32.400677, '32');
INSERT INTO `city` VALUES ('3211', '镇江市', 119.430489, 32.194716, '32');
INSERT INTO `city` VALUES ('3212', '泰州市', 119.929566, 32.460675, '32');
INSERT INTO `city` VALUES ('3213', '宿迁市', 118.281574, 33.96775, '32');
INSERT INTO `city` VALUES ('3301', '杭州市', 120.215512, 30.253083, '33');
INSERT INTO `city` VALUES ('3302', '宁波市', 121.630843, 29.866068, '33');
INSERT INTO `city` VALUES ('3303', '温州市', 120.706477, 28.001085, '33');
INSERT INTO `city` VALUES ('3304', '嘉兴市', 120.763552, 30.750975, '33');
INSERT INTO `city` VALUES ('3305', '湖州市', 120.094517, 30.898964, '33');
INSERT INTO `city` VALUES ('3306', '绍兴市', 120.590023, 30.057657, '33');
INSERT INTO `city` VALUES ('3307', '金华市', 119.653436, 29.084639, '33');
INSERT INTO `city` VALUES ('3308', '衢州市', 118.866597, 28.975546, '33');
INSERT INTO `city` VALUES ('3309', '舟山市', 122.213556, 29.990912, '33');
INSERT INTO `city` VALUES ('3310', '台州市', 121.427435, 28.662194, '33');
INSERT INTO `city` VALUES ('3311', '丽水市', 119.929573, 28.473278, '33');
INSERT INTO `city` VALUES ('3401', '合肥市', 117.233443, 31.826578, '34');
INSERT INTO `city` VALUES ('3402', '芜湖市', 118.439431, 31.358537, '34');
INSERT INTO `city` VALUES ('3403', '蚌埠市', 117.395513, 32.921524, '34');
INSERT INTO `city` VALUES ('3404', '淮南市', 117.006389, 32.631847, '34');
INSERT INTO `city` VALUES ('3405', '马鞍山市', 118.51358, 31.676266, '34');
INSERT INTO `city` VALUES ('3406', '淮北市', 116.804537, 33.961656, '34');
INSERT INTO `city` VALUES ('3407', '铜陵市', 117.818477, 30.951233, '34');
INSERT INTO `city` VALUES ('3408', '安庆市', 117.121283, 30.539222, '34');
INSERT INTO `city` VALUES ('3410', '黄山市', 118.345437, 29.72189, '34');
INSERT INTO `city` VALUES ('3411', '滁州市', 118.339406, 32.261271, '34');
INSERT INTO `city` VALUES ('3412', '阜阳市', 115.820436, 32.896061, '34');
INSERT INTO `city` VALUES ('3413', '宿州市', 116.970544, 33.652095, '34');
INSERT INTO `city` VALUES ('3415', '六安市', 116.413384, 39.910925, '34');
INSERT INTO `city` VALUES ('3416', '亳州市', 115.784463, 33.850643, '34');
INSERT INTO `city` VALUES ('3417', '池州市', 117.502082, 30.680542, '34');
INSERT INTO `city` VALUES ('3418', '宣城市', 118.765534, 30.946602, '34');
INSERT INTO `city` VALUES ('3501', '福州市', 119.30347, 26.080429, '35');
INSERT INTO `city` VALUES ('3502', '厦门市', 118.096435, 24.485407, '35');
INSERT INTO `city` VALUES ('3503', '莆田市', 119.014521, 25.459865, '35');
INSERT INTO `city` VALUES ('3504', '三明市', 116.413384, 39.910925, '35');
INSERT INTO `city` VALUES ('3505', '泉州市', 118.682446, 24.879952, '35');
INSERT INTO `city` VALUES ('3506', '漳州市', 117.653576, 24.51893, '35');
INSERT INTO `city` VALUES ('3507', '南平市', 118.087351, 27.389105, '35');
INSERT INTO `city` VALUES ('3508', '龙岩市', 117.023448, 25.08122, '35');
INSERT INTO `city` VALUES ('3509', '宁德市', 119.554511, 26.672242, '35');
INSERT INTO `city` VALUES ('3601', '南昌市', 115.864589, 28.689455, '36');
INSERT INTO `city` VALUES ('3602', '景德镇市', 117.184576, 29.274248, '36');
INSERT INTO `city` VALUES ('3603', '萍乡市', 113.893697, 27.664753, '36');
INSERT INTO `city` VALUES ('3604', '九江市', 116.413384, 39.910925, '36');
INSERT INTO `city` VALUES ('3605', '新余市', 114.923535, 27.823579, '36');
INSERT INTO `city` VALUES ('3606', '鹰潭市', 117.075575, 28.265787, '36');
INSERT INTO `city` VALUES ('3607', '赣州市', 116.413384, 39.910925, '36');
INSERT INTO `city` VALUES ('3608', '吉安市', 115.000511, 27.119727, '36');
INSERT INTO `city` VALUES ('3609', '宜春市', 114.423564, 27.820856, '36');
INSERT INTO `city` VALUES ('3610', '抚州市', 116.364539, 27.954892, '36');
INSERT INTO `city` VALUES ('3611', '上饶市', 117.94946, 28.460626, '36');
INSERT INTO `city` VALUES ('3701', '济南市', 117.126399, 36.656554, '37');
INSERT INTO `city` VALUES ('3702', '青岛市', 120.389455, 36.072227, '37');
INSERT INTO `city` VALUES ('3703', '淄博市', 118.061453, 36.819086, '37');
INSERT INTO `city` VALUES ('3704', '枣庄市', 117.330542, 34.815994, '37');
INSERT INTO `city` VALUES ('3705', '东营市', 118.681385, 37.439642, '37');
INSERT INTO `city` VALUES ('3706', '烟台市', 121.454415, 37.470038, '37');
INSERT INTO `city` VALUES ('3707', '潍坊市', 119.168378, 36.712652, '37');
INSERT INTO `city` VALUES ('3708', '济宁市', 116.593612, 35.420177, '37');
INSERT INTO `city` VALUES ('3709', '泰安市', 117.094495, 36.205858, '37');
INSERT INTO `city` VALUES ('3710', '威海市', 122.127541, 37.516431, '37');
INSERT INTO `city` VALUES ('3711', '日照市', 119.533415, 35.422839, '37');
INSERT INTO `city` VALUES ('3713', '临沂市', 118.363533, 35.110671, '37');
INSERT INTO `city` VALUES ('3714', '德州市', 116.365557, 37.441308, '37');
INSERT INTO `city` VALUES ('3715', '聊城市', 115.991588, 36.462758, '37');
INSERT INTO `city` VALUES ('3716', '滨州市', 117.977404, 37.388196, '37');
INSERT INTO `city` VALUES ('3717', '菏泽市', 115.487545, 35.239407, '37');
INSERT INTO `city` VALUES ('4101', '郑州市', 113.631419, 34.753439, '41');
INSERT INTO `city` VALUES ('4102', '开封市', 114.320765, 34.804014, '41');
INSERT INTO `city` VALUES ('4103', '洛阳市', 112.459421, 34.624263, '41');
INSERT INTO `city` VALUES ('4104', '平顶山市', 113.199529, 33.772051, '41');
INSERT INTO `city` VALUES ('4105', '安阳市', 114.3995, 36.105941, '41');
INSERT INTO `city` VALUES ('4106', '鹤壁市', 114.303594, 35.752357, '41');
INSERT INTO `city` VALUES ('4107', '新乡市', 113.811594, 35.196564, '41');
INSERT INTO `city` VALUES ('4108', '焦作市', 113.248548, 35.220963, '41');
INSERT INTO `city` VALUES ('4109', '濮阳市', 115.035597, 35.767593, '41');
INSERT INTO `city` VALUES ('4110', '许昌市', 113.858476, 34.041432, '41');
INSERT INTO `city` VALUES ('4111', '漯河市', 114.023421, 33.587711, '41');
INSERT INTO `city` VALUES ('4112', '三门峡市', 111.206533, 34.778327, '41');
INSERT INTO `city` VALUES ('4113', '南阳市', 112.534501, 32.996562, '41');
INSERT INTO `city` VALUES ('4114', '商丘市', 115.662449, 34.420202, '41');
INSERT INTO `city` VALUES ('4115', '信阳市', 114.097483, 32.153015, '41');
INSERT INTO `city` VALUES ('4116', '周口市', 114.707983, 33.643084, '41');
INSERT INTO `city` VALUES ('4117', '驻马店市', 114.028471, 33.017842, '41');
INSERT INTO `city` VALUES ('4201', '武汉市', 114.311582, 30.598467, '42');
INSERT INTO `city` VALUES ('4202', '黄石市', 115.045533, 30.205208, '42');
INSERT INTO `city` VALUES ('4203', '十堰市', 110.80453, 32.635062, '42');
INSERT INTO `city` VALUES ('4205', '宜昌市', 111.292549, 30.697446, '42');
INSERT INTO `city` VALUES ('4206', '襄阳市', 112.128537, 32.014797, '42');
INSERT INTO `city` VALUES ('4207', '鄂州市', 114.901607, 30.396572, '42');
INSERT INTO `city` VALUES ('4208', '荆门市', 112.206393, 31.041733, '42');
INSERT INTO `city` VALUES ('4209', '孝感市', 113.963463, 30.924526, '42');
INSERT INTO `city` VALUES ('4210', '荆州市', 112.245523, 30.340842, '42');
INSERT INTO `city` VALUES ('4211', '黄冈市', 114.87849, 30.459359, '42');
INSERT INTO `city` VALUES ('4212', '咸宁市', 114.328519, 29.847056, '42');
INSERT INTO `city` VALUES ('4213', '随州市', 113.38945, 31.696517, '42');
INSERT INTO `city` VALUES ('4228', '恩施土家族苗族自治州', 109.494593, 30.27794, '42');
INSERT INTO `city` VALUES ('4301', '长沙市', 112.945473, 28.234889, '43');
INSERT INTO `city` VALUES ('4302', '株洲市', 113.140471, 27.833568, '43');
INSERT INTO `city` VALUES ('4303', '湘潭市', 112.950464, 27.835702, '43');
INSERT INTO `city` VALUES ('4304', '衡阳市', 112.578447, 26.899576, '43');
INSERT INTO `city` VALUES ('4305', '邵阳市', 111.474433, 27.24527, '43');
INSERT INTO `city` VALUES ('4306', '岳阳市', 113.135489, 29.363178, '43');
INSERT INTO `city` VALUES ('4307', '常德市', 111.705452, 29.03775, '43');
INSERT INTO `city` VALUES ('4308', '张家界市', 110.485533, 29.122816, '43');
INSERT INTO `city` VALUES ('4309', '益阳市', 112.361516, 28.559711, '43');
INSERT INTO `city` VALUES ('4310', '郴州市', 113.02146, 25.776683, '43');
INSERT INTO `city` VALUES ('4311', '永州市', 111.619455, 26.425864, '43');
INSERT INTO `city` VALUES ('4312', '怀化市', 110.008514, 27.575161, '43');
INSERT INTO `city` VALUES ('4313', '娄底市', 112.001503, 27.703209, '43');
INSERT INTO `city` VALUES ('4331', '湘西土家族苗族自治州', 109.745577, 28.317369, '43');
INSERT INTO `city` VALUES ('4401', '广州市', 113.271431, 23.135336, '44');
INSERT INTO `city` VALUES ('4402', '韶关市', 113.603527, 24.815881, '44');
INSERT INTO `city` VALUES ('4403', '深圳市', 114.064552, 22.548457, '44');
INSERT INTO `city` VALUES ('4404', '珠海市', 113.582555, 22.276565, '44');
INSERT INTO `city` VALUES ('4405', '汕头市', 116.688529, 23.359092, '44');
INSERT INTO `city` VALUES ('4406', '佛山市', 113.128512, 23.027759, '44');
INSERT INTO `city` VALUES ('4407', '江门市', 113.088556, 22.584604, '44');
INSERT INTO `city` VALUES ('4408', '湛江市', 110.365554, 21.276723, '44');
INSERT INTO `city` VALUES ('4409', '茂名市', 110.931543, 21.669064, '44');
INSERT INTO `city` VALUES ('4412', '肇庆市', 112.471489, 23.052889, '44');
INSERT INTO `city` VALUES ('4413', '惠州市', 114.423558, 23.116359, '44');
INSERT INTO `city` VALUES ('4414', '梅州市', 116.129537, 24.294178, '44');
INSERT INTO `city` VALUES ('4415', '汕尾市', 115.381553, 22.791263, '44');
INSERT INTO `city` VALUES ('4416', '河源市', 114.707446, 23.749684, '44');
INSERT INTO `city` VALUES ('4417', '阳江市', 111.988489, 21.86434, '44');
INSERT INTO `city` VALUES ('4418', '清远市', 113.062468, 23.68823, '44');
INSERT INTO `city` VALUES ('4420', '中山市', 113.39942, 22.52231, '44');
INSERT INTO `city` VALUES ('4451', '潮州市', 116.62947, 23.662623, '44');
INSERT INTO `city` VALUES ('4452', '揭阳市', 116.378512, 23.55574, '44');
INSERT INTO `city` VALUES ('4453', '云浮市', 112.051513, 22.920912, '44');
INSERT INTO `city` VALUES ('4501', '南宁市', 108.373451, 22.822607, '45');
INSERT INTO `city` VALUES ('4502', '柳州市', 109.434422, 24.331961, '45');
INSERT INTO `city` VALUES ('4503', '桂林市', 110.186195, 25.241699, '45');
INSERT INTO `city` VALUES ('4504', '梧州市', 111.285517, 23.482745, '45');
INSERT INTO `city` VALUES ('4505', '北海市', 109.126533, 21.486836, '45');
INSERT INTO `city` VALUES ('4506', '防城港市', 108.360419, 21.693005, '45');
INSERT INTO `city` VALUES ('4507', '钦州市', 108.66058, 21.986594, '45');
INSERT INTO `city` VALUES ('4508', '贵港市', 109.60552, 23.117448, '45');
INSERT INTO `city` VALUES ('4509', '玉林市', 110.188453, 22.659831, '45');
INSERT INTO `city` VALUES ('4510', '百色市', 116.413384, 39.910925, '45');
INSERT INTO `city` VALUES ('4511', '贺州市', 111.573526, 24.409451, '45');
INSERT INTO `city` VALUES ('4512', '河池市', 116.413384, 39.910925, '45');
INSERT INTO `city` VALUES ('4513', '来宾市', 109.227458, 23.756547, '45');
INSERT INTO `city` VALUES ('4514', '崇左市', 107.37152, 22.383117, '45');
INSERT INTO `city` VALUES ('4601', '海口市', 110.20672, 20.052113, '46');
INSERT INTO `city` VALUES ('4602', '三亚市', 116.413384, 39.910925, '46');
INSERT INTO `city` VALUES ('4603', '三沙市', 112.340482, 16.838953, '46');
INSERT INTO `city` VALUES ('5101', '成都市', 104.072747, 30.578994, '51');
INSERT INTO `city` VALUES ('5103', '自贡市', 104.784449, 29.345585, '51');
INSERT INTO `city` VALUES ('5104', '攀枝花市', 101.725541, 26.588033, '51');
INSERT INTO `city` VALUES ('5105', '泸州市', 105.448524, 28.877668, '51');
INSERT INTO `city` VALUES ('5106', '德阳市', 104.404419, 31.133115, '51');
INSERT INTO `city` VALUES ('5107', '绵阳市', 104.685562, 31.473663, '51');
INSERT INTO `city` VALUES ('5108', '广元市', 105.850423, 32.441616, '51');
INSERT INTO `city` VALUES ('5109', '遂宁市', 105.599422, 30.539098, '51');
INSERT INTO `city` VALUES ('5110', '内江市', 105.064588, 29.585887, '51');
INSERT INTO `city` VALUES ('5111', '乐山市', 103.772538, 29.557941, '51');
INSERT INTO `city` VALUES ('5113', '南充市', 106.117503, 30.843783, '51');
INSERT INTO `city` VALUES ('5114', '眉山市', 103.856563, 30.082526, '51');
INSERT INTO `city` VALUES ('5115', '宜宾市', 104.649404, 28.758007, '51');
INSERT INTO `city` VALUES ('5116', '广安市', 106.639553, 30.461746, '51');
INSERT INTO `city` VALUES ('5117', '达州市', 107.474594, 31.214308, '51');
INSERT INTO `city` VALUES ('5118', '雅安市', 103.049543, 30.016793, '51');
INSERT INTO `city` VALUES ('5119', '巴中市', 106.751585, 31.872889, '51');
INSERT INTO `city` VALUES ('5120', '资阳市', 104.634435, 30.134957, '51');
INSERT INTO `city` VALUES ('5132', '阿坝藏族羌族自治州', 102.231415, 31.905512, '51');
INSERT INTO `city` VALUES ('5133', '甘孜藏族自治州', 101.968547, 30.055279, '51');
INSERT INTO `city` VALUES ('5134', '凉山彝族自治州', 102.273503, 27.887752, '51');
INSERT INTO `city` VALUES ('5201', '贵阳市', 106.636577, 26.653325, '52');
INSERT INTO `city` VALUES ('5202', '六盘水市', 104.837555, 26.598833, '52');
INSERT INTO `city` VALUES ('5203', '遵义市', 107.037923, 27.728325, '52');
INSERT INTO `city` VALUES ('5204', '安顺市', 105.954417, 26.259252, '52');
INSERT INTO `city` VALUES ('5205', '毕节市', 105.298589, 27.290215, '52');
INSERT INTO `city` VALUES ('5206', '铜仁市', 109.196439, 27.737786, '52');
INSERT INTO `city` VALUES ('5223', '黔西南布依族苗族自治州', 104.912492, 25.093967, '52');
INSERT INTO `city` VALUES ('5226', '黔东南苗族侗族自治州', 107.989446, 26.589703, '52');
INSERT INTO `city` VALUES ('5227', '黔南布依族苗族自治州', 107.528403, 26.260616, '52');
INSERT INTO `city` VALUES ('5301', '昆明市', 102.839445, 24.886272, '53');
INSERT INTO `city` VALUES ('5303', '曲靖市', 103.802435, 25.496407, '53');
INSERT INTO `city` VALUES ('5304', '玉溪市', 102.55356, 24.357711, '53');
INSERT INTO `city` VALUES ('5305', '保山市', 99.168012, 25.117858, '53');
INSERT INTO `city` VALUES ('5306', '昭通市', 103.723512, 27.344084, '53');
INSERT INTO `city` VALUES ('5307', '丽江市', 100.232465, 26.860657, '53');
INSERT INTO `city` VALUES ('5308', '普洱市', 116.413384, 39.910925, '53');
INSERT INTO `city` VALUES ('5309', '临沧市', 100.09544, 23.890469, '53');
INSERT INTO `city` VALUES ('5323', '楚雄彝族自治州', 101.534412, 25.051774, '53');
INSERT INTO `city` VALUES ('5325', '红河哈尼族彝族自治州', 103.381549, 23.369996, '53');
INSERT INTO `city` VALUES ('5326', '文山壮族苗族自治州', 104.222569, 23.405994, '53');
INSERT INTO `city` VALUES ('5328', '西双版纳傣族自治州', 100.803447, 22.013601, '53');
INSERT INTO `city` VALUES ('5329', '大理白族自治州', 100.274583, 25.612128, '53');
INSERT INTO `city` VALUES ('5331', '德宏傣族景颇族自治州', 98.591359, 24.438011, '53');
INSERT INTO `city` VALUES ('5333', '怒江傈僳族自治州', 98.863288, 25.823707, '53');
INSERT INTO `city` VALUES ('5334', '迪庆藏族自治州', 99.70953, 27.825185, '53');
INSERT INTO `city` VALUES ('5401', '拉萨市', 91.178454, 29.659488, '54');
INSERT INTO `city` VALUES ('5402', '日喀则市', 88.893703, 29.275658, '54');
INSERT INTO `city` VALUES ('5403', '昌都市', 116.413384, 39.910925, '54');
INSERT INTO `city` VALUES ('5404', '林芝市', 116.413384, 39.910925, '54');
INSERT INTO `city` VALUES ('5405', '山南市', 116.413384, 39.910925, '54');
INSERT INTO `city` VALUES ('5406', '那曲市', 116.413384, 39.910925, '54');
INSERT INTO `city` VALUES ('5425', '阿里地区', 80.112777, 32.506866, '54');
INSERT INTO `city` VALUES ('6101', '西安市', 108.946466, 34.347269, '61');
INSERT INTO `city` VALUES ('6102', '铜川市', 108.952404, 34.902637, '61');
INSERT INTO `city` VALUES ('6103', '宝鸡市', 107.244575, 34.368916, '61');
INSERT INTO `city` VALUES ('6104', '咸阳市', 108.715422, 34.335476, '61');
INSERT INTO `city` VALUES ('6105', '渭南市', 109.51659, 34.505716, '61');
INSERT INTO `city` VALUES ('6106', '延安市', 116.413384, 39.910925, '61');
INSERT INTO `city` VALUES ('6107', '汉中市', 107.02943, 33.0738, '61');
INSERT INTO `city` VALUES ('6108', '榆林市', 116.413384, 39.910925, '61');
INSERT INTO `city` VALUES ('6109', '安康市', 109.035601, 32.690513, '61');
INSERT INTO `city` VALUES ('6110', '商洛市', 109.924418, 33.878634, '61');
INSERT INTO `city` VALUES ('6201', '兰州市', 103.840521, 36.067235, '62');
INSERT INTO `city` VALUES ('6202', '嘉峪关市', 98.296204, 39.77796, '62');
INSERT INTO `city` VALUES ('6203', '金昌市', 102.194606, 38.52582, '62');
INSERT INTO `city` VALUES ('6204', '白银市', 104.144451, 36.550825, '62');
INSERT INTO `city` VALUES ('6205', '天水市', 105.731417, 34.587412, '62');
INSERT INTO `city` VALUES ('6206', '武威市', 116.413384, 39.910925, '62');
INSERT INTO `city` VALUES ('6207', '张掖市', 116.413384, 39.910925, '62');
INSERT INTO `city` VALUES ('6208', '平凉市', 106.671442, 35.549232, '62');
INSERT INTO `city` VALUES ('6209', '酒泉市', 116.413384, 39.910925, '62');
INSERT INTO `city` VALUES ('6210', '庆阳市', 116.413384, 39.910925, '62');
INSERT INTO `city` VALUES ('6211', '定西市', 104.63242, 35.586833, '62');
INSERT INTO `city` VALUES ('6212', '陇南市', 116.413384, 39.910925, '62');
INSERT INTO `city` VALUES ('6229', '临夏回族自治州', 103.216391, 35.607562, '62');
INSERT INTO `city` VALUES ('6230', '甘南藏族自治州', 102.917585, 34.98914, '62');
INSERT INTO `city` VALUES ('6301', '西宁市', 101.78445, 36.623385, '63');
INSERT INTO `city` VALUES ('6302', '海东市', 102.415036, 36.48017, '63');
INSERT INTO `city` VALUES ('6322', '海北藏族自治州', 100.907434, 36.960663, '63');
INSERT INTO `city` VALUES ('6323', '黄南藏族自治州', 102.022428, 35.525805, '63');
INSERT INTO `city` VALUES ('6325', '海南藏族自治州', 100.626621, 36.292102, '63');
INSERT INTO `city` VALUES ('6326', '果洛藏族自治州', 100.251592, 34.477194, '63');
INSERT INTO `city` VALUES ('6327', '玉树藏族自治州', 97.013181, 33.01098, '63');
INSERT INTO `city` VALUES ('6328', '海西蒙古族藏族自治州', 97.376299, 37.38275, '63');
INSERT INTO `city` VALUES ('6401', '银川市', 106.238494, 38.49246, '64');
INSERT INTO `city` VALUES ('6402', '石嘴山市', 106.3906, 38.989683, '64');
INSERT INTO `city` VALUES ('6403', '吴忠市', 106.205371, 38.003713, '64');
INSERT INTO `city` VALUES ('6404', '固原市', 106.248577, 36.021617, '64');
INSERT INTO `city` VALUES ('6405', '中卫市', 105.203571, 37.505701, '64');
INSERT INTO `city` VALUES ('6501', '乌鲁木齐市', 87.62444, 43.830763, '65');
INSERT INTO `city` VALUES ('6502', '克拉玛依市', 84.895901, 45.585675, '65');
INSERT INTO `city` VALUES ('6504', '吐鲁番市', 89.197297, 42.956985, '65');
INSERT INTO `city` VALUES ('6505', '哈密市', 116.413384, 39.910925, '65');
INSERT INTO `city` VALUES ('6523', '昌吉回族自治州', 87.315002, 44.016854, '65');
INSERT INTO `city` VALUES ('6527', '博尔塔拉蒙古自治州', 82.072915, 44.912196, '65');
INSERT INTO `city` VALUES ('6528', '巴音郭楞蒙古自治州', 86.151714, 41.770287, '65');
INSERT INTO `city` VALUES ('6529', '阿克苏地区', 80.266943, 41.17503, '65');
INSERT INTO `city` VALUES ('6530', '克孜勒苏柯尔克孜自治州', 116.413384, 39.910925, '65');
INSERT INTO `city` VALUES ('6531', '喀什地区', 75.996391, 39.476097, '65');
INSERT INTO `city` VALUES ('6532', '和田地区', 79.928507, 37.120446, '65');
INSERT INTO `city` VALUES ('6540', '伊犁哈萨克自治州', 81.330538, 43.922723, '65');
INSERT INTO `city` VALUES ('6542', '塔城地区', 82.987236, 46.750948, '65');
INSERT INTO `city` VALUES ('6543', '阿勒泰地区', 88.147926, 47.850728, '65');

-- ----------------------------
-- Table structure for county
-- ----------------------------
DROP TABLE IF EXISTS `county`;
CREATE TABLE `county`  (
  `s_code` varchar(6) CHARACTER SET utf8 COLLATE utf8_general_ci NULL DEFAULT NULL,
  `s_name` varchar(25) CHARACTER SET utf8 COLLATE utf8_general_ci NULL DEFAULT NULL,
  `d_code` varchar(2) CHARACTER SET utf8 COLLATE utf8_general_ci NULL DEFAULT NULL,
  `c_code` varchar(4) CHARACTER SET utf8 COLLATE utf8_general_ci NULL DEFAULT NULL,
  `s_lng` double NULL DEFAULT NULL,
  `s_lat` double NULL DEFAULT NULL
) ENGINE = InnoDB CHARACTER SET = utf8 COLLATE = utf8_general_ci ROW_FORMAT = Dynamic;

-- ----------------------------
-- Records of county
-- ----------------------------
INSERT INTO `county` VALUES ('110101', '东城区', '11', '1101', 116.422401, 39.934827);
INSERT INTO `county` VALUES ('110102', '西城区', '11', '1101', 116.372514, 39.918124);
INSERT INTO `county` VALUES ('110105', '朝阳区', '11', '1101', 116.449559, 39.926375);
INSERT INTO `county` VALUES ('110106', '丰台区', '11', '1101', 116.292402, 39.864937);
INSERT INTO `county` VALUES ('110107', '石景山区', '11', '1101', 116.229613, 39.911354);
INSERT INTO `county` VALUES ('110108', '海淀区', '11', '1101', 116.305434, 39.96549);
INSERT INTO `county` VALUES ('110109', '门头沟区', '11', '1101', 116.107604, 39.946147);
INSERT INTO `county` VALUES ('110111', '房山区', '11', '1101', 116.149444, 39.754326);
INSERT INTO `county` VALUES ('110112', '通州区', '11', '1101', 116.663415, 39.916017);
INSERT INTO `county` VALUES ('110113', '顺义区', '11', '1101', 116.661424, 40.136351);
INSERT INTO `county` VALUES ('110114', '昌平区', '11', '1101', 116.237618, 40.226413);
INSERT INTO `county` VALUES ('110115', '大兴区', '11', '1101', 116.348625, 39.732555);
INSERT INTO `county` VALUES ('110116', '怀柔区', '11', '1101', 116.638386, 40.322618);
INSERT INTO `county` VALUES ('110117', '平谷区', '11', '1101', 117.127379, 40.146951);
INSERT INTO `county` VALUES ('110118', '密云区', '11', '1101', 116.849547, 40.382176);
INSERT INTO `county` VALUES ('110119', '延庆区', '11', '1101', 115.981632, 40.462169);
INSERT INTO `county` VALUES ('120101', '和平区', '12', '1201', 117.221467, 39.12339);
INSERT INTO `county` VALUES ('120102', '河东区', '12', '1201', 117.258413, 39.134487);
INSERT INTO `county` VALUES ('120103', '河西区', '12', '1201', 117.229416, 39.115718);
INSERT INTO `county` VALUES ('120104', '南开区', '12', '1201', 117.156515, 39.144105);
INSERT INTO `county` VALUES ('120105', '河北区', '12', '1201', 117.203593, 39.153485);
INSERT INTO `county` VALUES ('120106', '红桥区', '12', '1201', 117.157518, 39.173286);
INSERT INTO `county` VALUES ('120110', '东丽区', '12', '1201', 117.320569, 39.092332);
INSERT INTO `county` VALUES ('120111', '西青区', '12', '1201', 117.01441, 39.148727);
INSERT INTO `county` VALUES ('120112', '津南区', '12', '1201', 117.363387, 38.944149);
INSERT INTO `county` VALUES ('120113', '北辰区', '12', '1201', 117.141403, 39.230344);
INSERT INTO `county` VALUES ('120114', '武清区', '12', '1201', 117.050597, 39.389871);
INSERT INTO `county` VALUES ('120115', '宝坻区', '12', '1201', 117.316601, 39.723194);
INSERT INTO `county` VALUES ('120116', '滨海新区', '12', '1201', 117.717399, 39.009416);
INSERT INTO `county` VALUES ('120117', '宁河区', '12', '1201', 117.832393, 39.336956);
INSERT INTO `county` VALUES ('120118', '静海区', '12', '1201', 116.980469, 38.953371);
INSERT INTO `county` VALUES ('120119', '蓟州区', '12', '1201', 117.414579, 40.051509);
INSERT INTO `county` VALUES ('130102', '长安区', '13', '1301', 114.545612, 38.043256);
INSERT INTO `county` VALUES ('130104', '桥西区', '13', '1301', 114.876516, 40.825606);
INSERT INTO `county` VALUES ('130105', '新华区', '13', '1301', 114.469438, 38.05712);
INSERT INTO `county` VALUES ('130107', '井陉矿区', '13', '1301', 114.068632, 38.070566);
INSERT INTO `county` VALUES ('130108', '裕华区', '13', '1301', 114.537583, 38.012088);
INSERT INTO `county` VALUES ('130109', '藁城区', '13', '1301', 114.853378, 38.027817);
INSERT INTO `county` VALUES ('130110', '鹿泉区', '13', '1301', 114.320598, 38.091749);
INSERT INTO `county` VALUES ('130111', '栾城区', '13', '1301', 114.654576, 37.905816);
INSERT INTO `county` VALUES ('130121', '井陉县', '13', '1301', 114.151463, 38.038386);
INSERT INTO `county` VALUES ('130123', '正定县', '13', '1301', 114.577481, 38.151714);
INSERT INTO `county` VALUES ('130125', '行唐县', '13', '1301', 114.559607, 38.444239);
INSERT INTO `county` VALUES ('130126', '灵寿县', '13', '1301', 114.389478, 38.314629);
INSERT INTO `county` VALUES ('130127', '高邑县', '13', '1301', 114.618413, 37.62188);
INSERT INTO `county` VALUES ('130128', '深泽县', '13', '1301', 115.207404, 38.190451);
INSERT INTO `county` VALUES ('130129', '赞皇县', '13', '1301', 114.392464, 37.671667);
INSERT INTO `county` VALUES ('130130', '无极县', '13', '1301', 114.982439, 38.185436);
INSERT INTO `county` VALUES ('130131', '平山县', '13', '1301', 123.774614, 41.301604);
INSERT INTO `county` VALUES ('130132', '元氏县', '13', '1301', 114.532566, 37.772339);
INSERT INTO `county` VALUES ('130133', '赵县', '13', '1301', 114.782597, 37.761859);
INSERT INTO `county` VALUES ('130171', '石家庄高新技术产业开发区', '13', '1301', 116.480878, 40.017587);
INSERT INTO `county` VALUES ('130172', '石家庄循环化工园区', '13', '1301', 116.413384, 39.910925);
INSERT INTO `county` VALUES ('130181', '辛集市', '13', '1301', 115.224451, 37.949309);
INSERT INTO `county` VALUES ('130183', '晋州市', '13', '1301', 115.050529, 38.039491);
INSERT INTO `county` VALUES ('130184', '新乐市', '13', '1301', 114.690532, 38.349293);
INSERT INTO `county` VALUES ('130202', '路南区', '13', '1302', 118.160607, 39.631043);
INSERT INTO `county` VALUES ('130203', '路北区', '13', '1302', 118.206399, 39.630661);
INSERT INTO `county` VALUES ('130204', '古冶区', '13', '1302', 118.453401, 39.739736);
INSERT INTO `county` VALUES ('130205', '开平区', '13', '1302', 118.268608, 39.677144);
INSERT INTO `county` VALUES ('130207', '丰南区', '13', '1302', 118.090366, 39.58154);
INSERT INTO `county` VALUES ('130208', '丰润区', '13', '1302', 118.168541, 39.838353);
INSERT INTO `county` VALUES ('130209', '曹妃甸区', '13', '1302', 118.46646, 39.279284);
INSERT INTO `county` VALUES ('130224', '滦南县', '13', '1302', 118.680405, 89.902671);
INSERT INTO `county` VALUES ('130225', '乐亭县', '13', '1302', 118.919384, 39.431931);
INSERT INTO `county` VALUES ('130227', '迁西县', '13', '1302', 118.320384, 40.147837);
INSERT INTO `county` VALUES ('130229', '玉田县', '13', '1302', 117.745434, 39.906592);
INSERT INTO `county` VALUES ('130271', '河北唐山芦台经济开发区', '13', '1302', 118.186459, 39.636584);
INSERT INTO `county` VALUES ('130272', '唐山市汉沽管理区', '13', '1302', 117.887527, 39.36826);
INSERT INTO `county` VALUES ('130273', '唐山高新技术产业开发区', '13', '1302', 116.480878, 40.017587);
INSERT INTO `county` VALUES ('130274', '河北唐山海港经济开发区', '13', '1302', 118.186459, 39.636584);
INSERT INTO `county` VALUES ('130281', '遵化市', '13', '1302', 117.972375, 40.195533);
INSERT INTO `county` VALUES ('130283', '迁安市', '13', '1302', 118.706457, 40.004184);
INSERT INTO `county` VALUES ('130284', '滦州市', '13', '1302', 118.71048, 39.747116);
INSERT INTO `county` VALUES ('130302', '海港区', '13', '1303', 119.571197, 39.953305);
INSERT INTO `county` VALUES ('130303', '山海关区', '13', '1303', 119.782435, 39.984446);
INSERT INTO `county` VALUES ('130304', '北戴河区', '13', '1303', 119.491526, 39.841006);
INSERT INTO `county` VALUES ('130306', '抚宁区', '13', '1303', 119.251549, 39.881414);
INSERT INTO `county` VALUES ('130321', '青龙满族自治县', '13', '1303', 118.956481, 40.412794);
INSERT INTO `county` VALUES ('130322', '昌黎县', '13', '1303', 119.206094, 39.706762);
INSERT INTO `county` VALUES ('130324', '卢龙县', '13', '1303', 118.899489, 39.897958);
INSERT INTO `county` VALUES ('130371', '秦皇岛市经济技术开发区', '13', '1303', 119.525967, 39.894727);
INSERT INTO `county` VALUES ('130372', '北戴河新区', '13', '1303', 119.433596, 39.865513);
INSERT INTO `county` VALUES ('130402', '邯山区', '13', '1304', 114.537619, 36.60012);
INSERT INTO `county` VALUES ('130403', '丛台区', '13', '1304', 114.499433, 36.642673);
INSERT INTO `county` VALUES ('130404', '复兴区', '13', '1304', 114.468586, 36.645376);
INSERT INTO `county` VALUES ('130406', '峰峰矿区', '13', '1304', 114.219483, 36.425654);
INSERT INTO `county` VALUES ('130407', '肥乡区', '13', '1304', 114.806547, 36.553825);
INSERT INTO `county` VALUES ('130408', '永年区', '13', '1304', 114.550625, 36.747569);
INSERT INTO `county` VALUES ('130423', '临漳县', '13', '1304', 114.592178, 36.329381);
INSERT INTO `county` VALUES ('130424', '成安县', '13', '1304', 114.676577, 36.449796);
INSERT INTO `county` VALUES ('130425', '大名县', '13', '1304', 115.154613, 36.291288);
INSERT INTO `county` VALUES ('130426', '涉县', '13', '1304', 113.697584, 36.590692);
INSERT INTO `county` VALUES ('130427', '磁县', '13', '1304', 114.380432, 36.380359);
INSERT INTO `county` VALUES ('130430', '邱县', '13', '1304', 115.193395, 36.817362);
INSERT INTO `county` VALUES ('130431', '鸡泽县', '13', '1304', 114.896586, 36.916398);
INSERT INTO `county` VALUES ('130432', '广平县', '13', '1304', 114.954415, 36.48978);
INSERT INTO `county` VALUES ('130433', '馆陶县', '13', '1304', 115.288537, 36.553957);
INSERT INTO `county` VALUES ('130434', '魏县', '13', '1304', 114.94545, 36.366156);
INSERT INTO `county` VALUES ('130435', '曲周县', '13', '1304', 114.963404, 36.771545);
INSERT INTO `county` VALUES ('130471', '邯郸经济技术开发区', '13', '1304', 116.413384, 39.910925);
INSERT INTO `county` VALUES ('130473', '邯郸冀南新区', '13', '1304', 116.413384, 39.910925);
INSERT INTO `county` VALUES ('130481', '武安市', '13', '1304', 114.210516, 36.702488);
INSERT INTO `county` VALUES ('130502', '襄都区', '13', '1305', 114.513471, 37.07375);
INSERT INTO `county` VALUES ('130503', '信都区', '13', '1305', 114.474393, 37.066172);
INSERT INTO `county` VALUES ('130505', '任泽区', '13', '1305', 114.678606, 37.126727);
INSERT INTO `county` VALUES ('130506', '南和区', '13', '1305', 114.690548, 37.010998);
INSERT INTO `county` VALUES ('130522', '临城县', '13', '1305', 114.505443, 37.450789);
INSERT INTO `county` VALUES ('130523', '内丘县', '13', '1305', 114.518493, 37.292858);
INSERT INTO `county` VALUES ('130524', '柏乡县', '13', '1305', 114.699497, 37.488759);
INSERT INTO `county` VALUES ('130525', '隆尧县', '13', '1305', 114.776616, 37.355908);
INSERT INTO `county` VALUES ('130528', '宁晋县', '13', '1305', 114.945969, 37.630742);
INSERT INTO `county` VALUES ('130529', '巨鹿县', '13', '1305', 115.043587, 37.227088);
INSERT INTO `county` VALUES ('130530', '新河县', '13', '1305', 115.248547, 37.534591);
INSERT INTO `county` VALUES ('130531', '广宗县', '13', '1305', 115.149605, 37.080457);
INSERT INTO `county` VALUES ('130532', '平乡县', '13', '1305', 115.036582, 37.069096);
INSERT INTO `county` VALUES ('130533', '威县', '13', '1305', 115.273618, 36.981582);
INSERT INTO `county` VALUES ('130534', '清河县', '13', '1305', 115.674394, 37.046375);
INSERT INTO `county` VALUES ('130535', '临西县', '13', '1305', 115.507629, 36.87676);
INSERT INTO `county` VALUES ('130571', '河北邢台经济开发区', '13', '1305', 114.511462, 37.076686);
INSERT INTO `county` VALUES ('130581', '南宫市', '13', '1305', 115.414529, 37.364069);
INSERT INTO `county` VALUES ('130582', '沙河市', '13', '1305', 114.509474, 36.861127);
INSERT INTO `county` VALUES ('130602', '竞秀区', '13', '1306', 115.465434, 38.883788);
INSERT INTO `county` VALUES ('130606', '莲池区', '13', '1306', 115.535488, 38.860676);
INSERT INTO `county` VALUES ('130607', '满城区', '13', '1306', 115.328375, 38.955441);
INSERT INTO `county` VALUES ('130608', '清苑区', '13', '1306', 115.496606, 38.771002);
INSERT INTO `county` VALUES ('130609', '徐水区', '13', '1306', 115.66248, 39.024713);
INSERT INTO `county` VALUES ('130623', '涞水县', '13', '1306', 115.720543, 39.400334);
INSERT INTO `county` VALUES ('130624', '阜平县', '13', '1306', 114.201563, 38.855351);
INSERT INTO `county` VALUES ('130626', '定兴县', '13', '1306', 115.81441, 39.269424);
INSERT INTO `county` VALUES ('130627', '唐县', '13', '1306', 114.989447, 38.75402);
INSERT INTO `county` VALUES ('130628', '高阳县', '13', '1306', 115.785447, 38.706258);
INSERT INTO `county` VALUES ('130629', '容城县', '13', '1306', 115.868631, 39.048559);
INSERT INTO `county` VALUES ('130630', '涞源县', '13', '1306', 114.700476, 39.366272);
INSERT INTO `county` VALUES ('130631', '望都县', '13', '1306', 115.161588, 38.700158);
INSERT INTO `county` VALUES ('130632', '安新县', '13', '1306', 115.942426, 38.941734);
INSERT INTO `county` VALUES ('130633', '易县', '13', '1306', 115.503607, 39.355054);
INSERT INTO `county` VALUES ('130634', '曲阳县', '13', '1306', 114.751455, 38.628384);
INSERT INTO `county` VALUES ('130635', '蠡县', '13', '1306', 115.590445, 38.494201);
INSERT INTO `county` VALUES ('130636', '顺平县', '13', '1306', 115.141597, 38.843261);
INSERT INTO `county` VALUES ('130637', '博野县', '13', '1306', 115.470467, 38.463408);
INSERT INTO `county` VALUES ('130638', '雄县', '13', '1306', 116.114601, 39.00018);
INSERT INTO `county` VALUES ('130671', '保定高新技术产业开发区', '13', '1306', 116.480878, 40.017587);
INSERT INTO `county` VALUES ('130672', '保定白沟新城', '13', '1306', 116.068802, 39.151006);
INSERT INTO `county` VALUES ('130681', '涿州市', '13', '1306', 115.98162, 39.491066);
INSERT INTO `county` VALUES ('130682', '定州市', '13', '1306', 114.996496, 38.522199);
INSERT INTO `county` VALUES ('130683', '安国市', '13', '1306', 115.333408, 38.424828);
INSERT INTO `county` VALUES ('130684', '高碑店市', '13', '1306', 115.880569, 39.332335);
INSERT INTO `county` VALUES ('130702', '桥东区', '13', '1307', 114.900606, 40.794268);
INSERT INTO `county` VALUES ('130703', '桥西区', '13', '1307', 114.876516, 40.825606);
INSERT INTO `county` VALUES ('130705', '宣化区', '13', '1307', 115.105444, 40.614592);
INSERT INTO `county` VALUES ('130706', '下花园区', '13', '1307', 115.293517, 40.508145);
INSERT INTO `county` VALUES ('130708', '万全区', '13', '1307', 114.747426, 40.77315);
INSERT INTO `county` VALUES ('130709', '崇礼区', '13', '1307', 115.289549, 40.980478);
INSERT INTO `county` VALUES ('130722', '张北县', '13', '1307', 114.726375, 41.164944);
INSERT INTO `county` VALUES ('130723', '康保县', '13', '1307', 114.606356, 41.858637);
INSERT INTO `county` VALUES ('130724', '沽源县', '13', '1307', 115.695407, 41.676016);
INSERT INTO `county` VALUES ('130725', '尚义县', '13', '1307', 113.975809, 41.082216);
INSERT INTO `county` VALUES ('130726', '蔚县', '13', '1307', 114.595401, 39.847089);
INSERT INTO `county` VALUES ('130727', '阳原县', '13', '1307', 114.157524, 40.109588);
INSERT INTO `county` VALUES ('130728', '怀安县', '13', '1307', 114.392469, 40.680369);
INSERT INTO `county` VALUES ('130730', '怀来县', '13', '1307', 115.524553, 40.42029);
INSERT INTO `county` VALUES ('130731', '涿鹿县', '13', '1307', 115.211383, 40.385834);
INSERT INTO `county` VALUES ('130732', '赤城县', '13', '1307', 115.838506, 40.918761);
INSERT INTO `county` VALUES ('130771', '张家口经济开发区', '13', '1307', 116.413384, 39.910925);
INSERT INTO `county` VALUES ('130772', '张家口市察北管理区', '13', '1307', 115.067229, 41.496573);
INSERT INTO `county` VALUES ('130773', '张家口市塞北管理区', '13', '1307', 115.85805, 41.881886);
INSERT INTO `county` VALUES ('130802', '双桥区', '13', '1308', 117.949428, 40.980824);
INSERT INTO `county` VALUES ('130803', '双滦区', '13', '1308', 117.806578, 40.964729);
INSERT INTO `county` VALUES ('130804', '鹰手营子矿区', '13', '1308', 117.665609, 40.552043);
INSERT INTO `county` VALUES ('130821', '承德县', '13', '1308', 118.180456, 40.774367);
INSERT INTO `county` VALUES ('130822', '兴隆县', '13', '1308', 117.507427, 40.423454);
INSERT INTO `county` VALUES ('130824', '滦平县', '13', '1308', 117.339498, 40.947561);
INSERT INTO `county` VALUES ('130825', '隆化县', '13', '1308', 117.745451, 41.319899);
INSERT INTO `county` VALUES ('130826', '丰宁满族自治县', '13', '1308', 116.652393, 41.215336);
INSERT INTO `county` VALUES ('130827', '宽城满族自治县', '13', '1308', 118.491594, 40.617152);
INSERT INTO `county` VALUES ('130828', '围场满族蒙古族自治县', '13', '1308', 117.770498, 41.92935);
INSERT INTO `county` VALUES ('130871', '承德高新技术产业开发区', '13', '1308', 116.480878, 40.017587);
INSERT INTO `county` VALUES ('130881', '平泉市', '13', '1308', 118.707427, 41.023756);
INSERT INTO `county` VALUES ('130902', '新华区', '13', '1309', 114.469438, 38.05712);
INSERT INTO `county` VALUES ('130903', '运河区', '13', '1309', 116.838612, 38.316523);
INSERT INTO `county` VALUES ('130921', '沧县', '13', '1309', 116.884398, 38.299453);
INSERT INTO `county` VALUES ('130922', '青县', '13', '1309', 116.810575, 38.588465);
INSERT INTO `county` VALUES ('130923', '东光县', '13', '1309', 116.54341, 37.894514);
INSERT INTO `county` VALUES ('130924', '海兴县', '13', '1309', 117.504418, 38.149403);
INSERT INTO `county` VALUES ('130925', '盐山县', '13', '1309', 117.237414, 38.064318);
INSERT INTO `county` VALUES ('130926', '肃宁县', '13', '1309', 115.836518, 38.428906);
INSERT INTO `county` VALUES ('130927', '南皮县', '13', '1309', 116.715601, 38.045188);
INSERT INTO `county` VALUES ('130928', '吴桥县', '13', '1309', 116.397392, 37.633909);
INSERT INTO `county` VALUES ('130929', '献县', '13', '1309', 116.12956, 38.195981);
INSERT INTO `county` VALUES ('130930', '孟村回族自治县', '13', '1309', 117.110436, 38.059839);
INSERT INTO `county` VALUES ('130971', '河北沧州经济开发区', '13', '1309', 116.845581, 38.310215);
INSERT INTO `county` VALUES ('130972', '沧州高新技术产业开发区', '13', '1309', 116.480878, 40.017587);
INSERT INTO `county` VALUES ('130973', '沧州渤海新区', '13', '1309', 117.762069, 38.282373);
INSERT INTO `county` VALUES ('130981', '泊头市', '13', '1309', 116.584628, 38.089257);
INSERT INTO `county` VALUES ('130982', '任丘市', '13', '1309', 116.091278, 38.692032);
INSERT INTO `county` VALUES ('130983', '黄骅市', '13', '1309', 117.336481, 38.377494);
INSERT INTO `county` VALUES ('130984', '河间市', '13', '1309', 116.105628, 38.451357);
INSERT INTO `county` VALUES ('131002', '安次区', '13', '1310', 116.709633, 39.52616);
INSERT INTO `county` VALUES ('131003', '广阳区', '13', '1310', 116.717614, 39.528611);
INSERT INTO `county` VALUES ('131022', '固安县', '13', '1310', 116.30542, 39.444485);
INSERT INTO `county` VALUES ('131023', '永清县', '13', '1310', 116.505429, 39.327853);
INSERT INTO `county` VALUES ('131024', '香河县', '13', '1310', 117.012402, 39.767939);
INSERT INTO `county` VALUES ('131025', '大城县', '13', '1310', 116.660409, 38.710859);
INSERT INTO `county` VALUES ('131026', '文安县', '13', '1310', 116.464609, 38.87895);
INSERT INTO `county` VALUES ('131028', '大厂回族自治县', '13', '1310', 116.996409, 39.892208);
INSERT INTO `county` VALUES ('131071', '廊坊经济技术开发区', '13', '1310', 116.413384, 39.910925);
INSERT INTO `county` VALUES ('131081', '霸州市', '13', '1310', 116.398397, 39.130921);
INSERT INTO `county` VALUES ('131082', '三河市', '13', '1310', 117.084588, 39.9881);
INSERT INTO `county` VALUES ('131102', '桃城区', '13', '1311', 115.681395, 37.741637);
INSERT INTO `county` VALUES ('131103', '冀州区', '13', '1311', 115.58543, 37.557086);
INSERT INTO `county` VALUES ('131121', '枣强县', '13', '1311', 115.730563, 37.519364);
INSERT INTO `county` VALUES ('131122', '武邑县', '13', '1311', 115.894514, 37.807764);
INSERT INTO `county` VALUES ('131123', '武强县', '13', '1311', 115.989614, 38.046857);
INSERT INTO `county` VALUES ('131124', '饶阳县', '13', '1311', 115.732572, 38.241038);
INSERT INTO `county` VALUES ('131125', '安平县', '13', '1311', 115.525549, 38.240507);
INSERT INTO `county` VALUES ('131126', '故城县', '13', '1311', 115.972602, 37.353348);
INSERT INTO `county` VALUES ('131127', '景县', '13', '1311', 116.277411, 37.698815);
INSERT INTO `county` VALUES ('131128', '阜城县', '13', '1311', 116.182422, 37.868732);
INSERT INTO `county` VALUES ('131171', '河北衡水高新技术产业开发区', '13', '1311', 115.597309, 38.251782);
INSERT INTO `county` VALUES ('131172', '衡水滨湖新区', '13', '1311', 116.413384, 39.910925);
INSERT INTO `county` VALUES ('131182', '深州市', '13', '1311', 115.566369, 38.006941);
INSERT INTO `county` VALUES ('140105', '小店区', '14', '1401', 112.572396, 37.742323);
INSERT INTO `county` VALUES ('140106', '迎泽区', '14', '1401', 112.569385, 37.869532);
INSERT INTO `county` VALUES ('140107', '杏花岭区', '14', '1401', 112.576383, 37.900186);
INSERT INTO `county` VALUES ('140108', '尖草坪区', '14', '1401', 112.493605, 37.945943);
INSERT INTO `county` VALUES ('140109', '万柏林区', '14', '1401', 112.522577, 37.864974);
INSERT INTO `county` VALUES ('140110', '晋源区', '14', '1401', 112.484564, 37.721169);
INSERT INTO `county` VALUES ('140121', '清徐县', '14', '1401', 112.364558, 37.613067);
INSERT INTO `county` VALUES ('140122', '阳曲县', '14', '1401', 112.679409, 38.064621);
INSERT INTO `county` VALUES ('140123', '娄烦县', '14', '1401', 111.803591, 38.073195);
INSERT INTO `county` VALUES ('140171', '山西转型综合改革示范区', '14', '1401', 117.377787, 40.639498);
INSERT INTO `county` VALUES ('140181', '古交市', '14', '1401', 112.182453, 37.913);
INSERT INTO `county` VALUES ('140212', '新荣区', '14', '1402', 113.146444, 40.261971);
INSERT INTO `county` VALUES ('140213', '平城区', '14', '1402', 113.304425, 40.081998);
INSERT INTO `county` VALUES ('140214', '云冈区', '14', '1402', 113.162402, 39.996839);
INSERT INTO `county` VALUES ('140215', '云州区', '14', '1402', 113.618471, 40.04623);
INSERT INTO `county` VALUES ('140221', '阳高县', '14', '1402', 113.755414, 40.367392);
INSERT INTO `county` VALUES ('140222', '天镇县', '14', '1402', 114.097478, 40.426412);
INSERT INTO `county` VALUES ('140223', '广灵县', '14', '1402', 114.288586, 39.766004);
INSERT INTO `county` VALUES ('140224', '灵丘县', '14', '1402', 114.241368, 39.448825);
INSERT INTO `county` VALUES ('140225', '浑源县', '14', '1402', 113.69873, 39.711724);
INSERT INTO `county` VALUES ('140226', '左云县', '14', '1402', 112.709463, 40.019623);
INSERT INTO `county` VALUES ('140271', '山西大同经济开发区', '14', '1402', 124.819377, 46.045584);
INSERT INTO `county` VALUES ('140302', '城区', '14', '1403', 113.606568, 37.853433);
INSERT INTO `county` VALUES ('140303', '矿区', '14', '1403', 113.561521, 37.874409);
INSERT INTO `county` VALUES ('140311', '郊区', '14', '1403', 117.774469, 30.827434);
INSERT INTO `county` VALUES ('140321', '平定县', '14', '1403', 113.664421, 37.792796);
INSERT INTO `county` VALUES ('140322', '盂县', '14', '1403', 113.41842, 38.09198);
INSERT INTO `county` VALUES ('140403', '潞州区', '14', '1404', 113.129521, 36.209472);
INSERT INTO `county` VALUES ('140404', '上党区', '14', '1404', 113.057416, 36.059286);
INSERT INTO `county` VALUES ('140405', '屯留区', '14', '1404', 112.898475, 36.321631);
INSERT INTO `county` VALUES ('140406', '潞城区', '14', '1404', 113.235578, 36.339691);
INSERT INTO `county` VALUES ('140423', '襄垣县', '14', '1404', 113.057413, 36.541686);
INSERT INTO `county` VALUES ('140425', '平顺县', '14', '1404', 113.442517, 36.205989);
INSERT INTO `county` VALUES ('140426', '黎城县', '14', '1404', 113.393432, 36.50867);
INSERT INTO `county` VALUES ('140427', '壶关县', '14', '1404', 113.21358, 36.121335);
INSERT INTO `county` VALUES ('140428', '长子县', '14', '1404', 112.884566, 36.128002);
INSERT INTO `county` VALUES ('140429', '武乡县', '14', '1404', 112.870606, 36.843168);
INSERT INTO `county` VALUES ('140430', '沁县', '14', '1404', 112.705458, 36.76219);
INSERT INTO `county` VALUES ('140431', '沁源县', '14', '1404', 112.344452, 36.506103);
INSERT INTO `county` VALUES ('140471', '山西长治高新技术产业园区', '14', '1404', 116.480878, 40.017587);
INSERT INTO `county` VALUES ('140502', '城区', '14', '1405', 113.606568, 37.853433);
INSERT INTO `county` VALUES ('140521', '沁水县', '14', '1405', 112.193426, 35.696364);
INSERT INTO `county` VALUES ('140522', '阳城县', '14', '1405', 112.421454, 35.492181);
INSERT INTO `county` VALUES ('140524', '陵川县', '14', '1405', 113.287407, 35.781744);
INSERT INTO `county` VALUES ('140525', '泽州县', '14', '1405', 112.794401, 35.59977);
INSERT INTO `county` VALUES ('140581', '高平市', '14', '1405', 112.930412, 35.804337);
INSERT INTO `county` VALUES ('140602', '朔城区', '14', '1406', 112.438376, 39.325303);
INSERT INTO `county` VALUES ('140603', '平鲁区', '14', '1406', 112.295525, 39.517389);
INSERT INTO `county` VALUES ('140621', '山阴县', '14', '1406', 112.822432, 39.53403);
INSERT INTO `county` VALUES ('140622', '应县', '14', '1406', 113.197494, 39.560078);
INSERT INTO `county` VALUES ('140623', '右玉县', '14', '1406', 112.4735, 39.99486);
INSERT INTO `county` VALUES ('140671', '山西朔州经济开发区', '14', '1406', 112.439371, 39.337108);
INSERT INTO `county` VALUES ('140681', '怀仁市', '14', '1406', 113.106608, 39.833757);
INSERT INTO `county` VALUES ('140702', '榆次区', '14', '1407', 112.714504, 37.70394);
INSERT INTO `county` VALUES ('140703', '太谷区', '14', '1407', 112.557384, 37.427396);
INSERT INTO `county` VALUES ('140721', '榆社县', '14', '1407', 112.981599, 37.07637);
INSERT INTO `county` VALUES ('140722', '左权县', '14', '1407', 113.385452, 37.088555);
INSERT INTO `county` VALUES ('140723', '和顺县', '14', '1407', 113.576606, 37.334808);
INSERT INTO `county` VALUES ('140724', '昔阳县', '14', '1407', 113.713613, 37.617884);
INSERT INTO `county` VALUES ('140725', '寿阳县', '14', '1407', 113.18341, 37.901308);
INSERT INTO `county` VALUES ('140727', '祁县', '14', '1407', 112.342442, 37.364131);
INSERT INTO `county` VALUES ('140728', '平遥县', '14', '1407', 112.182456, 37.195601);
INSERT INTO `county` VALUES ('140729', '灵石县', '14', '1407', 111.785618, 36.853368);
INSERT INTO `county` VALUES ('140781', '介休市', '14', '1407', 111.923563, 37.032686);
INSERT INTO `county` VALUES ('140802', '盐湖区', '14', '1408', 111.004377, 35.021425);
INSERT INTO `county` VALUES ('140821', '临猗县', '14', '1408', 110.780407, 35.149542);
INSERT INTO `county` VALUES ('140822', '万荣县', '14', '1408', 110.844576, 35.421109);
INSERT INTO `county` VALUES ('140823', '闻喜县', '14', '1408', 111.23141, 35.362931);
INSERT INTO `county` VALUES ('140824', '稷山县', '14', '1408', 110.989415, 35.610404);
INSERT INTO `county` VALUES ('140825', '新绛县', '14', '1408', 111.231406, 35.62263);
INSERT INTO `county` VALUES ('140826', '绛县', '14', '1408', 111.575487, 35.497276);
INSERT INTO `county` VALUES ('140827', '垣曲县', '14', '1408', 111.676607, 35.303015);
INSERT INTO `county` VALUES ('140828', '夏县', '14', '1408', 111.226431, 35.147462);
INSERT INTO `county` VALUES ('140829', '平陆县', '14', '1408', 111.22348, 34.842925);
INSERT INTO `county` VALUES ('140830', '芮城县', '14', '1408', 110.700612, 34.699388);
INSERT INTO `county` VALUES ('140881', '永济市', '14', '1408', 110.454578, 34.87283);
INSERT INTO `county` VALUES ('140882', '河津市', '14', '1408', 110.718572, 35.601927);
INSERT INTO `county` VALUES ('140902', '忻府区', '14', '1409', 112.752614, 38.40988);
INSERT INTO `county` VALUES ('140921', '定襄县', '14', '1409', 112.963529, 38.479974);
INSERT INTO `county` VALUES ('140922', '五台县', '14', '1409', 113.261451, 38.734182);
INSERT INTO `county` VALUES ('140923', '代县', '14', '1409', 112.966552, 39.072728);
INSERT INTO `county` VALUES ('140924', '繁峙县', '14', '1409', 113.271408, 39.195237);
INSERT INTO `county` VALUES ('140925', '宁武县', '14', '1409', 112.326398, 39.024342);
INSERT INTO `county` VALUES ('140926', '静乐县', '14', '1409', 111.945432, 38.365147);
INSERT INTO `county` VALUES ('140927', '神池县', '14', '1409', 112.217383, 39.096876);
INSERT INTO `county` VALUES ('140928', '五寨县', '14', '1409', 111.85341, 38.91702);
INSERT INTO `county` VALUES ('140929', '岢岚县', '14', '1409', 111.579478, 38.710151);
INSERT INTO `county` VALUES ('140930', '河曲县', '14', '1409', 111.144449, 39.390702);
INSERT INTO `county` VALUES ('140931', '保德县', '14', '1409', 111.092542, 39.028337);
INSERT INTO `county` VALUES ('140932', '偏关县', '14', '1409', 111.514474, 39.44223);
INSERT INTO `county` VALUES ('140971', '五台山风景名胜区', '14', '1409', 115.781963, 40.469104);
INSERT INTO `county` VALUES ('140981', '原平市', '14', '1409', 112.717487, 38.736476);
INSERT INTO `county` VALUES ('141002', '尧都区', '14', '1410', 111.58643, 36.084562);
INSERT INTO `county` VALUES ('141021', '曲沃县', '14', '1410', 111.482396, 35.647327);
INSERT INTO `county` VALUES ('141022', '翼城县', '14', '1410', 111.725376, 35.744429);
INSERT INTO `county` VALUES ('141023', '襄汾县', '14', '1410', 111.44854, 35.882063);
INSERT INTO `county` VALUES ('141024', '洪洞县', '14', '1410', 111.681589, 36.259467);
INSERT INTO `county` VALUES ('141025', '古县', '14', '1410', 111.926573, 36.272338);
INSERT INTO `county` VALUES ('141026', '安泽县', '14', '1410', 112.256613, 36.153514);
INSERT INTO `county` VALUES ('141027', '浮山县', '14', '1410', 111.855385, 35.974393);
INSERT INTO `county` VALUES ('141028', '吉县', '14', '1410', 110.688546, 36.103999);
INSERT INTO `county` VALUES ('141029', '乡宁县', '14', '1410', 110.853498, 35.976442);
INSERT INTO `county` VALUES ('141030', '大宁县', '14', '1410', 110.759384, 36.471306);
INSERT INTO `county` VALUES ('141031', '隰县', '14', '1410', 110.947591, 36.699061);
INSERT INTO `county` VALUES ('141032', '永和县', '14', '1410', 110.638416, 36.765909);
INSERT INTO `county` VALUES ('141033', '蒲县', '14', '1410', 111.102474, 36.418005);
INSERT INTO `county` VALUES ('141034', '汾西县', '14', '1410', 111.569546, 36.658782);
INSERT INTO `county` VALUES ('141081', '侯马市', '14', '1410', 111.378397, 35.625365);
INSERT INTO `county` VALUES ('141082', '霍州市', '14', '1410', 111.761509, 36.574607);
INSERT INTO `county` VALUES ('141102', '离石区', '14', '1411', 111.157491, 37.523577);
INSERT INTO `county` VALUES ('141121', '文水县', '14', '1411', 112.035599, 37.4443);
INSERT INTO `county` VALUES ('141122', '交城县', '14', '1411', 112.162568, 37.557772);
INSERT INTO `county` VALUES ('141123', '兴县', '14', '1411', 111.134392, 38.468804);
INSERT INTO `county` VALUES ('141124', '临县', '14', '1411', 110.998415, 37.957211);
INSERT INTO `county` VALUES ('141125', '柳林县', '14', '1411', 110.89539, 37.435493);
INSERT INTO `county` VALUES ('141126', '石楼县', '14', '1411', 110.841596, 37.004471);
INSERT INTO `county` VALUES ('141127', '岚县', '14', '1411', 111.678592, 38.285029);
INSERT INTO `county` VALUES ('141128', '方山县', '14', '1411', 111.25037, 37.90102);
INSERT INTO `county` VALUES ('141129', '中阳县', '14', '1411', 111.18563, 37.362873);
INSERT INTO `county` VALUES ('141130', '交口县', '14', '1411', 111.187628, 36.987873);
INSERT INTO `county` VALUES ('141181', '孝义市', '14', '1411', 111.785606, 37.151063);
INSERT INTO `county` VALUES ('141182', '汾阳市', '14', '1411', 111.794597, 37.271292);
INSERT INTO `county` VALUES ('150102', '新城区', '15', '1501', 108.967391, 34.272724);
INSERT INTO `county` VALUES ('150103', '回民区', '15', '1501', 111.63047, 40.814506);
INSERT INTO `county` VALUES ('150104', '玉泉区', '15', '1501', 111.681575, 40.758059);
INSERT INTO `county` VALUES ('150105', '赛罕区', '15', '1501', 111.708421, 40.798394);
INSERT INTO `county` VALUES ('150121', '土默特左旗', '15', '1501', 111.169587, 40.735294);
INSERT INTO `county` VALUES ('150122', '托克托县', '15', '1501', 111.200575, 40.283147);
INSERT INTO `county` VALUES ('150123', '和林格尔县', '15', '1501', 111.82843, 40.384798);
INSERT INTO `county` VALUES ('150124', '清水河县', '15', '1501', 111.653576, 39.926334);
INSERT INTO `county` VALUES ('150125', '武川县', '15', '1501', 111.457497, 41.102419);
INSERT INTO `county` VALUES ('150172', '呼和浩特经济技术开发区', '15', '1501', 111.755509, 40.848423);
INSERT INTO `county` VALUES ('150202', '东河区', '15', '1502', 110.050395, 40.582228);
INSERT INTO `county` VALUES ('150203', '昆都仑区', '15', '1502', 109.845538, 40.647644);
INSERT INTO `county` VALUES ('150204', '青山区', '15', '1502', 114.391493, 30.646593);
INSERT INTO `county` VALUES ('150205', '石拐区', '15', '1502', 110.067677, 40.682999);
INSERT INTO `county` VALUES ('150206', '白云鄂博矿区', '15', '1502', 109.979626, 41.774995);
INSERT INTO `county` VALUES ('150207', '九原区', '15', '1502', 109.969588, 40.613397);
INSERT INTO `county` VALUES ('150221', '土默特右旗', '15', '1502', 110.530389, 40.575127);
INSERT INTO `county` VALUES ('150222', '固阳县', '15', '1502', 110.066433, 41.040163);
INSERT INTO `county` VALUES ('150223', '达尔罕茂明安联合旗', '15', '1502', 110.439521, 41.704549);
INSERT INTO `county` VALUES ('150271', '包头稀土高新技术产业开发区', '15', '1502', 109.845865, 40.636921);
INSERT INTO `county` VALUES ('150302', '海勃湾区', '15', '1503', 106.829439, 39.696908);
INSERT INTO `county` VALUES ('150303', '海南区', '15', '1503', 106.898471, 39.446828);
INSERT INTO `county` VALUES ('150304', '乌达区', '15', '1503', 106.732606, 39.511469);
INSERT INTO `county` VALUES ('150402', '红山区', '15', '1504', 118.963564, 42.270478);
INSERT INTO `county` VALUES ('150403', '元宝山区', '15', '1504', 119.295405, 42.045125);
INSERT INTO `county` VALUES ('150404', '松山区', '15', '1504', 118.922783, 42.305953);
INSERT INTO `county` VALUES ('150421', '阿鲁科尔沁旗', '15', '1504', 120.072614, 43.877953);
INSERT INTO `county` VALUES ('150422', '巴林左旗', '15', '1504', 119.386443, 43.976383);
INSERT INTO `county` VALUES ('150423', '巴林右旗', '15', '1504', 118.670394, 43.540132);
INSERT INTO `county` VALUES ('150424', '林西县', '15', '1504', 118.062461, 43.62421);
INSERT INTO `county` VALUES ('150425', '克什克腾旗', '15', '1504', 117.55162, 43.270758);
INSERT INTO `county` VALUES ('150426', '翁牛特旗', '15', '1504', 119.012509, 42.942019);
INSERT INTO `county` VALUES ('150428', '喀喇沁旗', '15', '1504', 118.710474, 41.932214);
INSERT INTO `county` VALUES ('150429', '宁城县', '15', '1504', 119.350609, 41.600245);
INSERT INTO `county` VALUES ('150430', '敖汉旗', '15', '1504', 119.927578, 42.296507);
INSERT INTO `county` VALUES ('150502', '科尔沁区', '15', '1505', 122.262457, 43.628712);
INSERT INTO `county` VALUES ('150521', '科尔沁左翼中旗', '15', '1505', 122.262457, 43.628712);
INSERT INTO `county` VALUES ('150522', '科尔沁左翼后旗', '15', '1505', 122.363563, 42.939562);
INSERT INTO `county` VALUES ('150523', '开鲁县', '15', '1505', 121.325386, 43.606369);
INSERT INTO `county` VALUES ('150524', '库伦旗', '15', '1505', 121.817406, 42.741211);
INSERT INTO `county` VALUES ('150525', '奈曼旗', '15', '1505', 120.664646, 42.871847);
INSERT INTO `county` VALUES ('150526', '扎鲁特旗', '15', '1505', 120.918626, 44.562213);
INSERT INTO `county` VALUES ('150571', '通辽经济技术开发区', '15', '1505', 116.413384, 39.910925);
INSERT INTO `county` VALUES ('150581', '霍林郭勒市', '15', '1505', 119.670466, 45.537513);
INSERT INTO `county` VALUES ('150602', '东胜区', '15', '1506', 109.96956, 39.827987);
INSERT INTO `county` VALUES ('150603', '康巴什区', '15', '1506', 109.869627, 39.616378);
INSERT INTO `county` VALUES ('150621', '达拉特旗', '15', '1506', 110.040366, 40.418907);
INSERT INTO `county` VALUES ('150622', '准格尔旗', '15', '1506', 111.246398, 39.87054);
INSERT INTO `county` VALUES ('150623', '鄂托克前旗', '15', '1506', 107.484585, 38.188217);
INSERT INTO `county` VALUES ('150624', '鄂托克旗', '15', '1506', 107.982445, 39.095293);
INSERT INTO `county` VALUES ('150625', '杭锦旗', '15', '1506', 108.742413, 39.838816);
INSERT INTO `county` VALUES ('150626', '乌审旗', '15', '1506', 108.824435, 38.610027);
INSERT INTO `county` VALUES ('150627', '伊金霍洛旗', '15', '1506', 109.75459, 39.570093);
INSERT INTO `county` VALUES ('150702', '海拉尔区', '15', '1507', 119.742465, 49.218216);
INSERT INTO `county` VALUES ('150703', '扎赉诺尔区', '15', '1507', 117.694532, 49.46777);
INSERT INTO `county` VALUES ('150721', '阿荣旗', '15', '1507', 123.46544, 48.131971);
INSERT INTO `county` VALUES ('150722', '莫力达瓦达斡尔族自治旗', '15', '1507', 124.525477, 48.483464);
INSERT INTO `county` VALUES ('150723', '鄂伦春自治旗', '15', '1507', 123.732345, 50.597948);
INSERT INTO `county` VALUES ('150724', '鄂温克族自治旗', '15', '1507', 119.761351, 49.153045);
INSERT INTO `county` VALUES ('150725', '陈巴尔虎旗', '15', '1507', 119.430462, 49.334914);
INSERT INTO `county` VALUES ('150726', '新巴尔虎左旗', '15', '1507', 118.276608, 48.223787);
INSERT INTO `county` VALUES ('150727', '新巴尔虎右旗', '15', '1507', 116.830632, 48.677054);
INSERT INTO `county` VALUES ('150781', '满洲里市', '15', '1507', 117.385436, 49.604099);
INSERT INTO `county` VALUES ('150782', '牙克石市', '15', '1507', 120.718347, 49.292024);
INSERT INTO `county` VALUES ('150783', '扎兰屯市', '15', '1507', 122.744454, 48.019956);
INSERT INTO `county` VALUES ('150784', '额尔古纳市', '15', '1507', 120.186634, 50.248132);
INSERT INTO `county` VALUES ('150785', '根河市', '15', '1507', 121.527585, 50.78614);
INSERT INTO `county` VALUES ('150802', '临河区', '15', '1508', 107.369534, 40.756681);
INSERT INTO `county` VALUES ('150821', '五原县', '15', '1508', 108.273491, 41.094455);
INSERT INTO `county` VALUES ('150822', '磴口县', '15', '1508', 107.014522, 40.33647);
INSERT INTO `county` VALUES ('150823', '乌拉特前旗', '15', '1508', 108.658615, 40.742104);
INSERT INTO `county` VALUES ('150824', '乌拉特中旗', '15', '1508', 108.519512, 41.593346);
INSERT INTO `county` VALUES ('150825', '乌拉特后旗', '15', '1508', 107.081546, 41.089422);
INSERT INTO `county` VALUES ('150826', '杭锦后旗', '15', '1508', 107.157372, 40.892179);
INSERT INTO `county` VALUES ('150902', '集宁区', '15', '1509', 113.120587, 41.041146);
INSERT INTO `county` VALUES ('150921', '卓资县', '15', '1509', 112.58441, 40.900292);
INSERT INTO `county` VALUES ('150922', '化德县', '15', '1509', 114.016409, 41.909603);
INSERT INTO `county` VALUES ('150923', '商都县', '15', '1509', 113.584639, 41.567567);
INSERT INTO `county` VALUES ('150924', '兴和县', '15', '1509', 113.840579, 40.879342);
INSERT INTO `county` VALUES ('150925', '凉城县', '15', '1509', 112.5106, 40.537163);
INSERT INTO `county` VALUES ('150926', '察哈尔右翼前旗', '15', '1509', 113.221605, 40.791267);
INSERT INTO `county` VALUES ('150927', '察哈尔右翼中旗', '15', '1509', 112.64258, 41.283273);
INSERT INTO `county` VALUES ('150928', '察哈尔右翼后旗', '15', '1509', 113.198531, 41.441771);
INSERT INTO `county` VALUES ('150929', '四子王旗', '15', '1509', 111.712419, 41.539353);
INSERT INTO `county` VALUES ('150981', '丰镇市', '15', '1509', 113.116601, 40.441805);
INSERT INTO `county` VALUES ('152201', '乌兰浩特市', '15', '1522', 122.099622, 46.078654);
INSERT INTO `county` VALUES ('152202', '阿尔山市', '15', '1522', 119.950653, 47.183054);
INSERT INTO `county` VALUES ('152221', '科尔沁右翼前旗', '15', '1522', 122.253953, 43.606716);
INSERT INTO `county` VALUES ('152222', '科尔沁右翼中旗', '15', '1522', 121.483548, 45.066471);
INSERT INTO `county` VALUES ('152223', '扎赉特旗', '15', '1522', 122.906444, 46.72919);
INSERT INTO `county` VALUES ('152224', '突泉县', '15', '1522', 121.600545, 45.38783);
INSERT INTO `county` VALUES ('152501', '二连浩特市', '15', '1525', 111.958363, 43.6488);
INSERT INTO `county` VALUES ('152502', '锡林浩特市', '15', '1525', 116.093614, 43.938334);
INSERT INTO `county` VALUES ('152522', '阿巴嘎旗', '15', '1525', 114.957367, 44.028102);
INSERT INTO `county` VALUES ('152523', '苏尼特左旗', '15', '1525', 113.67348, 43.865554);
INSERT INTO `county` VALUES ('152524', '苏尼特右旗', '15', '1525', 112.648569, 42.747369);
INSERT INTO `county` VALUES ('152525', '东乌珠穆沁旗', '15', '1525', 116.978504, 45.515743);
INSERT INTO `county` VALUES ('152526', '西乌珠穆沁旗', '15', '1525', 117.616377, 44.593803);
INSERT INTO `county` VALUES ('152527', '太仆寺旗', '15', '1525', 115.290535, 41.882292);
INSERT INTO `county` VALUES ('152528', '镶黄旗', '15', '1525', 113.854505, 42.237661);
INSERT INTO `county` VALUES ('152529', '正镶白旗', '15', '1525', 115.036622, 42.292605);
INSERT INTO `county` VALUES ('152530', '正蓝旗', '15', '1525', 115.998604, 42.247119);
INSERT INTO `county` VALUES ('152531', '多伦县', '15', '1525', 116.492509, 42.208921);
INSERT INTO `county` VALUES ('152571', '乌拉盖管委会', '15', '1525', 116.413384, 39.910925);
INSERT INTO `county` VALUES ('152921', '阿拉善左旗', '15', '1529', 105.672599, 38.839094);
INSERT INTO `county` VALUES ('152922', '阿拉善右旗', '15', '1529', 101.673464, 39.222241);
INSERT INTO `county` VALUES ('152923', '额济纳旗', '15', '1529', 101.062403, 41.960298);
INSERT INTO `county` VALUES ('152971', '内蒙古阿拉善高新技术产业开发区', '15', '1529', 116.480878, 40.017587);
INSERT INTO `county` VALUES ('210102', '和平区', '21', '2101', 117.221467, 39.12339);
INSERT INTO `county` VALUES ('210103', '沈河区', '21', '2101', 123.465461, 41.802274);
INSERT INTO `county` VALUES ('210104', '大东区', '21', '2101', 123.476405, 41.811425);
INSERT INTO `county` VALUES ('210105', '皇姑区', '21', '2101', 123.431621, 41.826042);
INSERT INTO `county` VALUES ('210106', '铁西区', '21', '2101', 122.97549, 41.125475);
INSERT INTO `county` VALUES ('210111', '苏家屯区', '21', '2101', 123.350435, 41.671254);
INSERT INTO `county` VALUES ('210112', '浑南区', '21', '2101', 123.45599, 41.720916);
INSERT INTO `county` VALUES ('210113', '沈北新区', '21', '2101', 123.590775, 41.919864);
INSERT INTO `county` VALUES ('210114', '于洪区', '21', '2101', 123.314633, 41.799668);
INSERT INTO `county` VALUES ('210115', '辽中区', '21', '2101', 122.772378, 41.523149);
INSERT INTO `county` VALUES ('210123', '康平县', '21', '2101', 123.337511, 42.749925);
INSERT INTO `county` VALUES ('210124', '法库县', '21', '2101', 123.414621, 42.509607);
INSERT INTO `county` VALUES ('210181', '新民市', '21', '2101', 122.842529, 41.991513);
INSERT INTO `county` VALUES ('210202', '中山区', '21', '2102', 121.651547, 38.924511);
INSERT INTO `county` VALUES ('210203', '西岗区', '21', '2102', 121.618625, 38.920473);
INSERT INTO `county` VALUES ('210204', '沙河口区', '21', '2102', 121.594507, 38.913544);
INSERT INTO `county` VALUES ('210211', '甘井子区', '21', '2102', 121.531519, 38.958002);
INSERT INTO `county` VALUES ('210212', '旅顺口区', '21', '2102', 121.268597, 38.856832);
INSERT INTO `county` VALUES ('210213', '金州区', '21', '2102', 121.789436, 39.056433);
INSERT INTO `county` VALUES ('210214', '普兰店区', '21', '2102', 121.94646, 39.398089);
INSERT INTO `county` VALUES ('210224', '长海县', '21', '2102', 122.594627, 39.27827);
INSERT INTO `county` VALUES ('210281', '瓦房店市', '21', '2102', 121.985638, 39.632741);
INSERT INTO `county` VALUES ('210283', '庄河市', '21', '2102', 122.974495, 39.686956);
INSERT INTO `county` VALUES ('210302', '铁东区', '21', '2103', 122.9974, 41.096332);
INSERT INTO `county` VALUES ('210303', '铁西区', '21', '2103', 122.97549, 41.125475);
INSERT INTO `county` VALUES ('210304', '立山区', '21', '2103', 123.035484, 41.156116);
INSERT INTO `county` VALUES ('210311', '千山区', '21', '2103', 122.967574, 41.080939);
INSERT INTO `county` VALUES ('210321', '台安县', '21', '2103', 122.44255, 41.41859);
INSERT INTO `county` VALUES ('210323', '岫岩满族自治县', '21', '2103', 123.287547, 40.295892);
INSERT INTO `county` VALUES ('210381', '海城市', '21', '2103', 109.124521, 21.481066);
INSERT INTO `county` VALUES ('210402', '新抚区', '21', '2104', 123.919582, 41.867806);
INSERT INTO `county` VALUES ('210403', '东洲区', '21', '2104', 124.04555, 41.859191);
INSERT INTO `county` VALUES ('210404', '望花区', '21', '2104', 123.790604, 41.85903);
INSERT INTO `county` VALUES ('210411', '顺城区', '21', '2104', 123.951414, 41.889164);
INSERT INTO `county` VALUES ('210421', '抚顺县', '21', '2104', 123.92159, 41.887037);
INSERT INTO `county` VALUES ('210422', '新宾满族自治县', '21', '2104', 125.046356, 41.739969);
INSERT INTO `county` VALUES ('210423', '清原满族自治县', '21', '2104', 124.93036, 42.106761);
INSERT INTO `county` VALUES ('210502', '平山区', '21', '2105', 123.774614, 41.301604);
INSERT INTO `county` VALUES ('210503', '溪湖区', '21', '2105', 123.774611, 41.334803);
INSERT INTO `county` VALUES ('210504', '明山区', '21', '2105', 123.823474, 41.314939);
INSERT INTO `county` VALUES ('210505', '南芬区', '21', '2105', 123.751467, 41.107096);
INSERT INTO `county` VALUES ('210521', '本溪满族自治县', '21', '2105', 124.127585, 41.307903);
INSERT INTO `county` VALUES ('210522', '桓仁满族自治县', '21', '2105', 125.367544, 41.272925);
INSERT INTO `county` VALUES ('210602', '元宝区', '21', '2106', 124.402584, 40.142251);
INSERT INTO `county` VALUES ('210603', '振兴区', '21', '2106', 124.366579, 40.110719);
INSERT INTO `county` VALUES ('210604', '振安区', '21', '2106', 124.434387, 40.164697);
INSERT INTO `county` VALUES ('210624', '宽甸满族自治县', '21', '2106', 124.790427, 40.737553);
INSERT INTO `county` VALUES ('210681', '东港市', '21', '2106', 119.468624, 35.431049);
INSERT INTO `county` VALUES ('210682', '凤城市', '21', '2106', 124.072422, 40.45918);
INSERT INTO `county` VALUES ('210702', '古塔区', '21', '2107', 121.134585, 41.122901);
INSERT INTO `county` VALUES ('210703', '凌河区', '21', '2107', 121.15759, 41.120691);
INSERT INTO `county` VALUES ('210711', '太和区', '21', '2107', 121.110453, 41.115109);
INSERT INTO `county` VALUES ('210726', '黑山县', '21', '2107', 122.132926, 41.659497);
INSERT INTO `county` VALUES ('210727', '义县', '21', '2107', 121.245569, 41.538939);
INSERT INTO `county` VALUES ('210781', '凌海市', '21', '2107', 121.362539, 41.166488);
INSERT INTO `county` VALUES ('210782', '北镇市', '21', '2107', 121.783447, 41.594428);
INSERT INTO `county` VALUES ('210802', '站前区', '21', '2108', 122.265437, 40.678764);
INSERT INTO `county` VALUES ('210803', '西市区', '21', '2108', 122.213582, 40.672111);
INSERT INTO `county` VALUES ('210804', '鲅鱼圈区', '21', '2108', 122.127573, 40.23234);
INSERT INTO `county` VALUES ('210811', '老边区', '21', '2108', 122.386439, 40.686384);
INSERT INTO `county` VALUES ('210881', '盖州市', '21', '2108', 122.355591, 40.406167);
INSERT INTO `county` VALUES ('210882', '大石桥市', '21', '2108', 116.413384, 39.910925);
INSERT INTO `county` VALUES ('210902', '海州区', '21', '2109', 121.669436, 42.023735);
INSERT INTO `county` VALUES ('210903', '新邱区', '21', '2109', 121.799363, 42.093935);
INSERT INTO `county` VALUES ('210904', '太平区', '21', '2109', 121.685384, 42.016968);
INSERT INTO `county` VALUES ('210905', '清河门区', '21', '2109', 121.422479, 41.789319);
INSERT INTO `county` VALUES ('210911', '细河区', '21', '2109', 121.686392, 42.031871);
INSERT INTO `county` VALUES ('210921', '阜新蒙古族自治县', '21', '2109', 121.763574, 42.071368);
INSERT INTO `county` VALUES ('210922', '彰武县', '21', '2109', 122.545449, 42.392707);
INSERT INTO `county` VALUES ('211002', '白塔区', '21', '2110', 123.181157, 41.276047);
INSERT INTO `county` VALUES ('211003', '文圣区', '21', '2110', 123.238004, 41.289999);
INSERT INTO `county` VALUES ('211004', '宏伟区', '21', '2110', 123.20358, 41.223368);
INSERT INTO `county` VALUES ('211005', '弓长岭区', '21', '2110', 123.426615, 41.157327);
INSERT INTO `county` VALUES ('211011', '太子河区', '21', '2110', 123.188457, 41.259254);
INSERT INTO `county` VALUES ('211021', '辽阳县', '21', '2110', 123.112421, 41.211679);
INSERT INTO `county` VALUES ('211081', '灯塔市', '21', '2110', 123.345462, 41.432474);
INSERT INTO `county` VALUES ('211102', '双台子区', '21', '2111', 122.046393, 41.206072);
INSERT INTO `county` VALUES ('211103', '兴隆台区', '21', '2111', 122.076499, 41.164499);
INSERT INTO `county` VALUES ('211104', '大洼区', '21', '2111', 122.088555, 41.008179);
INSERT INTO `county` VALUES ('211122', '盘山县', '21', '2111', 122.00356, 41.248264);
INSERT INTO `county` VALUES ('211202', '银州区', '21', '2112', 123.848386, 42.292574);
INSERT INTO `county` VALUES ('211204', '清河区', '21', '2112', 115.674394, 37.046375);
INSERT INTO `county` VALUES ('211221', '铁岭县', '21', '2112', 123.735372, 42.229226);
INSERT INTO `county` VALUES ('211223', '西丰县', '21', '2112', 124.733615, 42.744014);
INSERT INTO `county` VALUES ('211224', '昌图县', '21', '2112', 124.117501, 42.792178);
INSERT INTO `county` VALUES ('211281', '调兵山市', '21', '2112', 123.573509, 42.473738);
INSERT INTO `county` VALUES ('211282', '开原市', '21', '2112', 124.044569, 42.552079);
INSERT INTO `county` VALUES ('211302', '双塔区', '21', '2113', 120.460487, 41.57178);
INSERT INTO `county` VALUES ('211303', '龙城区', '21', '2113', 120.443567, 41.598469);
INSERT INTO `county` VALUES ('211321', '朝阳县', '21', '2113', 116.449559, 39.926375);
INSERT INTO `county` VALUES ('211322', '建平县', '21', '2113', 119.64938, 41.409456);
INSERT INTO `county` VALUES ('211324', '喀喇沁左翼蒙古族自治县', '21', '2113', 119.747414, 41.133689);
INSERT INTO `county` VALUES ('211381', '北票市', '21', '2113', 120.777628, 41.806483);
INSERT INTO `county` VALUES ('211382', '凌源市', '21', '2113', 119.407358, 41.251651);
INSERT INTO `county` VALUES ('211402', '连山区', '21', '2114', 120.876482, 40.780894);
INSERT INTO `county` VALUES ('211403', '龙港区', '21', '2114', 120.900621, 40.741057);
INSERT INTO `county` VALUES ('211404', '南票区', '21', '2114', 120.756493, 41.113098);
INSERT INTO `county` VALUES ('211421', '绥中县', '21', '2114', 120.350425, 40.331843);
INSERT INTO `county` VALUES ('211422', '建昌县', '21', '2114', 119.843595, 40.83038);
INSERT INTO `county` VALUES ('211481', '兴城市', '21', '2114', 120.764558, 40.616556);
INSERT INTO `county` VALUES ('220102', '南关区', '22', '2201', 125.35661, 43.869873);
INSERT INTO `county` VALUES ('220103', '宽城区', '22', '2201', 125.334625, 43.949502);
INSERT INTO `county` VALUES ('220104', '朝阳区', '22', '2201', 116.449559, 39.926375);
INSERT INTO `county` VALUES ('220105', '二道区', '22', '2201', 125.380468, 43.871277);
INSERT INTO `county` VALUES ('220106', '绿园区', '22', '2201', 125.262443, 43.88681);
INSERT INTO `county` VALUES ('220112', '双阳区', '22', '2201', 125.671448, 43.531091);
INSERT INTO `county` VALUES ('220113', '九台区', '22', '2201', 125.845564, 44.157792);
INSERT INTO `county` VALUES ('220122', '农安县', '22', '2201', 125.191484, 44.438904);
INSERT INTO `county` VALUES ('220171', '长春经济技术开发区', '22', '2201', 116.413384, 39.910925);
INSERT INTO `county` VALUES ('220172', '长春净月高新技术产业开发区', '22', '2201', 125.429614, 43.788859);
INSERT INTO `county` VALUES ('220173', '长春高新技术产业开发区', '22', '2201', 116.480878, 40.017587);
INSERT INTO `county` VALUES ('220174', '长春汽车经济技术开发区', '22', '2201', 116.413384, 39.910925);
INSERT INTO `county` VALUES ('220182', '榆树市', '22', '2201', 126.539609, 44.84544);
INSERT INTO `county` VALUES ('220183', '德惠市', '22', '2201', 125.734515, 44.527161);
INSERT INTO `county` VALUES ('220184', '公主岭市', '22', '2201', 124.829449, 43.510833);
INSERT INTO `county` VALUES ('220202', '昌邑区', '22', '2202', 126.581449, 43.887992);
INSERT INTO `county` VALUES ('220203', '龙潭区', '22', '2202', 126.568545, 43.916343);
INSERT INTO `county` VALUES ('220204', '船营区', '22', '2202', 126.54765, 43.839927);
INSERT INTO `county` VALUES ('220211', '丰满区', '22', '2202', 126.56857, 43.827152);
INSERT INTO `county` VALUES ('220221', '永吉县', '22', '2202', 126.504416, 43.678721);
INSERT INTO `county` VALUES ('220271', '吉林经济开发区', '22', '2202', 116.413384, 39.910925);
INSERT INTO `county` VALUES ('220272', '吉林高新技术产业开发区', '22', '2202', 116.480878, 40.017587);
INSERT INTO `county` VALUES ('220273', '吉林中国新加坡食品区', '22', '2202', 125.9982, 43.731832);
INSERT INTO `county` VALUES ('220281', '蛟河市', '22', '2202', 127.35148, 43.730004);
INSERT INTO `county` VALUES ('220282', '桦甸市', '22', '2202', 126.752484, 42.977983);
INSERT INTO `county` VALUES ('220283', '舒兰市', '22', '2202', 126.971377, 44.41227);
INSERT INTO `county` VALUES ('220284', '磐石市', '22', '2202', 126.066616, 42.951818);
INSERT INTO `county` VALUES ('220302', '铁西区', '22', '2203', 122.97549, 41.125475);
INSERT INTO `county` VALUES ('220303', '铁东区', '22', '2203', 122.9974, 41.096332);
INSERT INTO `county` VALUES ('220322', '梨树县', '22', '2203', 130.703396, 45.098242);
INSERT INTO `county` VALUES ('220323', '伊通满族自治县', '22', '2203', 125.311485, 43.351104);
INSERT INTO `county` VALUES ('220382', '双辽市', '22', '2203', 123.509438, 43.524527);
INSERT INTO `county` VALUES ('220402', '龙山区', '22', '2204', 125.143452, 42.907634);
INSERT INTO `county` VALUES ('220403', '西安区', '22', '2204', 125.155373, 42.933308);
INSERT INTO `county` VALUES ('220421', '东丰县', '22', '2204', 125.537378, 42.683311);
INSERT INTO `county` VALUES ('220422', '东辽县', '22', '2204', 124.997589, 42.931879);
INSERT INTO `county` VALUES ('220502', '东昌区', '22', '2205', 125.933595, 41.708405);
INSERT INTO `county` VALUES ('220503', '二道江区', '22', '2205', 116.413384, 39.910925);
INSERT INTO `county` VALUES ('220521', '通化县', '22', '2205', 125.765392, 41.685682);
INSERT INTO `county` VALUES ('220523', '辉南县', '22', '2205', 126.053581, 42.6907);
INSERT INTO `county` VALUES ('220524', '柳河县', '22', '2205', 125.751424, 42.290871);
INSERT INTO `county` VALUES ('220581', '梅河口市', '22', '2205', 125.717608, 42.544884);
INSERT INTO `county` VALUES ('220582', '集安市', '22', '2205', 126.199577, 41.1313);
INSERT INTO `county` VALUES ('220602', '浑江区', '22', '2206', 126.42362, 41.950424);
INSERT INTO `county` VALUES ('220605', '江源区', '22', '2206', 126.597391, 42.062939);
INSERT INTO `county` VALUES ('220621', '抚松县', '22', '2206', 127.455371, 42.227335);
INSERT INTO `county` VALUES ('220622', '靖宇县', '22', '2206', 126.819499, 42.394766);
INSERT INTO `county` VALUES ('220623', '长白朝鲜族自治县', '22', '2206', 128.207584, 41.425896);
INSERT INTO `county` VALUES ('220681', '临江市', '22', '2206', 126.924582, 41.817679);
INSERT INTO `county` VALUES ('220702', '宁江区', '22', '2207', 124.823423, 45.178039);
INSERT INTO `county` VALUES ('220721', '前郭尔罗斯蒙古族自治县', '22', '2207', 124.830456, 45.123416);
INSERT INTO `county` VALUES ('220722', '长岭县', '22', '2207', 123.974374, 44.281638);
INSERT INTO `county` VALUES ('220723', '乾安县', '22', '2207', 124.047564, 45.008434);
INSERT INTO `county` VALUES ('220771', '吉林松原经济开发区', '22', '2207', 124.831482, 45.147404);
INSERT INTO `county` VALUES ('220781', '扶余市', '22', '2207', 126.056606, 44.994168);
INSERT INTO `county` VALUES ('220802', '洮北区', '22', '2208', 122.85751, 45.627525);
INSERT INTO `county` VALUES ('220821', '镇赉县', '22', '2208', 123.206576, 45.853117);
INSERT INTO `county` VALUES ('220822', '通榆县', '22', '2208', 123.094521, 44.818964);
INSERT INTO `county` VALUES ('220871', '吉林白城经济开发区', '22', '2208', 116.413384, 39.910925);
INSERT INTO `county` VALUES ('220881', '洮南市', '22', '2208', 122.794468, 45.341132);
INSERT INTO `county` VALUES ('220882', '大安市', '22', '2208', 104.780416, 29.369929);
INSERT INTO `county` VALUES ('222401', '延吉市', '22', '2224', 129.52052, 42.912717);
INSERT INTO `county` VALUES ('222402', '图们市', '22', '2224', 129.850382, 42.974283);
INSERT INTO `county` VALUES ('222403', '敦化市', '22', '2224', 128.238612, 43.378291);
INSERT INTO `county` VALUES ('222404', '珲春市', '22', '2224', 130.372613, 42.868515);
INSERT INTO `county` VALUES ('222405', '龙井市', '22', '2224', 129.432635, 42.771535);
INSERT INTO `county` VALUES ('222406', '和龙市', '22', '2224', 129.017387, 42.552323);
INSERT INTO `county` VALUES ('222424', '汪清县', '22', '2224', 129.777609, 43.318451);
INSERT INTO `county` VALUES ('222426', '安图县', '22', '2224', 128.905448, 43.117917);
INSERT INTO `county` VALUES ('230102', '道里区', '23', '2301', 126.623432, 45.761844);
INSERT INTO `county` VALUES ('230103', '南岗区', '23', '2301', 126.675638, 45.765866);
INSERT INTO `county` VALUES ('230104', '道外区', '23', '2301', 126.655604, 45.797776);
INSERT INTO `county` VALUES ('230108', '平房区', '23', '2301', 126.643547, 45.603862);
INSERT INTO `county` VALUES ('230109', '松北区', '23', '2301', 126.516483, 45.808593);
INSERT INTO `county` VALUES ('230110', '香坊区', '23', '2301', 126.669624, 45.71362);
INSERT INTO `county` VALUES ('230111', '呼兰区', '23', '2301', 126.594399, 45.89521);
INSERT INTO `county` VALUES ('230112', '阿城区', '23', '2301', 126.964356, 45.554275);
INSERT INTO `county` VALUES ('230113', '双城区', '23', '2301', 126.319623, 45.388112);
INSERT INTO `county` VALUES ('230123', '依兰县', '23', '2301', 129.57452, 46.33126);
INSERT INTO `county` VALUES ('230124', '方正县', '23', '2301', 128.835634, 45.857758);
INSERT INTO `county` VALUES ('230125', '宾县', '23', '2301', 127.473497, 45.752465);
INSERT INTO `county` VALUES ('230126', '巴彦县', '23', '2301', 127.410548, 46.091283);
INSERT INTO `county` VALUES ('230127', '木兰县', '23', '2301', 128.050356, 45.956871);
INSERT INTO `county` VALUES ('230128', '通河县', '23', '2301', 128.752416, 45.996393);
INSERT INTO `county` VALUES ('230129', '延寿县', '23', '2301', 128.338606, 45.457641);
INSERT INTO `county` VALUES ('230183', '尚志市', '23', '2301', 128.015488, 45.215474);
INSERT INTO `county` VALUES ('230184', '五常市', '23', '2301', 127.173529, 44.937843);
INSERT INTO `county` VALUES ('230202', '龙沙区', '23', '2302', 123.964376, 47.323577);
INSERT INTO `county` VALUES ('230203', '建华区', '23', '2302', 123.96135, 47.360555);
INSERT INTO `county` VALUES ('230204', '铁锋区', '23', '2302', 123.984416, 47.347019);
INSERT INTO `county` VALUES ('230205', '昂昂溪区', '23', '2302', 123.829406, 47.161332);
INSERT INTO `county` VALUES ('230206', '富拉尔基区', '23', '2302', 123.63651, 47.215504);
INSERT INTO `county` VALUES ('230207', '碾子山区', '23', '2302', 122.894367, 47.523236);
INSERT INTO `county` VALUES ('230208', '梅里斯达斡尔族区', '23', '2302', 123.759541, 47.31555);
INSERT INTO `county` VALUES ('230221', '龙江县', '23', '2302', 123.211539, 47.343606);
INSERT INTO `county` VALUES ('230223', '依安县', '23', '2302', 125.312482, 47.899484);
INSERT INTO `county` VALUES ('230224', '泰来县', '23', '2302', 123.423626, 46.397829);
INSERT INTO `county` VALUES ('230225', '甘南县', '23', '2302', 123.512486, 47.926884);
INSERT INTO `county` VALUES ('230227', '富裕县', '23', '2302', 124.480542, 47.780228);
INSERT INTO `county` VALUES ('230229', '克山县', '23', '2302', 125.881378, 48.043172);
INSERT INTO `county` VALUES ('230230', '克东县', '23', '2302', 126.255387, 48.048244);
INSERT INTO `county` VALUES ('230231', '拜泉县', '23', '2302', 126.105421, 47.601867);
INSERT INTO `county` VALUES ('230281', '讷河市', '23', '2302', 124.889168, 48.472528);
INSERT INTO `county` VALUES ('230302', '鸡冠区', '23', '2303', 130.987632, 45.309806);
INSERT INTO `county` VALUES ('230303', '恒山区', '23', '2303', 130.911385, 45.216972);
INSERT INTO `county` VALUES ('230304', '滴道区', '23', '2303', 130.85058, 45.354434);
INSERT INTO `county` VALUES ('230305', '梨树区', '23', '2303', 130.703396, 45.098242);
INSERT INTO `county` VALUES ('230306', '城子河区', '23', '2303', 131.018469, 45.344435);
INSERT INTO `county` VALUES ('230307', '麻山区', '23', '2303', 130.484536, 45.217935);
INSERT INTO `county` VALUES ('230321', '鸡东县', '23', '2303', 131.130558, 45.266185);
INSERT INTO `county` VALUES ('230381', '虎林市', '23', '2303', 132.943466, 45.768947);
INSERT INTO `county` VALUES ('230382', '密山市', '23', '2303', 131.853531, 45.535641);
INSERT INTO `county` VALUES ('230402', '向阳区', '23', '2304', 130.300468, 47.348581);
INSERT INTO `county` VALUES ('230403', '工农区', '23', '2304', 130.281617, 47.32443);
INSERT INTO `county` VALUES ('230404', '南山区', '23', '2304', 130.29354, 47.321246);
INSERT INTO `county` VALUES ('230405', '兴安区', '23', '2304', 130.245546, 47.258716);
INSERT INTO `county` VALUES ('230406', '东山区', '23', '2304', 117.43656, 23.706895);
INSERT INTO `county` VALUES ('230407', '兴山区', '23', '2304', 130.309989, 47.364002);
INSERT INTO `county` VALUES ('230421', '萝北县', '23', '2304', 130.835495, 47.583422);
INSERT INTO `county` VALUES ('230422', '绥滨县', '23', '2304', 131.859487, 47.295265);
INSERT INTO `county` VALUES ('230502', '尖山区', '23', '2305', 131.165342, 46.652586);
INSERT INTO `county` VALUES ('230503', '岭东区', '23', '2305', 131.171547, 46.599014);
INSERT INTO `county` VALUES ('230505', '四方台区', '23', '2305', 131.345657, 46.602012);
INSERT INTO `county` VALUES ('230506', '宝山区', '23', '2305', 131.407375, 46.583598);
INSERT INTO `county` VALUES ('230521', '集贤县', '23', '2305', 131.147434, 46.734518);
INSERT INTO `county` VALUES ('230522', '友谊县', '23', '2305', 131.814595, 46.772973);
INSERT INTO `county` VALUES ('230523', '宝清县', '23', '2305', 132.203594, 46.332652);
INSERT INTO `county` VALUES ('230524', '饶河县', '23', '2305', 134.020469, 46.804183);
INSERT INTO `county` VALUES ('230602', '萨尔图区', '23', '2306', 125.13351, 46.638936);
INSERT INTO `county` VALUES ('230603', '龙凤区', '23', '2306', 125.140473, 46.567678);
INSERT INTO `county` VALUES ('230604', '让胡路区', '23', '2306', 124.877599, 46.658078);
INSERT INTO `county` VALUES ('230605', '红岗区', '23', '2306', 124.897477, 46.404313);
INSERT INTO `county` VALUES ('230606', '大同区', '23', '2306', 124.819377, 46.045584);
INSERT INTO `county` VALUES ('230621', '肇州县', '23', '2306', 125.275368, 45.705108);
INSERT INTO `county` VALUES ('230622', '肇源县', '23', '2306', 125.084573, 45.524153);
INSERT INTO `county` VALUES ('230623', '林甸县', '23', '2306', 124.86965, 47.177234);
INSERT INTO `county` VALUES ('230624', '杜尔伯特蒙古族自治县', '23', '2306', 124.449359, 46.868768);
INSERT INTO `county` VALUES ('230671', '大庆高新技术产业开发区', '23', '2306', 116.480878, 40.017587);
INSERT INTO `county` VALUES ('230717', '伊美区', '23', '2307', 128.913843, 47.734018);
INSERT INTO `county` VALUES ('230718', '乌翠区', '23', '2307', 128.676456, 47.732796);
INSERT INTO `county` VALUES ('230719', '友好区', '23', '2307', 128.843443, 47.846966);
INSERT INTO `county` VALUES ('230722', '嘉荫县', '23', '2307', 130.410555, 48.894983);
INSERT INTO `county` VALUES ('230723', '汤旺县', '23', '2307', 129.577448, 48.4587);
INSERT INTO `county` VALUES ('230724', '丰林县', '23', '2307', 129.540248, 48.296131);
INSERT INTO `county` VALUES ('230725', '大箐山县', '23', '2307', 129.027425, 47.034572);
INSERT INTO `county` VALUES ('230726', '南岔县', '23', '2307', 129.289572, 47.14375);
INSERT INTO `county` VALUES ('230751', '金林区', '23', '2307', 129.435613, 47.418714);
INSERT INTO `county` VALUES ('230781', '铁力市', '23', '2307', 128.038365, 46.992949);
INSERT INTO `county` VALUES ('230803', '向阳区', '23', '2308', 130.300468, 47.348581);
INSERT INTO `county` VALUES ('230804', '前进区', '23', '2308', 130.381648, 46.819627);
INSERT INTO `county` VALUES ('230805', '东风区', '23', '2308', 130.410561, 46.828385);
INSERT INTO `county` VALUES ('230811', '郊区', '23', '2308', 117.774469, 30.827434);
INSERT INTO `county` VALUES ('230822', '桦南县', '23', '2308', 130.560385, 46.245077);
INSERT INTO `county` VALUES ('230826', '桦川县', '23', '2308', 130.725549, 47.028817);
INSERT INTO `county` VALUES ('230828', '汤原县', '23', '2308', 129.911645, 46.735327);
INSERT INTO `county` VALUES ('230881', '同江市', '23', '2308', 132.517509, 47.647981);
INSERT INTO `county` VALUES ('230882', '富锦市', '23', '2308', 132.044539, 47.255933);
INSERT INTO `county` VALUES ('230883', '抚远市', '23', '2308', 134.31449, 48.370945);
INSERT INTO `county` VALUES ('230902', '新兴区', '23', '2309', 130.938371, 45.82231);
INSERT INTO `county` VALUES ('230903', '桃山区', '23', '2309', 131.026444, 45.7718);
INSERT INTO `county` VALUES ('230904', '茄子河区', '23', '2309', 131.074481, 45.791238);
INSERT INTO `county` VALUES ('230921', '勃利县', '23', '2309', 130.598533, 45.760964);
INSERT INTO `county` VALUES ('231002', '东安区', '23', '2310', 129.633478, 44.58746);
INSERT INTO `county` VALUES ('231003', '阳明区', '23', '2310', 129.642527, 44.601775);
INSERT INTO `county` VALUES ('231004', '爱民区', '23', '2310', 129.598364, 44.60235);
INSERT INTO `county` VALUES ('231005', '西安区', '23', '2310', 125.155373, 42.933308);
INSERT INTO `county` VALUES ('231025', '林口县', '23', '2310', 130.288748, 45.28546);
INSERT INTO `county` VALUES ('231071', '牡丹江经济技术开发区', '23', '2310', 116.413384, 39.910925);
INSERT INTO `county` VALUES ('231081', '绥芬河市', '23', '2310', 131.157392, 44.418154);
INSERT INTO `county` VALUES ('231083', '海林市', '23', '2310', 129.387427, 44.599872);
INSERT INTO `county` VALUES ('231084', '宁安市', '23', '2310', 129.489368, 44.346984);
INSERT INTO `county` VALUES ('231085', '穆棱市', '23', '2310', 130.530559, 44.924785);
INSERT INTO `county` VALUES ('231086', '东宁市', '23', '2310', 131.131544, 44.096101);
INSERT INTO `county` VALUES ('231102', '爱辉区', '23', '2311', 127.506632, 50.25771);
INSERT INTO `county` VALUES ('231123', '逊克县', '23', '2311', 128.485585, 49.569491);
INSERT INTO `county` VALUES ('231124', '孙吴县', '23', '2311', 127.342388, 49.431451);
INSERT INTO `county` VALUES ('231181', '北安市', '23', '2311', 126.49738, 48.24742);
INSERT INTO `county` VALUES ('231182', '五大连池市', '23', '2311', 126.211555, 48.52261);
INSERT INTO `county` VALUES ('231183', '嫩江市', '23', '2311', 125.227635, 49.19132);
INSERT INTO `county` VALUES ('231202', '北林区', '23', '2312', 126.991449, 46.643493);
INSERT INTO `county` VALUES ('231221', '望奎县', '23', '2312', 126.492385, 46.839168);
INSERT INTO `county` VALUES ('231222', '兰西县', '23', '2312', 126.29462, 46.258095);
INSERT INTO `county` VALUES ('231223', '青冈县', '23', '2312', 126.100489, 46.710685);
INSERT INTO `county` VALUES ('231224', '庆安县', '23', '2312', 127.514612, 46.885744);
INSERT INTO `county` VALUES ('231225', '明水县', '23', '2312', 125.912483, 47.179483);
INSERT INTO `county` VALUES ('231226', '绥棱县', '23', '2312', 127.120515, 47.242516);
INSERT INTO `county` VALUES ('231281', '安达市', '23', '2312', 125.314125, 46.457966);
INSERT INTO `county` VALUES ('231282', '肇东市', '23', '2312', 125.968537, 46.056938);
INSERT INTO `county` VALUES ('231283', '海伦市', '23', '2312', 126.936509, 47.456904);
INSERT INTO `county` VALUES ('232701', '漠河市', '23', '2327', 122.545421, 52.978304);
INSERT INTO `county` VALUES ('232721', '呼玛县', '23', '2327', 126.65965, 51.730947);
INSERT INTO `county` VALUES ('232722', '塔河县', '23', '2327', 124.716513, 52.340305);
INSERT INTO `county` VALUES ('232761', '加格达奇区', '23', '2327', 124.146215, 50.414873);
INSERT INTO `county` VALUES ('232762', '松岭区', '23', '2327', 124.307338, 50.800887);
INSERT INTO `county` VALUES ('232763', '新林区', '23', '2327', 124.406893, 51.679383);
INSERT INTO `county` VALUES ('232764', '呼中区', '23', '2327', 116.692865, 39.894627);
INSERT INTO `county` VALUES ('310101', '黄浦区', '31', '3101', 121.491586, 31.237247);
INSERT INTO `county` VALUES ('310104', '徐汇区', '31', '3101', 121.443396, 31.194557);
INSERT INTO `county` VALUES ('310105', '长宁区', '31', '3101', 121.430454, 31.226848);
INSERT INTO `county` VALUES ('310106', '静安区', '31', '3101', 121.453432, 31.233845);
INSERT INTO `county` VALUES ('310107', '普陀区', '31', '3101', 121.403569, 31.254973);
INSERT INTO `county` VALUES ('310109', '虹口区', '31', '3101', 121.511586, 31.269747);
INSERT INTO `county` VALUES ('310110', '杨浦区', '31', '3101', 121.53252, 31.265524);
INSERT INTO `county` VALUES ('310112', '闵行区', '31', '3101', 121.388612, 31.118843);
INSERT INTO `county` VALUES ('310113', '宝山区', '31', '3101', 131.407375, 46.583598);
INSERT INTO `county` VALUES ('310114', '嘉定区', '31', '3101', 121.272595, 31.380155);
INSERT INTO `county` VALUES ('310115', '浦东新区', '31', '3101', 121.550455, 31.227348);
INSERT INTO `county` VALUES ('310116', '金山区', '31', '3101', 121.34848, 30.747852);
INSERT INTO `county` VALUES ('310117', '松江区', '31', '3101', 121.23448, 31.037135);
INSERT INTO `county` VALUES ('310118', '青浦区', '31', '3101', 121.130553, 31.155454);
INSERT INTO `county` VALUES ('310120', '奉贤区', '31', '3101', 121.480504, 30.92372);
INSERT INTO `county` VALUES ('310151', '崇明区', '31', '3101', 121.403557, 31.62857);
INSERT INTO `county` VALUES ('320102', '玄武区', '32', '3201', 118.804413, 32.054757);
INSERT INTO `county` VALUES ('320104', '秦淮区', '32', '3201', 118.800407, 32.045139);
INSERT INTO `county` VALUES ('320105', '建邺区', '32', '3201', 118.738569, 32.00937);
INSERT INTO `county` VALUES ('320106', '鼓楼区', '32', '3201', 119.310492, 26.088114);
INSERT INTO `county` VALUES ('320111', '浦口区', '32', '3201', 118.634604, 32.064679);
INSERT INTO `county` VALUES ('320113', '栖霞区', '32', '3201', 118.915423, 32.1026);
INSERT INTO `county` VALUES ('320114', '雨花台区', '32', '3201', 118.785445, 31.997859);
INSERT INTO `county` VALUES ('320115', '江宁区', '32', '3201', 118.846567, 31.958527);
INSERT INTO `county` VALUES ('320116', '六合区', '32', '3201', 118.827471, 32.328666);
INSERT INTO `county` VALUES ('320117', '溧水区', '32', '3201', 119.034404, 31.657284);
INSERT INTO `county` VALUES ('320118', '高淳区', '32', '3201', 118.898498, 31.333639);
INSERT INTO `county` VALUES ('320205', '锡山区', '32', '3202', 120.363426, 31.594762);
INSERT INTO `county` VALUES ('320206', '惠山区', '32', '3202', 120.304596, 31.686741);
INSERT INTO `county` VALUES ('320211', '滨湖区', '32', '3202', 120.291548, 31.53464);
INSERT INTO `county` VALUES ('320213', '梁溪区', '32', '3202', 120.3096, 31.571645);
INSERT INTO `county` VALUES ('320214', '新吴区', '32', '3202', 120.37094, 31.497166);
INSERT INTO `county` VALUES ('320281', '江阴市', '32', '3202', 120.291568, 31.926045);
INSERT INTO `county` VALUES ('320282', '宜兴市', '32', '3202', 119.831606, 31.342957);
INSERT INTO `county` VALUES ('320302', '鼓楼区', '32', '3203', 119.310492, 26.088114);
INSERT INTO `county` VALUES ('320303', '云龙区', '32', '3203', 117.258424, 34.259087);
INSERT INTO `county` VALUES ('320305', '贾汪区', '32', '3203', 117.46943, 34.44162);
INSERT INTO `county` VALUES ('320311', '泉山区', '32', '3203', 117.20059, 34.249943);
INSERT INTO `county` VALUES ('320312', '铜山区', '32', '3203', 117.17557, 34.1861);
INSERT INTO `county` VALUES ('320321', '丰县', '32', '3203', 116.664737, 34.702176);
INSERT INTO `county` VALUES ('320322', '沛县', '32', '3203', 116.942586, 34.765152);
INSERT INTO `county` VALUES ('320324', '睢宁县', '32', '3203', 117.947433, 33.918789);
INSERT INTO `county` VALUES ('320371', '徐州经济技术开发区', '32', '3203', 116.413384, 39.910925);
INSERT INTO `county` VALUES ('320381', '新沂市', '32', '3203', 118.361537, 34.375611);
INSERT INTO `county` VALUES ('320382', '邳州市', '32', '3203', 118.019123, 34.344646);
INSERT INTO `county` VALUES ('320402', '天宁区', '32', '3204', 119.980463, 31.78557);
INSERT INTO `county` VALUES ('320404', '钟楼区', '32', '3204', 119.908463, 31.807647);
INSERT INTO `county` VALUES ('320411', '新北区', '32', '3204', 119.967457, 31.869392);
INSERT INTO `county` VALUES ('320412', '武进区', '32', '3204', 119.948612, 31.706447);
INSERT INTO `county` VALUES ('320413', '金坛区', '32', '3204', 119.604571, 31.728893);
INSERT INTO `county` VALUES ('320481', '溧阳市', '32', '3204', 119.491506, 31.422102);
INSERT INTO `county` VALUES ('320505', '虎丘区', '32', '3205', 120.578472, 31.301933);
INSERT INTO `county` VALUES ('320506', '吴中区', '32', '3205', 120.638508, 31.268261);
INSERT INTO `county` VALUES ('320507', '相城区', '32', '3205', 120.648566, 31.37469);
INSERT INTO `county` VALUES ('320508', '姑苏区', '32', '3205', 120.623455, 31.341831);
INSERT INTO `county` VALUES ('320509', '吴江区', '32', '3205', 120.651567, 31.144644);
INSERT INTO `county` VALUES ('320571', '苏州工业园区', '32', '3205', 116.413384, 39.910925);
INSERT INTO `county` VALUES ('320581', '常熟市', '32', '3205', 120.759496, 31.659538);
INSERT INTO `county` VALUES ('320582', '张家港市', '32', '3205', 120.561554, 31.881141);
INSERT INTO `county` VALUES ('320583', '昆山市', '32', '3205', 120.987452, 31.390863);
INSERT INTO `county` VALUES ('320585', '太仓市', '32', '3205', 121.135595, 31.464599);
INSERT INTO `county` VALUES ('320612', '通州区', '32', '3206', 116.663415, 39.916017);
INSERT INTO `county` VALUES ('320613', '崇川区', '32', '3206', 120.86342, 32.015923);
INSERT INTO `county` VALUES ('320614', '海门区', '32', '3206', 121.188436, 31.873612);
INSERT INTO `county` VALUES ('320623', '如东县', '32', '3206', 121.192438, 32.335873);
INSERT INTO `county` VALUES ('320671', '南通经济技术开发区', '32', '3206', 116.413384, 39.910925);
INSERT INTO `county` VALUES ('320681', '启东市', '32', '3206', 121.663474, 31.814233);
INSERT INTO `county` VALUES ('320682', '如皋市', '32', '3206', 120.579466, 32.377851);
INSERT INTO `county` VALUES ('320685', '海安市', '32', '3206', 120.474433, 32.539196);
INSERT INTO `county` VALUES ('320703', '连云区', '32', '3207', 119.346588, 34.765337);
INSERT INTO `county` VALUES ('320706', '海州区', '32', '3207', 121.669436, 42.023735);
INSERT INTO `county` VALUES ('320707', '赣榆区', '32', '3207', 119.179435, 34.847682);
INSERT INTO `county` VALUES ('320722', '东海县', '32', '3207', 118.759565, 34.547919);
INSERT INTO `county` VALUES ('320723', '灌云县', '32', '3207', 119.246534, 34.288616);
INSERT INTO `county` VALUES ('320724', '灌南县', '32', '3207', 119.322538, 34.092591);
INSERT INTO `county` VALUES ('320771', '连云港经济技术开发区', '32', '3207', 119.228621, 34.60225);
INSERT INTO `county` VALUES ('320772', '连云港高新技术产业开发区', '32', '3207', 119.213179, 34.549801);
INSERT INTO `county` VALUES ('320803', '淮安区', '32', '3208', 119.147463, 33.509);
INSERT INTO `county` VALUES ('320804', '淮阴区', '32', '3208', 119.041422, 33.63815);
INSERT INTO `county` VALUES ('320812', '清江浦区', '32', '3208', 119.032414, 33.558562);
INSERT INTO `county` VALUES ('320813', '洪泽区', '32', '3208', 118.879584, 33.299625);
INSERT INTO `county` VALUES ('320826', '涟水县', '32', '3208', 119.266448, 33.787079);
INSERT INTO `county` VALUES ('320830', '盱眙县', '32', '3208', 118.551441, 33.018255);
INSERT INTO `county` VALUES ('320831', '金湖县', '32', '3208', 119.026469, 33.031284);
INSERT INTO `county` VALUES ('320871', '淮安经济技术开发区', '32', '3208', 116.413384, 39.910925);
INSERT INTO `county` VALUES ('320902', '亭湖区', '32', '3209', 120.204578, 33.395893);
INSERT INTO `county` VALUES ('320903', '盐都区', '32', '3209', 120.160503, 33.34402);
INSERT INTO `county` VALUES ('320904', '大丰区', '32', '3209', 120.507439, 33.20476);
INSERT INTO `county` VALUES ('320921', '响水县', '32', '3209', 119.584601, 34.204743);
INSERT INTO `county` VALUES ('320922', '滨海县', '32', '3209', 119.827621, 33.995647);
INSERT INTO `county` VALUES ('320923', '阜宁县', '32', '3209', 119.809581, 33.765079);
INSERT INTO `county` VALUES ('320924', '射阳县', '32', '3209', 120.332817, 33.772291);
INSERT INTO `county` VALUES ('320925', '建湖县', '32', '3209', 119.805531, 33.469833);
INSERT INTO `county` VALUES ('320971', '盐城经济技术开发区', '32', '3209', 116.413384, 39.910925);
INSERT INTO `county` VALUES ('320981', '东台市', '32', '3209', 120.326537, 32.872716);
INSERT INTO `county` VALUES ('321002', '广陵区', '32', '3210', 119.438505, 32.400661);
INSERT INTO `county` VALUES ('321003', '邗江区', '32', '3210', 119.404385, 32.382751);
INSERT INTO `county` VALUES ('321012', '江都区', '32', '3210', 119.576603, 32.440295);
INSERT INTO `county` VALUES ('321023', '宝应县', '32', '3210', 119.365556, 33.247205);
INSERT INTO `county` VALUES ('321071', '扬州经济技术开发区', '32', '3210', 116.413384, 39.910925);
INSERT INTO `county` VALUES ('321081', '仪征市', '32', '3210', 119.191467, 32.27809);
INSERT INTO `county` VALUES ('321084', '高邮市', '32', '3210', 119.465616, 32.787147);
INSERT INTO `county` VALUES ('321102', '京口区', '32', '3211', 119.475604, 32.203785);
INSERT INTO `county` VALUES ('321111', '润州区', '32', '3211', 119.41844, 32.201495);
INSERT INTO `county` VALUES ('321112', '丹徒区', '32', '3211', 119.440501, 32.13792);
INSERT INTO `county` VALUES ('321171', '镇江新区', '32', '3211', 116.413384, 39.910925);
INSERT INTO `county` VALUES ('321181', '丹阳市', '32', '3211', 119.612501, 32.01592);
INSERT INTO `county` VALUES ('321182', '扬中市', '32', '3211', 119.80352, 32.242967);
INSERT INTO `county` VALUES ('321183', '句容市', '32', '3211', 119.175433, 31.950923);
INSERT INTO `county` VALUES ('321202', '海陵区', '32', '3212', 119.925525, 32.496732);
INSERT INTO `county` VALUES ('321203', '高港区', '32', '3212', 119.888421, 32.324862);
INSERT INTO `county` VALUES ('321204', '姜堰区', '32', '3212', 120.133398, 32.515234);
INSERT INTO `county` VALUES ('321271', '泰州医药高新技术产业开发区', '32', '3212', 116.480878, 40.017587);
INSERT INTO `county` VALUES ('321281', '兴化市', '32', '3212', 119.857514, 32.917824);
INSERT INTO `county` VALUES ('321282', '靖江市', '32', '3212', 120.283532, 31.98817);
INSERT INTO `county` VALUES ('321283', '泰兴市', '32', '3212', 120.058599, 32.177474);
INSERT INTO `county` VALUES ('321302', '宿城区', '32', '3213', 118.249567, 33.968678);
INSERT INTO `county` VALUES ('321311', '宿豫区', '32', '3213', 118.336401, 33.954804);
INSERT INTO `county` VALUES ('321322', '沭阳县', '32', '3213', 118.810419, 34.117454);
INSERT INTO `county` VALUES ('321323', '泗阳县', '32', '3213', 118.709466, 33.728328);
INSERT INTO `county` VALUES ('321324', '泗洪县', '32', '3213', 118.222416, 33.465733);
INSERT INTO `county` VALUES ('321371', '宿迁经济技术开发区', '32', '3213', 116.413384, 39.910925);
INSERT INTO `county` VALUES ('330102', '上城区', '33', '3301', 120.20429, 30.232618);
INSERT INTO `county` VALUES ('330105', '拱墅区', '33', '3301', 120.148033, 30.325205);
INSERT INTO `county` VALUES ('330106', '西湖区', '33', '3301', 115.883536, 28.661977);
INSERT INTO `county` VALUES ('330108', '滨江区', '33', '3301', 120.218471, 30.214333);
INSERT INTO `county` VALUES ('330109', '萧山区', '33', '3301', 120.270471, 30.187511);
INSERT INTO `county` VALUES ('330110', '余杭区', '33', '3301', 119.985887, 30.280405);
INSERT INTO `county` VALUES ('330111', '富阳区', '33', '3301', 119.966556, 30.054723);
INSERT INTO `county` VALUES ('330112', '临安区', '33', '3301', 119.731517, 30.239806);
INSERT INTO `county` VALUES ('330113', '临平区', '33', '3301', 120.306592, 30.424739);
INSERT INTO `county` VALUES ('330114', '钱塘区', '33', '3301', 120.500479, 30.329323);
INSERT INTO `county` VALUES ('330122', '桐庐县', '33', '3301', 119.697599, 29.798585);
INSERT INTO `county` VALUES ('330127', '淳安县', '33', '3301', 119.048392, 29.61495);
INSERT INTO `county` VALUES ('330182', '建德市', '33', '3301', 119.287398, 29.481154);
INSERT INTO `county` VALUES ('330203', '海曙区', '33', '3302', 121.557403, 29.865721);
INSERT INTO `county` VALUES ('330205', '江北区', '33', '3302', 106.580415, 29.612832);
INSERT INTO `county` VALUES ('330206', '北仑区', '33', '3302', 121.850576, 29.904659);
INSERT INTO `county` VALUES ('330211', '镇海区', '33', '3302', 121.603046, 29.970938);
INSERT INTO `county` VALUES ('330212', '鄞州区', '33', '3302', 121.555427, 29.824206);
INSERT INTO `county` VALUES ('330213', '奉化区', '33', '3302', 121.413528, 29.661146);
INSERT INTO `county` VALUES ('330225', '象山县', '33', '3302', 110.287423, 25.26793);
INSERT INTO `county` VALUES ('330226', '宁海县', '33', '3302', 121.436432, 29.294317);
INSERT INTO `county` VALUES ('330281', '余姚市', '33', '3302', 121.160585, 30.042735);
INSERT INTO `county` VALUES ('330282', '慈溪市', '33', '3302', 121.272596, 30.175257);
INSERT INTO `county` VALUES ('330302', '鹿城区', '33', '3303', 120.661586, 28.020352);
INSERT INTO `county` VALUES ('330303', '龙湾区', '33', '3303', 120.819468, 27.938652);
INSERT INTO `county` VALUES ('330304', '瓯海区', '33', '3303', 120.621447, 27.972857);
INSERT INTO `county` VALUES ('330305', '洞头区', '33', '3303', 121.163549, 27.84187);
INSERT INTO `county` VALUES ('330324', '永嘉县', '33', '3303', 120.688524, 28.15645);
INSERT INTO `county` VALUES ('330326', '平阳县', '33', '3303', 120.572515, 27.667724);
INSERT INTO `county` VALUES ('330327', '苍南县', '33', '3303', 120.433595, 27.523067);
INSERT INTO `county` VALUES ('330328', '文成县', '33', '3303', 120.097488, 27.793217);
INSERT INTO `county` VALUES ('330329', '泰顺县', '33', '3303', 119.723537, 27.562171);
INSERT INTO `county` VALUES ('330371', '温州经济技术开发区', '33', '3303', 116.413384, 39.910925);
INSERT INTO `county` VALUES ('330381', '瑞安市', '33', '3303', 120.661582, 27.783951);
INSERT INTO `county` VALUES ('330382', '乐清市', '33', '3303', 120.992502, 28.11818);
INSERT INTO `county` VALUES ('330383', '龙港市', '33', '3303', 120.593986, 27.536181);
INSERT INTO `county` VALUES ('330402', '南湖区', '33', '3304', 120.78961, 30.751547);
INSERT INTO `county` VALUES ('330411', '秀洲区', '33', '3304', 120.715437, 30.770207);
INSERT INTO `county` VALUES ('330421', '嘉善县', '33', '3304', 120.932511, 30.837122);
INSERT INTO `county` VALUES ('330424', '海盐县', '33', '3304', 120.952445, 30.531873);
INSERT INTO `county` VALUES ('330481', '海宁市', '33', '3304', 120.686565, 30.517924);
INSERT INTO `county` VALUES ('330482', '平湖市', '33', '3304', 121.022575, 30.682241);
INSERT INTO `county` VALUES ('330483', '桐乡市', '33', '3304', 120.571543, 30.636311);
INSERT INTO `county` VALUES ('330502', '吴兴区', '33', '3305', 120.191605, 30.862955);
INSERT INTO `county` VALUES ('330503', '南浔区', '33', '3305', 120.424601, 30.855243);
INSERT INTO `county` VALUES ('330521', '德清县', '33', '3305', 119.983465, 30.548628);
INSERT INTO `county` VALUES ('330522', '长兴县', '33', '3305', 119.917498, 31.032579);
INSERT INTO `county` VALUES ('330523', '安吉县', '33', '3305', 119.686563, 30.644425);
INSERT INTO `county` VALUES ('330602', '越城区', '33', '3306', 120.588437, 29.99531);
INSERT INTO `county` VALUES ('330603', '柯桥区', '33', '3306', 120.501952, 30.089303);
INSERT INTO `county` VALUES ('330604', '上虞区', '33', '3306', 120.87451, 30.038243);
INSERT INTO `county` VALUES ('330624', '新昌县', '33', '3306', 120.91057, 29.505541);
INSERT INTO `county` VALUES ('330681', '诸暨市', '33', '3306', 120.253408, 29.714935);
INSERT INTO `county` VALUES ('330683', '嵊州市', '33', '3306', 120.837437, 29.567327);
INSERT INTO `county` VALUES ('330702', '婺城区', '33', '3307', 119.578593, 29.091775);
INSERT INTO `county` VALUES ('330703', '金东区', '33', '3307', 119.699582, 29.104765);
INSERT INTO `county` VALUES ('330723', '武义县', '33', '3307', 119.822566, 28.898244);
INSERT INTO `county` VALUES ('330726', '浦江县', '33', '3307', 119.898436, 29.458693);
INSERT INTO `county` VALUES ('330727', '磐安县', '33', '3307', 120.456513, 29.060103);
INSERT INTO `county` VALUES ('330781', '兰溪市', '33', '3307', 119.466599, 29.214044);
INSERT INTO `county` VALUES ('330782', '义乌市', '33', '3307', 120.081581, 29.31115);
INSERT INTO `county` VALUES ('330783', '东阳市', '33', '3307', 120.248422, 29.295861);
INSERT INTO `county` VALUES ('330784', '永康市', '33', '3307', 120.054551, 28.894204);
INSERT INTO `county` VALUES ('330802', '柯城区', '33', '3308', 118.877584, 28.974204);
INSERT INTO `county` VALUES ('330803', '衢江区', '33', '3308', 118.965539, 28.986238);
INSERT INTO `county` VALUES ('330822', '常山县', '33', '3308', 118.517557, 28.906998);
INSERT INTO `county` VALUES ('330824', '开化县', '33', '3308', 118.421459, 29.143188);
INSERT INTO `county` VALUES ('330825', '龙游县', '33', '3308', 119.178418, 29.034487);
INSERT INTO `county` VALUES ('330881', '江山市', '33', '3308', 118.633583, 28.742868);
INSERT INTO `county` VALUES ('330902', '定海区', '33', '3309', 122.113601, 30.025462);
INSERT INTO `county` VALUES ('330903', '普陀区', '33', '3309', 121.403569, 31.254973);
INSERT INTO `county` VALUES ('330921', '岱山县', '33', '3309', 122.232605, 30.269656);
INSERT INTO `county` VALUES ('330922', '嵊泗县', '33', '3309', 122.457588, 30.731274);
INSERT INTO `county` VALUES ('331002', '椒江区', '33', '3310', 121.449408, 28.679258);
INSERT INTO `county` VALUES ('331003', '黄岩区', '33', '3310', 121.268566, 28.655334);
INSERT INTO `county` VALUES ('331004', '路桥区', '33', '3310', 121.344331, 28.584388);
INSERT INTO `county` VALUES ('331022', '三门县', '33', '3310', 121.402554, 29.110355);
INSERT INTO `county` VALUES ('331023', '天台县', '33', '3310', 121.013553, 29.149514);
INSERT INTO `county` VALUES ('331024', '仙居县', '33', '3310', 120.735435, 28.853226);
INSERT INTO `county` VALUES ('331081', '温岭市', '33', '3310', 121.392589, 28.377655);
INSERT INTO `county` VALUES ('331082', '临海市', '33', '3310', 121.151585, 28.864049);
INSERT INTO `county` VALUES ('331083', '玉环市', '33', '3310', 121.238513, 28.141863);
INSERT INTO `county` VALUES ('331102', '莲都区', '33', '3311', 119.919519, 28.451745);
INSERT INTO `county` VALUES ('331121', '青田县', '33', '3311', 120.296573, 28.145488);
INSERT INTO `county` VALUES ('331122', '缙云县', '33', '3311', 120.097478, 28.665215);
INSERT INTO `county` VALUES ('331123', '遂昌县', '33', '3311', 119.282435, 28.598455);
INSERT INTO `county` VALUES ('331124', '松阳县', '33', '3311', 119.488544, 28.455056);
INSERT INTO `county` VALUES ('331125', '云和县', '33', '3311', 119.579597, 28.12147);
INSERT INTO `county` VALUES ('331126', '庆元县', '33', '3311', 119.069487, 27.625432);
INSERT INTO `county` VALUES ('331127', '景宁畲族自治县', '33', '3311', 119.64243, 27.979554);
INSERT INTO `county` VALUES ('331181', '龙泉市', '33', '3311', 119.148445, 28.080509);
INSERT INTO `county` VALUES ('340102', '瑶海区', '34', '3401', 117.315587, 31.863787);
INSERT INTO `county` VALUES ('340103', '庐阳区', '34', '3401', 117.271459, 31.884887);
INSERT INTO `county` VALUES ('340104', '蜀山区', '34', '3401', 117.266461, 31.857378);
INSERT INTO `county` VALUES ('340111', '包河区', '34', '3401', 117.316576, 31.799293);
INSERT INTO `county` VALUES ('340121', '长丰县', '34', '3401', 117.17356, 32.483723);
INSERT INTO `county` VALUES ('340122', '肥东县', '34', '3401', 117.475401, 31.89389);
INSERT INTO `county` VALUES ('340123', '肥西县', '34', '3401', 117.164558, 31.712962);
INSERT INTO `county` VALUES ('340124', '庐江县', '34', '3401', 117.293577, 31.261328);
INSERT INTO `county` VALUES ('340171', '合肥高新技术产业开发区', '34', '3401', 116.531385, 39.912334);
INSERT INTO `county` VALUES ('340172', '合肥经济技术开发区', '34', '3401', 116.413384, 39.910925);
INSERT INTO `county` VALUES ('340173', '合肥新站高新技术产业开发区', '34', '3401', 117.38391, 31.946316);
INSERT INTO `county` VALUES ('340181', '巢湖市', '34', '3401', 117.895576, 31.629002);
INSERT INTO `county` VALUES ('340202', '镜湖区', '34', '3402', 118.392606, 31.345867);
INSERT INTO `county` VALUES ('340207', '鸠江区', '34', '3402', 118.397588, 31.375805);
INSERT INTO `county` VALUES ('340209', '弋江区', '34', '3402', 118.37958, 31.317566);
INSERT INTO `county` VALUES ('340210', '湾沚区', '34', '3402', 118.582443, 31.141239);
INSERT INTO `county` VALUES ('340212', '繁昌区', '34', '3402', 118.205424, 31.107959);
INSERT INTO `county` VALUES ('340223', '南陵县', '34', '3402', 118.340418, 30.92026);
INSERT INTO `county` VALUES ('340271', '芜湖经济技术开发区', '34', '3402', 116.413384, 39.910925);
INSERT INTO `county` VALUES ('340272', '安徽芜湖三山经济开发区', '34', '3402', 116.413384, 39.910925);
INSERT INTO `county` VALUES ('340281', '无为市', '34', '3402', 117.908579, 31.308844);
INSERT INTO `county` VALUES ('340302', '龙子湖区', '34', '3403', 117.399513, 32.948644);
INSERT INTO `county` VALUES ('340303', '蚌山区', '34', '3403', 117.379441, 32.923379);
INSERT INTO `county` VALUES ('340304', '禹会区', '34', '3403', 117.348452, 32.93531);
INSERT INTO `county` VALUES ('340311', '淮上区', '34', '3403', 117.366383, 32.970547);
INSERT INTO `county` VALUES ('340321', '怀远县', '34', '3403', 117.211506, 32.976004);
INSERT INTO `county` VALUES ('340322', '五河县', '34', '3403', 117.887561, 33.132709);
INSERT INTO `county` VALUES ('340323', '固镇县', '34', '3403', 117.323548, 33.323274);
INSERT INTO `county` VALUES ('340371', '蚌埠市高新技术开发区', '34', '3403', 117.395513, 32.921524);
INSERT INTO `county` VALUES ('340372', '蚌埠市经济开发区', '34', '3403', 117.266744, 32.996853);
INSERT INTO `county` VALUES ('340402', '大通区', '34', '3404', 117.059583, 32.63727);
INSERT INTO `county` VALUES ('340403', '田家庵区', '34', '3404', 117.023445, 32.653323);
INSERT INTO `county` VALUES ('340404', '谢家集区', '34', '3404', 116.865439, 32.606255);
INSERT INTO `county` VALUES ('340405', '八公山区', '34', '3404', 116.840564, 32.637137);
INSERT INTO `county` VALUES ('340406', '潘集区', '34', '3404', 116.841581, 32.777955);
INSERT INTO `county` VALUES ('340421', '凤台县', '34', '3404', 116.717573, 32.715104);
INSERT INTO `county` VALUES ('340422', '寿县', '34', '3404', 116.805563, 32.561546);
INSERT INTO `county` VALUES ('340503', '花山区', '34', '3405', 118.499606, 31.725473);
INSERT INTO `county` VALUES ('340504', '雨山区', '34', '3405', 118.505597, 31.687745);
INSERT INTO `county` VALUES ('340506', '博望区', '34', '3405', 118.824775, 31.55751);
INSERT INTO `county` VALUES ('340521', '当涂县', '34', '3405', 118.504605, 31.576649);
INSERT INTO `county` VALUES ('340522', '含山县', '34', '3405', 118.107462, 31.740862);
INSERT INTO `county` VALUES ('340523', '和县', '34', '3405', 118.359513, 31.748244);
INSERT INTO `county` VALUES ('340602', '杜集区', '34', '3406', 116.834612, 33.997285);
INSERT INTO `county` VALUES ('340603', '相山区', '34', '3406', 116.800521, 33.965827);
INSERT INTO `county` VALUES ('340604', '烈山区', '34', '3406', 116.819599, 33.901574);
INSERT INTO `county` VALUES ('340621', '濉溪县', '34', '3406', 116.772389, 33.921629);
INSERT INTO `county` VALUES ('340705', '铜官区', '34', '3407', 117.862613, 30.942479);
INSERT INTO `county` VALUES ('340706', '义安区', '34', '3407', 117.944041, 30.956809);
INSERT INTO `county` VALUES ('340711', '郊区', '34', '3407', 117.774469, 30.827434);
INSERT INTO `county` VALUES ('340722', '枞阳县', '34', '3407', 117.256412, 30.711927);
INSERT INTO `county` VALUES ('340802', '迎江区', '34', '3408', 117.097514, 30.517523);
INSERT INTO `county` VALUES ('340803', '大观区', '34', '3408', 117.040538, 30.518232);
INSERT INTO `county` VALUES ('340811', '宜秀区', '34', '3408', 116.993441, 30.619676);
INSERT INTO `county` VALUES ('340822', '怀宁县', '34', '3408', 116.836593, 30.7394);
INSERT INTO `county` VALUES ('340825', '太湖县', '34', '3408', 116.315476, 30.460113);
INSERT INTO `county` VALUES ('340826', '宿松县', '34', '3408', 116.135524, 30.159787);
INSERT INTO `county` VALUES ('340827', '望江县', '34', '3408', 116.713259, 30.133922);
INSERT INTO `county` VALUES ('340828', '岳西县', '34', '3408', 116.366555, 30.855228);
INSERT INTO `county` VALUES ('340871', '安徽安庆经济开发区', '34', '3408', 116.366165, 30.468301);
INSERT INTO `county` VALUES ('340881', '桐城市', '34', '3408', 116.943654, 31.041099);
INSERT INTO `county` VALUES ('340882', '潜山市', '34', '3408', 116.587611, 30.636756);
INSERT INTO `county` VALUES ('341002', '屯溪区', '34', '3410', 118.321418, 29.702144);
INSERT INTO `county` VALUES ('341003', '黄山区', '34', '3410', 118.14761, 30.278651);
INSERT INTO `county` VALUES ('341004', '徽州区', '34', '3410', 118.343436, 29.834221);
INSERT INTO `county` VALUES ('341021', '歙县', '34', '3410', 118.42146, 29.866288);
INSERT INTO `county` VALUES ('341022', '休宁县', '34', '3410', 118.199921, 29.790844);
INSERT INTO `county` VALUES ('341023', '黟县', '34', '3410', 117.944477, 29.931047);
INSERT INTO `county` VALUES ('341024', '祁门县', '34', '3410', 117.723393, 29.860344);
INSERT INTO `county` VALUES ('341102', '琅琊区', '34', '3411', 118.312441, 32.300867);
INSERT INTO `county` VALUES ('341103', '南谯区', '34', '3411', 118.423482, 32.206132);
INSERT INTO `county` VALUES ('341122', '来安县', '34', '3411', 118.442412, 32.45845);
INSERT INTO `county` VALUES ('341124', '全椒县', '34', '3411', 118.280584, 32.09194);
INSERT INTO `county` VALUES ('341125', '定远县', '34', '3411', 117.704471, 32.537047);
INSERT INTO `county` VALUES ('341126', '凤阳县', '34', '3411', 117.538585, 32.880977);
INSERT INTO `county` VALUES ('341171', '中新苏滁高新技术产业开发区', '34', '3411', 116.480878, 40.017587);
INSERT INTO `county` VALUES ('341172', '滁州经济技术开发区', '34', '3411', 116.413384, 39.910925);
INSERT INTO `county` VALUES ('341181', '天长市', '34', '3411', 119.011385, 32.67341);
INSERT INTO `county` VALUES ('341182', '明光市', '34', '3411', 117.99551, 32.783023);
INSERT INTO `county` VALUES ('341202', '颍州区', '34', '3412', 115.813411, 32.889625);
INSERT INTO `county` VALUES ('341203', '颍东区', '34', '3412', 115.863617, 32.917362);
INSERT INTO `county` VALUES ('341204', '颍泉区', '34', '3412', 115.815426, 32.931314);
INSERT INTO `county` VALUES ('341221', '临泉县', '34', '3412', 115.267616, 33.04596);
INSERT INTO `county` VALUES ('341222', '太和县', '34', '3412', 121.110453, 41.115109);
INSERT INTO `county` VALUES ('341225', '阜南县', '34', '3412', 115.602546, 32.664097);
INSERT INTO `county` VALUES ('341226', '颍上县', '34', '3412', 116.263477, 32.659028);
INSERT INTO `county` VALUES ('341271', '阜阳合肥现代产业园区', '34', '3412', 115.915335, 32.809602);
INSERT INTO `county` VALUES ('341272', '阜阳经济技术开发区', '34', '3412', 116.413384, 39.910925);
INSERT INTO `county` VALUES ('341282', '界首市', '34', '3412', 115.38061, 33.262775);
INSERT INTO `county` VALUES ('341302', '埇桥区', '34', '3413', 116.98348, 33.646131);
INSERT INTO `county` VALUES ('341321', '砀山县', '34', '3413', 116.372524, 34.448428);
INSERT INTO `county` VALUES ('341322', '萧县', '34', '3413', 116.943239, 34.226834);
INSERT INTO `county` VALUES ('341323', '灵璧县', '34', '3413', 117.564557, 33.547892);
INSERT INTO `county` VALUES ('341324', '泗县', '34', '3413', 117.91659, 33.488695);
INSERT INTO `county` VALUES ('341371', '宿州马鞍山现代产业园区', '34', '3413', 117.254962, 33.68185);
INSERT INTO `county` VALUES ('341372', '宿州经济技术开发区', '34', '3413', 116.413384, 39.910925);
INSERT INTO `county` VALUES ('341502', '金安区', '34', '3415', 116.545438, 31.756288);
INSERT INTO `county` VALUES ('341503', '裕安区', '34', '3415', 116.48655, 31.743626);
INSERT INTO `county` VALUES ('341504', '叶集区', '34', '3415', 115.947476, 31.835263);
INSERT INTO `county` VALUES ('341522', '霍邱县', '34', '3415', 116.284391, 32.359344);
INSERT INTO `county` VALUES ('341523', '舒城县', '34', '3415', 116.955602, 31.467692);
INSERT INTO `county` VALUES ('341524', '金寨县', '34', '3415', 115.940441, 31.733462);
INSERT INTO `county` VALUES ('341525', '霍山县', '34', '3415', 116.354282, 31.415585);
INSERT INTO `county` VALUES ('341602', '谯城区', '34', '3416', 115.785472, 33.882663);
INSERT INTO `county` VALUES ('341621', '涡阳县', '34', '3416', 116.221609, 33.498567);
INSERT INTO `county` VALUES ('341622', '蒙城县', '34', '3416', 116.571589, 33.271658);
INSERT INTO `county` VALUES ('341623', '利辛县', '34', '3416', 116.2156, 33.150386);
INSERT INTO `county` VALUES ('341702', '贵池区', '34', '3417', 117.57449, 30.693858);
INSERT INTO `county` VALUES ('341721', '东至县', '34', '3417', 117.034481, 30.116535);
INSERT INTO `county` VALUES ('341722', '石台县', '34', '3417', 117.492394, 30.21653);
INSERT INTO `county` VALUES ('341723', '青阳县', '34', '3417', 117.853431, 30.645634);
INSERT INTO `county` VALUES ('341802', '宣州区', '34', '3418', 118.762549, 30.952158);
INSERT INTO `county` VALUES ('341821', '郎溪县', '34', '3418', 119.190739, 31.149375);
INSERT INTO `county` VALUES ('341823', '泾县', '34', '3418', 118.426435, 30.694672);
INSERT INTO `county` VALUES ('341824', '绩溪县', '34', '3418', 118.585444, 30.073292);
INSERT INTO `county` VALUES ('341825', '旌德县', '34', '3418', 118.546467, 30.292481);
INSERT INTO `county` VALUES ('341871', '宣城市经济开发区', '34', '3418', 118.765534, 30.946602);
INSERT INTO `county` VALUES ('341881', '宁国市', '34', '3418', 118.98961, 30.639352);
INSERT INTO `county` VALUES ('341882', '广德市', '34', '3418', 119.427476, 30.883667);
INSERT INTO `county` VALUES ('350102', '鼓楼区', '35', '3501', 119.310492, 26.088114);
INSERT INTO `county` VALUES ('350103', '台江区', '35', '3501', 119.320528, 26.058528);
INSERT INTO `county` VALUES ('350104', '仓山区', '35', '3501', 119.280432, 26.052842);
INSERT INTO `county` VALUES ('350105', '马尾区', '35', '3501', 119.445519, 26.004534);
INSERT INTO `county` VALUES ('350111', '晋安区', '35', '3501', 119.334579, 26.087214);
INSERT INTO `county` VALUES ('350112', '长乐区', '35', '3501', 119.600653, 25.894001);
INSERT INTO `county` VALUES ('350121', '闽侯县', '35', '3501', 119.138482, 26.156035);
INSERT INTO `county` VALUES ('350122', '连江县', '35', '3501', 119.546479, 26.203583);
INSERT INTO `county` VALUES ('350123', '罗源县', '35', '3501', 119.55648, 26.495496);
INSERT INTO `county` VALUES ('350124', '闽清县', '35', '3501', 118.869577, 26.226848);
INSERT INTO `county` VALUES ('350125', '永泰县', '35', '3501', 118.938431, 25.872787);
INSERT INTO `county` VALUES ('350128', '平潭县', '35', '3501', 119.796501, 25.5047);
INSERT INTO `county` VALUES ('350181', '福清市', '35', '3501', 119.390465, 25.726343);
INSERT INTO `county` VALUES ('350203', '思明区', '35', '3502', 118.088408, 24.451948);
INSERT INTO `county` VALUES ('350205', '海沧区', '35', '3502', 118.039562, 24.490326);
INSERT INTO `county` VALUES ('350206', '湖里区', '35', '3502', 118.153588, 24.517573);
INSERT INTO `county` VALUES ('350211', '集美区', '35', '3502', 118.103435, 24.582019);
INSERT INTO `county` VALUES ('350212', '同安区', '35', '3502', 118.158563, 24.729114);
INSERT INTO `county` VALUES ('350213', '翔安区', '35', '3502', 118.254576, 24.624216);
INSERT INTO `county` VALUES ('350302', '城厢区', '35', '3503', 119.001536, 25.424344);
INSERT INTO `county` VALUES ('350303', '涵江区', '35', '3503', 119.122567, 25.464464);
INSERT INTO `county` VALUES ('350304', '荔城区', '35', '3503', 119.019482, 25.439754);
INSERT INTO `county` VALUES ('350305', '秀屿区', '35', '3503', 119.111571, 25.323654);
INSERT INTO `county` VALUES ('350322', '仙游县', '35', '3503', 118.698454, 25.368291);
INSERT INTO `county` VALUES ('350404', '三元区', '35', '3504', 117.65255, 26.277336);
INSERT INTO `county` VALUES ('350405', '沙县区', '35', '3504', 117.798561, 26.402813);
INSERT INTO `county` VALUES ('350421', '明溪县', '35', '3504', 117.208518, 26.361854);
INSERT INTO `county` VALUES ('350423', '清流县', '35', '3504', 116.823593, 26.183357);
INSERT INTO `county` VALUES ('350424', '宁化县', '35', '3504', 116.660426, 26.267956);
INSERT INTO `county` VALUES ('350425', '大田县', '35', '3504', 117.85344, 25.698933);
INSERT INTO `county` VALUES ('350426', '尤溪县', '35', '3504', 118.19744, 26.176218);
INSERT INTO `county` VALUES ('350428', '将乐县', '35', '3504', 117.477409, 26.73521);
INSERT INTO `county` VALUES ('350429', '泰宁县', '35', '3504', 117.182596, 26.90566);
INSERT INTO `county` VALUES ('350430', '建宁县', '35', '3504', 116.852506, 26.836825);
INSERT INTO `county` VALUES ('350481', '永安市', '35', '3504', 117.371443, 25.948144);
INSERT INTO `county` VALUES ('350502', '鲤城区', '35', '3505', 118.593481, 24.913354);
INSERT INTO `county` VALUES ('350503', '丰泽区', '35', '3505', 118.61958, 24.89497);
INSERT INTO `county` VALUES ('350504', '洛江区', '35', '3505', 118.677416, 24.946214);
INSERT INTO `county` VALUES ('350505', '泉港区', '35', '3505', 118.922433, 25.13965);
INSERT INTO `county` VALUES ('350521', '惠安县', '35', '3505', 118.803416, 25.03695);
INSERT INTO `county` VALUES ('350524', '安溪县', '35', '3505', 118.192425, 25.06176);
INSERT INTO `county` VALUES ('350525', '永春县', '35', '3505', 118.300486, 25.327974);
INSERT INTO `county` VALUES ('350526', '德化县', '35', '3505', 118.24755, 25.497309);
INSERT INTO `county` VALUES ('35052', '金门县', '35', '3505', 118.330415, 24.440445);
INSERT INTO `county` VALUES ('350581', '石狮市', '35', '3505', 118.654519, 24.737665);
INSERT INTO `county` VALUES ('350582', '晋江市', '35', '3505', 118.558431, 24.787825);
INSERT INTO `county` VALUES ('350583', '南安市', '35', '3505', 118.392572, 24.966362);
INSERT INTO `county` VALUES ('350602', '芗城区', '35', '3506', 117.66059, 24.516268);
INSERT INTO `county` VALUES ('350603', '龙文区', '35', '3506', 117.716455, 24.50951);
INSERT INTO `county` VALUES ('350604', '龙海区', '35', '3506', 117.824451, 24.45294);
INSERT INTO `county` VALUES ('350605', '长泰区', '35', '3506', 117.765553, 24.631244);
INSERT INTO `county` VALUES ('350622', '云霄县', '35', '3506', 117.346448, 23.964073);
INSERT INTO `county` VALUES ('350623', '漳浦县', '35', '3506', 117.620443, 24.123462);
INSERT INTO `county` VALUES ('350624', '诏安县', '35', '3506', 117.182559, 23.717054);
INSERT INTO `county` VALUES ('350626', '东山县', '35', '3506', 117.43656, 23.706895);
INSERT INTO `county` VALUES ('350627', '南靖县', '35', '3506', 117.363446, 24.520852);
INSERT INTO `county` VALUES ('350628', '平和县', '35', '3506', 117.322552, 24.368365);
INSERT INTO `county` VALUES ('350629', '华安县', '35', '3506', 117.540586, 25.010068);
INSERT INTO `county` VALUES ('350702', '延平区', '35', '3507', 118.188451, 26.643808);
INSERT INTO `county` VALUES ('350703', '建阳区', '35', '3507', 118.127525, 27.337502);
INSERT INTO `county` VALUES ('350721', '顺昌县', '35', '3507', 117.816519, 26.799104);
INSERT INTO `county` VALUES ('350722', '浦城县', '35', '3507', 118.547439, 27.92339);
INSERT INTO `county` VALUES ('350723', '光泽县', '35', '3507', 117.340482, 27.547273);
INSERT INTO `county` VALUES ('350724', '松溪县', '35', '3507', 118.791454, 27.532555);
INSERT INTO `county` VALUES ('350725', '政和县', '35', '3507', 118.863587, 27.371749);
INSERT INTO `county` VALUES ('350781', '邵武市', '35', '3507', 117.49942, 27.34647);
INSERT INTO `county` VALUES ('350782', '武夷山市', '35', '3507', 118.041577, 27.762554);
INSERT INTO `county` VALUES ('350783', '建瓯市', '35', '3507', 118.311461, 27.028955);
INSERT INTO `county` VALUES ('350802', '新罗区', '35', '3508', 117.043543, 25.104078);
INSERT INTO `county` VALUES ('350803', '永定区', '35', '3508', 116.7385, 24.730108);
INSERT INTO `county` VALUES ('350821', '长汀县', '35', '3508', 116.363568, 25.839185);
INSERT INTO `county` VALUES ('350823', '上杭县', '35', '3508', 116.426443, 25.05557);
INSERT INTO `county` VALUES ('350824', '武平县', '35', '3508', 116.107589, 25.100855);
INSERT INTO `county` VALUES ('350825', '连城县', '35', '3508', 116.760446, 25.716337);
INSERT INTO `county` VALUES ('350881', '漳平市', '35', '3508', 117.426556, 25.295743);
INSERT INTO `county` VALUES ('350902', '蕉城区', '35', '3509', 119.533442, 26.666739);
INSERT INTO `county` VALUES ('350921', '霞浦县', '35', '3509', 120.011427, 26.891349);
INSERT INTO `county` VALUES ('350922', '古田县', '35', '3509', 118.752578, 26.583262);
INSERT INTO `county` VALUES ('350923', '屏南县', '35', '3509', 118.992596, 26.914265);
INSERT INTO `county` VALUES ('350924', '寿宁县', '35', '3509', 119.511425, 27.46665);
INSERT INTO `county` VALUES ('350925', '周宁县', '35', '3509', 119.345567, 27.110239);
INSERT INTO `county` VALUES ('350926', '柘荣县', '35', '3509', 119.907457, 27.239962);
INSERT INTO `county` VALUES ('350981', '福安市', '35', '3509', 119.654406, 27.094324);
INSERT INTO `county` VALUES ('350982', '福鼎市', '35', '3509', 120.223452, 27.330525);
INSERT INTO `county` VALUES ('360102', '东湖区', '36', '3601', 115.905466, 28.691259);
INSERT INTO `county` VALUES ('360103', '西湖区', '36', '3601', 115.883536, 28.661977);
INSERT INTO `county` VALUES ('360104', '青云谱区', '36', '3601', 115.931416, 28.627236);
INSERT INTO `county` VALUES ('360111', '青山湖区', '36', '3601', 115.968552, 28.687596);
INSERT INTO `county` VALUES ('360112', '新建区', '36', '3601', 115.821451, 28.698749);
INSERT INTO `county` VALUES ('360113', '红谷滩区', '36', '3601', 115.864846, 28.704074);
INSERT INTO `county` VALUES ('360121', '南昌县', '36', '3601', 115.95046, 28.551604);
INSERT INTO `county` VALUES ('360123', '安义县', '36', '3601', 115.555441, 28.850794);
INSERT INTO `county` VALUES ('360124', '进贤县', '36', '3601', 116.248538, 28.382759);
INSERT INTO `county` VALUES ('360202', '昌江区', '36', '3602', 117.190579, 29.278854);
INSERT INTO `county` VALUES ('360203', '珠山区', '36', '3602', 117.209548, 29.305778);
INSERT INTO `county` VALUES ('360222', '浮梁县', '36', '3602', 117.221466, 29.357788);
INSERT INTO `county` VALUES ('360281', '乐平市', '36', '3602', 117.158511, 28.984364);
INSERT INTO `county` VALUES ('360302', '安源区', '36', '3603', 113.87744, 27.621308);
INSERT INTO `county` VALUES ('360313', '湘东区', '36', '3603', 113.7405, 27.645875);
INSERT INTO `county` VALUES ('360321', '莲花县', '36', '3603', 113.968541, 27.133463);
INSERT INTO `county` VALUES ('360322', '上栗县', '36', '3603', 113.801538, 27.886416);
INSERT INTO `county` VALUES ('360323', '芦溪县', '36', '3603', 114.036519, 27.636605);
INSERT INTO `county` VALUES ('360402', '濂溪区', '36', '3604', 115.995599, 29.677495);
INSERT INTO `county` VALUES ('360403', '浔阳区', '36', '3604', 116.007874, 29.711337);
INSERT INTO `county` VALUES ('360404', '柴桑区', '36', '3604', 115.917402, 29.614805);
INSERT INTO `county` VALUES ('360423', '武宁县', '36', '3604', 115.107442, 29.262352);
INSERT INTO `county` VALUES ('360424', '修水县', '36', '3604', 114.553568, 29.031176);
INSERT INTO `county` VALUES ('360425', '永修县', '36', '3604', 115.838519, 29.018016);
INSERT INTO `county` VALUES ('360426', '德安县', '36', '3604', 115.762578, 29.319172);
INSERT INTO `county` VALUES ('360428', '都昌县', '36', '3604', 116.210552, 29.278965);
INSERT INTO `county` VALUES ('360429', '湖口县', '36', '3604', 116.258471, 29.737132);
INSERT INTO `county` VALUES ('360430', '彭泽县', '36', '3604', 116.55551, 29.902122);
INSERT INTO `county` VALUES ('360481', '瑞昌市', '36', '3604', 115.68743, 29.681951);
INSERT INTO `county` VALUES ('360482', '共青城市', '36', '3604', 115.82142, 29.248741);
INSERT INTO `county` VALUES ('360483', '庐山市', '36', '3604', 116.051426, 29.454539);
INSERT INTO `county` VALUES ('360502', '渝水区', '36', '3605', 114.951424, 27.80684);
INSERT INTO `county` VALUES ('360521', '分宜县', '36', '3605', 114.698472, 27.820731);
INSERT INTO `county` VALUES ('360602', '月湖区', '36', '3606', 117.043548, 28.245078);
INSERT INTO `county` VALUES ('360603', '余江区', '36', '3606', 116.824594, 28.215354);
INSERT INTO `county` VALUES ('360681', '贵溪市', '36', '3606', 117.251399, 28.298735);
INSERT INTO `county` VALUES ('360702', '章贡区', '36', '3607', 114.927551, 25.823747);
INSERT INTO `county` VALUES ('360703', '南康区', '36', '3607', 114.771538, 25.667053);
INSERT INTO `county` VALUES ('360704', '赣县区', '36', '3607', 115.01857, 25.866385);
INSERT INTO `county` VALUES ('360722', '信丰县', '36', '3607', 114.929521, 25.391975);
INSERT INTO `county` VALUES ('360723', '大余县', '36', '3607', 114.368407, 25.407637);
INSERT INTO `county` VALUES ('360724', '上犹县', '36', '3607', 114.558549, 25.790519);
INSERT INTO `county` VALUES ('360725', '崇义县', '36', '3607', 114.314572, 25.687687);
INSERT INTO `county` VALUES ('360726', '安远县', '36', '3607', 115.400559, 25.142743);
INSERT INTO `county` VALUES ('360728', '定南县', '36', '3607', 115.034564, 24.789784);
INSERT INTO `county` VALUES ('360729', '全南县', '36', '3607', 114.536582, 24.748206);
INSERT INTO `county` VALUES ('360730', '宁都县', '36', '3607', 116.015494, 26.47598);
INSERT INTO `county` VALUES ('360731', '于都县', '36', '3607', 115.421499, 25.957894);
INSERT INTO `county` VALUES ('360732', '兴国县', '36', '3607', 115.369552, 26.343883);
INSERT INTO `county` VALUES ('360733', '会昌县', '36', '3607', 115.815732, 25.593531);
INSERT INTO `county` VALUES ('360734', '寻乌县', '36', '3607', 115.653515, 24.969447);
INSERT INTO `county` VALUES ('360735', '石城县', '36', '3607', 116.352594, 26.318972);
INSERT INTO `county` VALUES ('360781', '瑞金市', '36', '3607', 116.033421, 25.891666);
INSERT INTO `county` VALUES ('360783', '龙南市', '36', '3607', 114.796554, 24.916599);
INSERT INTO `county` VALUES ('360802', '吉州区', '36', '3608', 115.001539, 27.149315);
INSERT INTO `county` VALUES ('360803', '青原区', '36', '3608', 115.021561, 27.087663);
INSERT INTO `county` VALUES ('360821', '吉安县', '36', '3608', 114.914591, 27.044989);
INSERT INTO `county` VALUES ('360822', '吉水县', '36', '3608', 115.14257, 27.23526);
INSERT INTO `county` VALUES ('360823', '峡江县', '36', '3608', 115.322403, 27.588235);
INSERT INTO `county` VALUES ('360824', '新干县', '36', '3608', 115.393595, 27.746081);
INSERT INTO `county` VALUES ('360825', '永丰县', '36', '3608', 115.447402, 27.324342);
INSERT INTO `county` VALUES ('360826', '泰和县', '36', '3608', 114.915591, 26.795697);
INSERT INTO `county` VALUES ('360827', '遂川县', '36', '3608', 114.527562, 26.319517);
INSERT INTO `county` VALUES ('360828', '万安县', '36', '3608', 114.792577, 26.464073);
INSERT INTO `county` VALUES ('360829', '安福县', '36', '3608', 114.626478, 27.399076);
INSERT INTO `county` VALUES ('360830', '永新县', '36', '3608', 114.249415, 26.951537);
INSERT INTO `county` VALUES ('360881', '井冈山市', '36', '3608', 114.295556, 26.75371);
INSERT INTO `county` VALUES ('360902', '袁州区', '36', '3609', 114.434561, 27.802583);
INSERT INTO `county` VALUES ('360921', '奉新县', '36', '3609', 115.406551, 28.694029);
INSERT INTO `county` VALUES ('360922', '万载县', '36', '3609', 114.452537, 28.112133);
INSERT INTO `county` VALUES ('360923', '上高县', '36', '3609', 114.931541, 28.238815);
INSERT INTO `county` VALUES ('360924', '宜丰县', '36', '3609', 114.809517, 28.400373);
INSERT INTO `county` VALUES ('360925', '靖安县', '36', '3609', 115.369553, 28.867082);
INSERT INTO `county` VALUES ('360926', '铜鼓县', '36', '3609', 114.36099, 28.519663);
INSERT INTO `county` VALUES ('360981', '丰城市', '36', '3609', 115.777478, 28.166614);
INSERT INTO `county` VALUES ('360982', '樟树市', '36', '3609', 115.552419, 28.062153);
INSERT INTO `county` VALUES ('360983', '高安市', '36', '3609', 115.367088, 28.446871);
INSERT INTO `county` VALUES ('361002', '临川区', '36', '3610', 116.31849, 27.940459);
INSERT INTO `county` VALUES ('361003', '东乡区', '36', '3610', 116.609542, 28.253977);
INSERT INTO `county` VALUES ('361021', '南城县', '36', '3610', 116.643399, 27.576241);
INSERT INTO `county` VALUES ('361022', '黎川县', '36', '3610', 116.914507, 27.28834);
INSERT INTO `county` VALUES ('361023', '南丰县', '36', '3610', 116.531404, 27.224734);
INSERT INTO `county` VALUES ('361024', '崇仁县', '36', '3610', 116.083549, 27.75908);
INSERT INTO `county` VALUES ('361025', '乐安县', '36', '3610', 115.837496, 27.43408);
INSERT INTO `county` VALUES ('361026', '宜黄县', '36', '3610', 116.242542, 27.560563);
INSERT INTO `county` VALUES ('361027', '金溪县', '36', '3610', 116.760404, 27.925329);
INSERT INTO `county` VALUES ('361028', '资溪县', '36', '3610', 117.06657, 27.711846);
INSERT INTO `county` VALUES ('361030', '广昌县', '36', '3610', 116.342561, 26.848454);
INSERT INTO `county` VALUES ('361102', '信州区', '36', '3611', 117.973412, 28.437628);
INSERT INTO `county` VALUES ('361103', '广丰区', '36', '3611', 118.19742, 28.442615);
INSERT INTO `county` VALUES ('361104', '广信区', '36', '3611', 117.915584, 28.454187);
INSERT INTO `county` VALUES ('361123', '玉山县', '36', '3611', 118.251563, 28.68775);
INSERT INTO `county` VALUES ('361124', '铅山县', '36', '3611', 117.716422, 28.321505);
INSERT INTO `county` VALUES ('361125', '横峰县', '36', '3611', 117.602397, 28.41344);
INSERT INTO `county` VALUES ('361126', '弋阳县', '36', '3611', 117.455506, 28.384082);
INSERT INTO `county` VALUES ('361127', '余干县', '36', '3611', 116.701601, 28.707866);
INSERT INTO `county` VALUES ('361128', '鄱阳县', '36', '3611', 116.710566, 29.011453);
INSERT INTO `county` VALUES ('361129', '万年县', '36', '3611', 117.064599, 28.700054);
INSERT INTO `county` VALUES ('361130', '婺源县', '36', '3611', 117.868445, 29.254039);
INSERT INTO `county` VALUES ('361181', '德兴市', '36', '3611', 117.601031, 28.936828);
INSERT INTO `county` VALUES ('370102', '历下区', '37', '3701', 117.082567, 36.672163);
INSERT INTO `county` VALUES ('370103', '市中区', '37', '3701', 103.767559, 29.561364);
INSERT INTO `county` VALUES ('370104', '槐荫区', '37', '3701', 116.907458, 36.657562);
INSERT INTO `county` VALUES ('370105', '天桥区', '37', '3701', 116.993399, 36.684068);
INSERT INTO `county` VALUES ('370112', '历城区', '37', '3701', 117.07159, 36.685656);
INSERT INTO `county` VALUES ('370113', '长清区', '37', '3701', 116.758387, 36.560216);
INSERT INTO `county` VALUES ('370114', '章丘区', '37', '3701', 117.532565, 36.685533);
INSERT INTO `county` VALUES ('370115', '济阳区', '37', '3701', 117.180621, 36.983971);
INSERT INTO `county` VALUES ('370116', '莱芜区', '37', '3701', 117.666591, 36.208841);
INSERT INTO `county` VALUES ('370117', '钢城区', '37', '3701', 117.817496, 36.064719);
INSERT INTO `county` VALUES ('370124', '平阴县', '37', '3701', 116.462617, 36.294861);
INSERT INTO `county` VALUES ('370126', '商河县', '37', '3701', 117.16353, 37.314971);
INSERT INTO `county` VALUES ('370171', '济南高新技术产业开发区', '37', '3701', 116.480878, 40.017587);
INSERT INTO `county` VALUES ('370202', '市南区', '37', '3702', 120.418585, 36.081466);
INSERT INTO `county` VALUES ('370203', '市北区', '37', '3702', 120.381404, 36.09345);
INSERT INTO `county` VALUES ('370211', '黄岛区', '37', '3702', 120.204547, 35.966383);
INSERT INTO `county` VALUES ('370212', '崂山区', '37', '3702', 120.475397, 36.113499);
INSERT INTO `county` VALUES ('370213', '李沧区', '37', '3702', 120.439603, 36.151025);
INSERT INTO `county` VALUES ('370214', '城阳区', '37', '3702', 120.402527, 36.312886);
INSERT INTO `county` VALUES ('370215', '即墨区', '37', '3702', 120.453536, 36.394749);
INSERT INTO `county` VALUES ('370271', '青岛高新技术产业开发区', '37', '3702', 116.480878, 40.017587);
INSERT INTO `county` VALUES ('370281', '胶州市', '37', '3702', 120.039535, 36.270349);
INSERT INTO `county` VALUES ('370283', '平度市', '37', '3702', 119.976701, 36.759936);
INSERT INTO `county` VALUES ('370285', '莱西市', '37', '3702', 120.524556, 36.893956);
INSERT INTO `county` VALUES ('370302', '淄川区', '37', '3703', 117.973412, 36.649835);
INSERT INTO `county` VALUES ('370303', '张店区', '37', '3703', 118.024591, 36.811942);
INSERT INTO `county` VALUES ('370304', '博山区', '37', '3703', 117.868469, 36.500848);
INSERT INTO `county` VALUES ('370305', '临淄区', '37', '3703', 118.315395, 36.832294);
INSERT INTO `county` VALUES ('370306', '周村区', '37', '3703', 117.876482, 36.808994);
INSERT INTO `county` VALUES ('370321', '桓台县', '37', '3703', 118.104434, 36.965608);
INSERT INTO `county` VALUES ('370322', '高青县', '37', '3703', 117.833394, 37.177269);
INSERT INTO `county` VALUES ('370323', '沂源县', '37', '3703', 118.177489, 36.190917);
INSERT INTO `county` VALUES ('370402', '市中区', '37', '3704', 103.767559, 29.561364);
INSERT INTO `county` VALUES ('370403', '薛城区', '37', '3704', 117.269458, 34.801125);
INSERT INTO `county` VALUES ('370404', '峄城区', '37', '3704', 117.596391, 34.7786);
INSERT INTO `county` VALUES ('370405', '台儿庄区', '37', '3704', 117.740425, 34.568763);
INSERT INTO `county` VALUES ('370406', '山亭区', '37', '3704', 117.467443, 35.105692);
INSERT INTO `county` VALUES ('370481', '滕州市', '37', '3704', 117.172565, 35.120035);
INSERT INTO `county` VALUES ('370502', '东营区', '37', '3705', 118.588463, 37.454847);
INSERT INTO `county` VALUES ('370503', '河口区', '37', '3705', 118.532505, 37.89112);
INSERT INTO `county` VALUES ('370505', '垦利区', '37', '3705', 118.581432, 37.578555);
INSERT INTO `county` VALUES ('370522', '利津县', '37', '3705', 118.261618, 37.49586);
INSERT INTO `county` VALUES ('370523', '广饶县', '37', '3705', 118.426002, 37.060489);
INSERT INTO `county` VALUES ('370571', '东营经济技术开发区', '37', '3705', 118.588463, 37.454847);
INSERT INTO `county` VALUES ('370572', '东营港经济开发区', '37', '3705', 116.413384, 39.910925);
INSERT INTO `county` VALUES ('370602', '芝罘区', '37', '3706', 121.40654, 37.546313);
INSERT INTO `county` VALUES ('370611', '福山区', '37', '3706', 121.274605, 37.503668);
INSERT INTO `county` VALUES ('370612', '牟平区', '37', '3706', 121.606549, 37.392915);
INSERT INTO `county` VALUES ('370613', '莱山区', '37', '3706', 121.451381, 37.517649);
INSERT INTO `county` VALUES ('370614', '蓬莱区', '37', '3706', 120.835535, 37.801948);
INSERT INTO `county` VALUES ('370671', '烟台高新技术产业开发区', '37', '3706', 116.480878, 40.017587);
INSERT INTO `county` VALUES ('370672', '烟台经济技术开发区', '37', '3706', 116.413384, 39.910925);
INSERT INTO `county` VALUES ('370681', '龙口市', '37', '3706', 120.485369, 37.652555);
INSERT INTO `county` VALUES ('370682', '莱阳市', '37', '3706', 120.718414, 36.984636);
INSERT INTO `county` VALUES ('370683', '莱州市', '37', '3706', 119.948593, 37.182637);
INSERT INTO `county` VALUES ('370685', '招远市', '37', '3706', 120.440602, 37.361137);
INSERT INTO `county` VALUES ('370686', '栖霞市', '37', '3706', 118.915423, 32.1026);
INSERT INTO `county` VALUES ('370687', '海阳市', '37', '3706', 121.180458, 36.69327);
INSERT INTO `county` VALUES ('370702', '潍城区', '37', '3707', 119.031429, 36.732854);
INSERT INTO `county` VALUES ('370703', '寒亭区', '37', '3707', 119.226615, 36.780744);
INSERT INTO `county` VALUES ('370704', '坊子区', '37', '3707', 119.172401, 36.660742);
INSERT INTO `county` VALUES ('370705', '奎文区', '37', '3707', 119.139471, 36.712752);
INSERT INTO `county` VALUES ('370724', '临朐县', '37', '3707', 118.54945, 36.51913);
INSERT INTO `county` VALUES ('370725', '昌乐县', '37', '3707', 118.836488, 36.712996);
INSERT INTO `county` VALUES ('370772', '潍坊滨海经济技术开发区', '37', '3707', 119.827621, 33.995647);
INSERT INTO `county` VALUES ('370781', '青州市', '37', '3707', 118.486537, 36.690417);
INSERT INTO `county` VALUES ('370782', '诸城市', '37', '3707', 119.416402, 36.002009);
INSERT INTO `county` VALUES ('370783', '寿光市', '37', '3707', 118.797415, 36.861922);
INSERT INTO `county` VALUES ('370784', '安丘市', '37', '3707', 119.225608, 36.483842);
INSERT INTO `county` VALUES ('370785', '高密市', '37', '3707', 119.762411, 36.388957);
INSERT INTO `county` VALUES ('370786', '昌邑市', '37', '3707', 126.581449, 43.887992);
INSERT INTO `county` VALUES ('370811', '任城区', '37', '3708', 116.55447, 35.493731);
INSERT INTO `county` VALUES ('370812', '兖州区', '37', '3708', 116.790115, 35.557952);
INSERT INTO `county` VALUES ('370826', '微山县', '37', '3708', 117.135414, 34.813315);
INSERT INTO `county` VALUES ('370827', '鱼台县', '37', '3708', 116.657393, 35.017888);
INSERT INTO `county` VALUES ('370828', '金乡县', '37', '3708', 116.31853, 35.072569);
INSERT INTO `county` VALUES ('370829', '嘉祥县', '37', '3708', 116.348613, 35.413255);
INSERT INTO `county` VALUES ('370830', '汶上县', '37', '3708', 116.505441, 35.717055);
INSERT INTO `county` VALUES ('370831', '泗水县', '37', '3708', 117.257429, 35.6706);
INSERT INTO `county` VALUES ('370832', '梁山县', '37', '3708', 116.10262, 35.808064);
INSERT INTO `county` VALUES ('370871', '济宁高新技术产业开发区', '37', '3708', 116.480878, 40.017587);
INSERT INTO `county` VALUES ('370881', '曲阜市', '37', '3708', 116.993416, 35.587372);
INSERT INTO `county` VALUES ('370883', '邹城市', '37', '3708', 117.014404, 35.407521);
INSERT INTO `county` VALUES ('370902', '泰山区', '37', '3709', 117.141411, 36.199445);
INSERT INTO `county` VALUES ('370911', '岱岳区', '37', '3709', 117.048556, 36.193291);
INSERT INTO `county` VALUES ('370921', '宁阳县', '37', '3709', 116.812579, 35.764539);
INSERT INTO `county` VALUES ('370923', '东平县', '37', '3709', 116.477594, 35.941908);
INSERT INTO `county` VALUES ('370982', '新泰市', '37', '3709', 117.774606, 35.91462);
INSERT INTO `county` VALUES ('370983', '肥城市', '37', '3709', 116.775401, 36.188811);
INSERT INTO `county` VALUES ('371002', '环翠区', '37', '3710', 122.129538, 37.507968);
INSERT INTO `county` VALUES ('371003', '文登区', '37', '3710', 122.064428, 37.200113);
INSERT INTO `county` VALUES ('371071', '威海火炬高技术产业开发区', '37', '3710', 122.040629, 37.528114);
INSERT INTO `county` VALUES ('371072', '威海经济技术开发区', '37', '3710', 116.413384, 39.910925);
INSERT INTO `county` VALUES ('371073', '威海临港经济技术开发区', '37', '3710', 116.413384, 39.910925);
INSERT INTO `county` VALUES ('371082', '荣成市', '37', '3710', 122.492505, 37.171318);
INSERT INTO `county` VALUES ('371083', '乳山市', '37', '3710', 121.546429, 36.925177);
INSERT INTO `county` VALUES ('371102', '东港区', '37', '3711', 119.468624, 35.431049);
INSERT INTO `county` VALUES ('371103', '岚山区', '37', '3711', 119.32553, 35.127432);
INSERT INTO `county` VALUES ('371121', '五莲县', '37', '3711', 119.21558, 35.755697);
INSERT INTO `county` VALUES ('371122', '莒县', '37', '3711', 118.875712, 35.596872);
INSERT INTO `county` VALUES ('371171', '日照经济技术开发区', '37', '3711', 116.413384, 39.910925);
INSERT INTO `county` VALUES ('371302', '兰山区', '37', '3713', 118.3545, 35.05734);
INSERT INTO `county` VALUES ('371311', '罗庄区', '37', '3713', 118.291513, 35.002504);
INSERT INTO `county` VALUES ('371312', '河东区', '37', '3713', 117.258413, 39.134487);
INSERT INTO `county` VALUES ('371321', '沂南县', '37', '3713', 118.471492, 35.556098);
INSERT INTO `county` VALUES ('371322', '郯城县', '37', '3713', 118.373587, 34.619226);
INSERT INTO `county` VALUES ('371323', '沂水县', '37', '3713', 118.634617, 35.796181);
INSERT INTO `county` VALUES ('371324', '兰陵县', '37', '3713', 118.077409, 34.863616);
INSERT INTO `county` VALUES ('371325', '费县', '37', '3713', 117.984425, 35.272304);
INSERT INTO `county` VALUES ('371326', '平邑县', '37', '3713', 117.621263, 35.52306);
INSERT INTO `county` VALUES ('371327', '莒南县', '37', '3713', 118.841541, 35.180812);
INSERT INTO `county` VALUES ('371328', '蒙阴县', '37', '3713', 117.951415, 35.716347);
INSERT INTO `county` VALUES ('371329', '临沭县', '37', '3713', 118.657495, 34.926019);
INSERT INTO `county` VALUES ('371371', '临沂高新技术产业开发区', '37', '3713', 116.480878, 40.017587);
INSERT INTO `county` VALUES ('371402', '德城区', '37', '3714', 116.305449, 37.456993);
INSERT INTO `county` VALUES ('371403', '陵城区', '37', '3714', 116.5894, 37.347132);
INSERT INTO `county` VALUES ('371422', '宁津县', '37', '3714', 116.806538, 37.658019);
INSERT INTO `county` VALUES ('371423', '庆云县', '37', '3714', 117.391452, 37.781585);
INSERT INTO `county` VALUES ('371424', '临邑县', '37', '3714', 116.873404, 37.196169);
INSERT INTO `county` VALUES ('371425', '齐河县', '37', '3714', 116.769387, 36.789945);
INSERT INTO `county` VALUES ('371426', '平原县', '37', '3714', 116.440505, 37.171221);
INSERT INTO `county` VALUES ('371427', '夏津县', '37', '3714', 116.008534, 36.954155);
INSERT INTO `county` VALUES ('371428', '武城县', '37', '3714', 116.075506, 37.219222);
INSERT INTO `county` VALUES ('371471', '德州经济技术开发区', '37', '3714', 116.413384, 39.910925);
INSERT INTO `county` VALUES ('371472', '德州运河经济开发区', '37', '3714', 116.267154, 37.456114);
INSERT INTO `county` VALUES ('371481', '乐陵市', '37', '3714', 117.238406, 37.735925);
INSERT INTO `county` VALUES ('371482', '禹城市', '37', '3714', 116.644371, 36.940242);
INSERT INTO `county` VALUES ('371502', '东昌府区', '37', '3715', 116.013058, 36.418518);
INSERT INTO `county` VALUES ('371503', '茌平区', '37', '3715', 116.261455, 36.586785);
INSERT INTO `county` VALUES ('371521', '阳谷县', '37', '3715', 115.798396, 36.120816);
INSERT INTO `county` VALUES ('371522', '莘县', '37', '3715', 115.677397, 36.239907);
INSERT INTO `county` VALUES ('371524', '东阿县', '37', '3715', 116.254493, 36.340958);
INSERT INTO `county` VALUES ('371525', '冠县', '37', '3715', 115.449396, 36.490243);
INSERT INTO `county` VALUES ('371526', '高唐县', '37', '3715', 116.235604, 36.851591);
INSERT INTO `county` VALUES ('371581', '临清市', '37', '3715', 115.71147, 36.844289);
INSERT INTO `county` VALUES ('371602', '滨城区', '37', '3716', 118.026604, 37.436843);
INSERT INTO `county` VALUES ('371603', '沾化区', '37', '3716', 118.105454, 37.705298);
INSERT INTO `county` VALUES ('371621', '惠民县', '37', '3716', 117.51651, 37.495803);
INSERT INTO `county` VALUES ('371622', '阳信县', '37', '3716', 117.584437, 37.647338);
INSERT INTO `county` VALUES ('371623', '无棣县', '37', '3716', 117.632457, 37.777567);
INSERT INTO `county` VALUES ('371625', '博兴县', '37', '3716', 118.117493, 37.160477);
INSERT INTO `county` VALUES ('371681', '邹平市', '37', '3716', 117.749478, 36.870032);
INSERT INTO `county` VALUES ('371702', '牡丹区', '37', '3717', 115.423443, 35.257018);
INSERT INTO `county` VALUES ('371703', '定陶区', '37', '3717', 115.579437, 35.077275);
INSERT INTO `county` VALUES ('371721', '曹县', '37', '3717', 115.548457, 34.831809);
INSERT INTO `county` VALUES ('371722', '单县', '37', '3717', 116.111584, 34.784658);
INSERT INTO `county` VALUES ('371723', '成武县', '37', '3717', 115.896519, 34.958606);
INSERT INTO `county` VALUES ('371724', '巨野县', '37', '3717', 116.101599, 35.402062);
INSERT INTO `county` VALUES ('371725', '郓城县', '37', '3717', 115.945393, 35.581476);
INSERT INTO `county` VALUES ('371726', '鄄城县', '37', '3717', 115.516607, 35.569204);
INSERT INTO `county` VALUES ('371728', '东明县', '37', '3717', 115.114025, 35.281725);
INSERT INTO `county` VALUES ('371771', '菏泽经济技术开发区', '37', '3717', 116.413384, 39.910925);
INSERT INTO `county` VALUES ('371772', '菏泽高新技术开发区', '37', '3717', 116.413384, 39.910925);
INSERT INTO `county` VALUES ('410102', '中原区', '41', '4101', 113.619476, 34.754451);
INSERT INTO `county` VALUES ('410103', '二七区', '41', '4101', 116.413384, 39.910925);
INSERT INTO `county` VALUES ('410104', '管城回族区', '41', '4101', 113.683525, 34.759674);
INSERT INTO `county` VALUES ('410105', '金水区', '41', '4101', 113.666448, 34.80607);
INSERT INTO `county` VALUES ('410106', '上街区', '41', '4101', 113.315497, 34.808819);
INSERT INTO `county` VALUES ('410108', '惠济区', '41', '4101', 113.623455, 34.87352);
INSERT INTO `county` VALUES ('410122', '中牟县', '41', '4101', 113.982485, 34.725011);
INSERT INTO `county` VALUES ('410171', '郑州经济技术开发区', '41', '4101', 116.413384, 39.910925);
INSERT INTO `county` VALUES ('410172', '郑州高新技术产业开发区', '41', '4101', 116.480878, 40.017587);
INSERT INTO `county` VALUES ('410173', '郑州航空港经济综合实验区', '41', '4101', 113.826503, 34.466352);
INSERT INTO `county` VALUES ('410181', '巩义市', '41', '4101', 113.028431, 34.754097);
INSERT INTO `county` VALUES ('410182', '荥阳市', '41', '4101', 113.389423, 34.793811);
INSERT INTO `county` VALUES ('410183', '新密市', '41', '4101', 113.397391, 34.545898);
INSERT INTO `county` VALUES ('410184', '新郑市', '41', '4101', 113.746434, 34.401766);
INSERT INTO `county` VALUES ('410185', '登封市', '41', '4101', 113.056423, 34.459697);
INSERT INTO `county` VALUES ('410202', '龙亭区', '41', '4102', 114.361413, 34.822036);
INSERT INTO `county` VALUES ('410203', '顺河回族区', '41', '4102', 114.367392, 34.802241);
INSERT INTO `county` VALUES ('410204', '鼓楼区', '41', '4102', 119.310492, 26.088114);
INSERT INTO `county` VALUES ('410205', '禹王台区', '41', '4102', 114.354398, 34.783472);
INSERT INTO `county` VALUES ('410212', '祥符区', '41', '4102', 114.447533, 34.76274);
INSERT INTO `county` VALUES ('410221', '杞县', '41', '4102', 114.789592, 34.554857);
INSERT INTO `county` VALUES ('410222', '通许县', '41', '4102', 114.473436, 34.486772);
INSERT INTO `county` VALUES ('410223', '尉氏县', '41', '4102', 114.199561, 34.417228);
INSERT INTO `county` VALUES ('410225', '兰考县', '41', '4102', 114.825236, 34.862211);
INSERT INTO `county` VALUES ('410302', '老城区', '41', '4103', 112.476504, 34.689601);
INSERT INTO `county` VALUES ('410303', '西工区', '41', '4103', 112.4344, 34.666768);
INSERT INTO `county` VALUES ('410304', '瀍河回族区', '41', '4103', 112.506604, 34.685462);
INSERT INTO `county` VALUES ('410305', '涧西区', '41', '4103', 112.402552, 34.663469);
INSERT INTO `county` VALUES ('410307', '偃师区', '41', '4103', 112.796421, 34.733797);
INSERT INTO `county` VALUES ('410308', '孟津区', '41', '4103', 112.451418, 34.831732);
INSERT INTO `county` VALUES ('410311', '洛龙区', '41', '4103', 112.470469, 34.624705);
INSERT INTO `county` VALUES ('410323', '新安县', '41', '4103', 112.14061, 34.734383);
INSERT INTO `county` VALUES ('410324', '栾川县', '41', '4103', 111.622427, 33.791822);
INSERT INTO `county` VALUES ('410325', '嵩县', '41', '4103', 112.092408, 34.140722);
INSERT INTO `county` VALUES ('410326', '汝阳县', '41', '4103', 112.479503, 34.159843);
INSERT INTO `county` VALUES ('410327', '宜阳县', '41', '4103', 112.179465, 34.541047);
INSERT INTO `county` VALUES ('410328', '洛宁县', '41', '4103', 111.659587, 34.394985);
INSERT INTO `county` VALUES ('410329', '伊川县', '41', '4103', 112.432407, 34.427646);
INSERT INTO `county` VALUES ('410371', '洛阳高新技术产业开发区', '41', '4103', 116.480878, 40.017587);
INSERT INTO `county` VALUES ('410402', '新华区', '41', '4104', 114.469438, 38.05712);
INSERT INTO `county` VALUES ('410403', '卫东区', '41', '4104', 113.341611, 33.740376);
INSERT INTO `county` VALUES ('410404', '石龙区', '41', '4104', 112.905455, 33.904754);
INSERT INTO `county` VALUES ('410411', '湛河区', '41', '4104', 113.250515, 33.68579);
INSERT INTO `county` VALUES ('410421', '宝丰县', '41', '4104', 113.061447, 33.874746);
INSERT INTO `county` VALUES ('410422', '叶县', '41', '4104', 113.363582, 33.632492);
INSERT INTO `county` VALUES ('410423', '鲁山县', '41', '4104', 112.914434, 33.744879);
INSERT INTO `county` VALUES ('410425', '郏县', '41', '4104', 113.219606, 33.977486);
INSERT INTO `county` VALUES ('410471', '平顶山高新技术产业开发区', '41', '4104', 113.394038, 33.738545);
INSERT INTO `county` VALUES ('410472', '平顶山市城乡一体化示范区', '41', '4104', 113.199529, 33.772051);
INSERT INTO `county` VALUES ('410481', '舞钢市', '41', '4104', 113.53141, 33.299431);
INSERT INTO `county` VALUES ('410482', '汝州市', '41', '4104', 112.85055, 34.172768);
INSERT INTO `county` VALUES ('410502', '文峰区', '41', '4105', 114.363374, 36.096833);
INSERT INTO `county` VALUES ('410503', '北关区', '41', '4105', 114.362382, 36.113132);
INSERT INTO `county` VALUES ('410505', '殷都区', '41', '4105', 114.309598, 36.115758);
INSERT INTO `county` VALUES ('410506', '龙安区', '41', '4105', 114.307593, 36.082753);
INSERT INTO `county` VALUES ('410522', '安阳县', '41', '4105', 114.476734, 36.088624);
INSERT INTO `county` VALUES ('410523', '汤阴县', '41', '4105', 114.363409, 35.927644);
INSERT INTO `county` VALUES ('410526', '滑县', '41', '4105', 114.525553, 35.581045);
INSERT INTO `county` VALUES ('410527', '内黄县', '41', '4105', 114.907589, 35.97695);
INSERT INTO `county` VALUES ('410571', '安阳高新技术产业开发区', '41', '4105', 116.480878, 40.017587);
INSERT INTO `county` VALUES ('410581', '林州市', '41', '4105', 113.82559, 36.088853);
INSERT INTO `county` VALUES ('410602', '鹤山区', '41', '4106', 114.169555, 35.96028);
INSERT INTO `county` VALUES ('410603', '山城区', '41', '4106', 114.190621, 35.90337);
INSERT INTO `county` VALUES ('410611', '淇滨区', '41', '4106', 114.305591, 35.746953);
INSERT INTO `county` VALUES ('410621', '浚县', '41', '4106', 114.557608, 35.681917);
INSERT INTO `county` VALUES ('410622', '淇县', '41', '4106', 114.21549, 35.627277);
INSERT INTO `county` VALUES ('410671', '鹤壁经济技术开发区', '41', '4106', 116.413384, 39.910925);
INSERT INTO `county` VALUES ('410702', '红旗区', '41', '4107', 113.881416, 35.310136);
INSERT INTO `county` VALUES ('410703', '卫滨区', '41', '4107', 113.872439, 35.308459);
INSERT INTO `county` VALUES ('410704', '凤泉区', '41', '4107', 113.91251, 35.37782);
INSERT INTO `county` VALUES ('410711', '牧野区', '41', '4107', 113.915513, 35.321023);
INSERT INTO `county` VALUES ('410721', '新乡县', '41', '4107', 113.811594, 35.196564);
INSERT INTO `county` VALUES ('410724', '获嘉县', '41', '4107', 113.663417, 35.265809);
INSERT INTO `county` VALUES ('410725', '原阳县', '41', '4107', 113.946624, 35.071164);
INSERT INTO `county` VALUES ('410726', '延津县', '41', '4107', 114.211512, 35.147807);
INSERT INTO `county` VALUES ('410727', '封丘县', '41', '4107', 114.425606, 35.046858);
INSERT INTO `county` VALUES ('410771', '新乡高新技术产业开发区', '41', '4107', 116.480878, 40.017587);
INSERT INTO `county` VALUES ('410772', '新乡经济技术开发区', '41', '4107', 116.413384, 39.910925);
INSERT INTO `county` VALUES ('410773', '新乡市平原城乡一体化示范区', '41', '4107', 113.855676, 35.26109);
INSERT INTO `county` VALUES ('410781', '卫辉市', '41', '4107', 114.071601, 35.404069);
INSERT INTO `county` VALUES ('410782', '辉县市', '41', '4107', 113.811573, 35.467958);
INSERT INTO `county` VALUES ('410783', '长垣市', '41', '4107', 114.67561, 35.207198);
INSERT INTO `county` VALUES ('410802', '解放区', '41', '4108', 113.237572, 35.24631);
INSERT INTO `county` VALUES ('410803', '中站区', '41', '4108', 113.189448, 35.242617);
INSERT INTO `county` VALUES ('410804', '马村区', '41', '4108', 113.328544, 35.261894);
INSERT INTO `county` VALUES ('410811', '山阳区', '41', '4108', 113.260484, 35.220272);
INSERT INTO `county` VALUES ('410821', '修武县', '41', '4108', 113.454582, 35.229323);
INSERT INTO `county` VALUES ('410822', '博爱县', '41', '4108', 113.070478, 35.177308);
INSERT INTO `county` VALUES ('410823', '武陟县', '41', '4108', 113.408396, 35.105838);
INSERT INTO `county` VALUES ('410825', '温县', '41', '4108', 113.086569, 34.946135);
INSERT INTO `county` VALUES ('410871', '焦作城乡一体化示范区', '41', '4108', 116.413384, 39.910925);
INSERT INTO `county` VALUES ('410882', '沁阳市', '41', '4108', 112.957517, 35.093786);
INSERT INTO `county` VALUES ('410883', '孟州市', '41', '4108', 112.797395, 34.913598);
INSERT INTO `county` VALUES ('410902', '华龙区', '41', '4109', 115.080413, 35.783633);
INSERT INTO `county` VALUES ('410922', '清丰县', '41', '4109', 115.110472, 35.891308);
INSERT INTO `county` VALUES ('410923', '南乐县', '41', '4109', 115.211386, 36.076031);
INSERT INTO `county` VALUES ('410926', '范县', '41', '4109', 115.510586, 35.857655);
INSERT INTO `county` VALUES ('410927', '台前县', '41', '4109', 115.878568, 35.975013);
INSERT INTO `county` VALUES ('410928', '濮阳县', '41', '4109', 115.035584, 35.717889);
INSERT INTO `county` VALUES ('410971', '河南濮阳工业园区', '41', '4109', 115.188904, 35.755604);
INSERT INTO `county` VALUES ('410972', '濮阳经济技术开发区', '41', '4109', 115.035584, 35.717889);
INSERT INTO `county` VALUES ('411002', '魏都区', '41', '4110', 113.837541, 34.053251);
INSERT INTO `county` VALUES ('411003', '建安区', '41', '4110', 113.829478, 34.130525);
INSERT INTO `county` VALUES ('411024', '鄢陵县', '41', '4110', 114.184638, 34.108882);
INSERT INTO `county` VALUES ('411025', '襄城县', '41', '4110', 113.51342, 33.857912);
INSERT INTO `county` VALUES ('411071', '许昌经济技术开发区', '41', '4110', 116.413384, 39.910925);
INSERT INTO `county` VALUES ('411081', '禹州市', '41', '4110', 113.495224, 34.148267);
INSERT INTO `county` VALUES ('411082', '长葛市', '41', '4110', 113.820658, 34.201539);
INSERT INTO `county` VALUES ('411102', '源汇区', '41', '4111', 113.990414, 33.578423);
INSERT INTO `county` VALUES ('411103', '郾城区', '41', '4111', 114.013394, 33.593416);
INSERT INTO `county` VALUES ('411104', '召陵区', '41', '4111', 114.100467, 33.592468);
INSERT INTO `county` VALUES ('411121', '舞阳县', '41', '4111', 113.61549, 33.443578);
INSERT INTO `county` VALUES ('411122', '临颍县', '41', '4111', 113.937578, 33.832692);
INSERT INTO `county` VALUES ('411171', '漯河经济技术开发区', '41', '4111', 116.413384, 39.910925);
INSERT INTO `county` VALUES ('411202', '湖滨区', '41', '4112', 111.195574, 34.775997);
INSERT INTO `county` VALUES ('411203', '陕州区', '41', '4112', 111.109451, 34.726915);
INSERT INTO `county` VALUES ('411221', '渑池县', '41', '4112', 111.768542, 34.773197);
INSERT INTO `county` VALUES ('411224', '卢氏县', '41', '4112', 111.054564, 34.059925);
INSERT INTO `county` VALUES ('411271', '河南三门峡经济开发区', '41', '4112', 111.206533, 34.778327);
INSERT INTO `county` VALUES ('411281', '义马市', '41', '4112', 111.880515, 34.753028);
INSERT INTO `county` VALUES ('411282', '灵宝市', '41', '4112', 110.900408, 34.523143);
INSERT INTO `county` VALUES ('411302', '宛城区', '41', '4113', 112.546454, 33.00987);
INSERT INTO `county` VALUES ('411303', '卧龙区', '41', '4113', 112.541462, 32.992484);
INSERT INTO `county` VALUES ('411321', '南召县', '41', '4113', 112.435425, 33.496186);
INSERT INTO `county` VALUES ('411322', '方城县', '41', '4113', 113.018503, 33.260539);
INSERT INTO `county` VALUES ('411323', '西峡县', '41', '4113', 111.480398, 33.313316);
INSERT INTO `county` VALUES ('411324', '镇平县', '41', '4113', 112.241544, 33.039719);
INSERT INTO `county` VALUES ('411325', '内乡县', '41', '4113', 111.855425, 33.051203);
INSERT INTO `county` VALUES ('411326', '淅川县', '41', '4113', 111.497432, 33.144185);
INSERT INTO `county` VALUES ('411327', '社旗县', '41', '4113', 112.954493, 33.062237);
INSERT INTO `county` VALUES ('411328', '唐河县', '41', '4113', 112.813424, 32.687721);
INSERT INTO `county` VALUES ('411329', '新野县', '41', '4113', 112.36655, 32.526632);
INSERT INTO `county` VALUES ('411330', '桐柏县', '41', '4113', 113.434473, 32.385131);
INSERT INTO `county` VALUES ('411371', '南阳高新技术产业开发区', '41', '4113', 116.480878, 40.017587);
INSERT INTO `county` VALUES ('411372', '南阳市城乡一体化示范区', '41', '4113', 112.597317, 32.981518);
INSERT INTO `county` VALUES ('411381', '邓州市', '41', '4113', 112.09342, 32.693917);
INSERT INTO `county` VALUES ('411402', '梁园区', '41', '4114', 115.620602, 34.449471);
INSERT INTO `county` VALUES ('411403', '睢阳区', '41', '4114', 115.659476, 34.394152);
INSERT INTO `county` VALUES ('411421', '民权县', '41', '4114', 115.154576, 34.652479);
INSERT INTO `county` VALUES ('411422', '睢县', '41', '4114', 115.078411, 34.451617);
INSERT INTO `county` VALUES ('411423', '宁陵县', '41', '4114', 115.320418, 34.466634);
INSERT INTO `county` VALUES ('411424', '柘城县', '41', '4114', 115.312435, 34.09736);
INSERT INTO `county` VALUES ('411425', '虞城县', '41', '4114', 115.834473, 34.405332);
INSERT INTO `county` VALUES ('411426', '夏邑县', '41', '4114', 116.137512, 34.243523);
INSERT INTO `county` VALUES ('411471', '豫东综合物流产业聚集区', '41', '4114', 116.413384, 39.910925);
INSERT INTO `county` VALUES ('411472', '河南商丘经济开发区', '41', '4114', 116.413384, 39.910925);
INSERT INTO `county` VALUES ('411481', '永城市', '41', '4114', 116.455566, 33.934801);
INSERT INTO `county` VALUES ('411502', '浉河区', '41', '4115', 114.065581, 32.122554);
INSERT INTO `county` VALUES ('411503', '平桥区', '41', '4115', 114.132407, 32.107325);
INSERT INTO `county` VALUES ('411521', '罗山县', '41', '4115', 114.51953, 32.20915);
INSERT INTO `county` VALUES ('411522', '光山县', '41', '4115', 114.925533, 32.015907);
INSERT INTO `county` VALUES ('411523', '新县', '41', '4115', 114.885525, 31.649738);
INSERT INTO `county` VALUES ('411524', '商城县', '41', '4115', 115.413513, 31.804345);
INSERT INTO `county` VALUES ('411525', '固始县', '41', '4115', 115.660488, 32.174174);
INSERT INTO `county` VALUES ('411526', '潢川县', '41', '4115', 115.058471, 32.137531);
INSERT INTO `county` VALUES ('411527', '淮滨县', '41', '4115', 115.426439, 32.47947);
INSERT INTO `county` VALUES ('411528', '息县', '41', '4115', 114.747453, 32.348956);
INSERT INTO `county` VALUES ('411571', '信阳高新技术产业开发区', '41', '4115', 116.480878, 40.017587);
INSERT INTO `county` VALUES ('411602', '川汇区', '41', '4116', 114.657602, 33.652997);
INSERT INTO `county` VALUES ('411603', '淮阳区', '41', '4116', 114.892586, 33.737347);
INSERT INTO `county` VALUES ('411621', '扶沟县', '41', '4116', 114.40151, 34.065906);
INSERT INTO `county` VALUES ('411622', '西华县', '41', '4116', 114.535597, 33.773215);
INSERT INTO `county` VALUES ('411623', '商水县', '41', '4116', 114.618416, 33.548877);
INSERT INTO `county` VALUES ('411624', '沈丘县', '41', '4116', 115.105455, 33.415691);
INSERT INTO `county` VALUES ('411625', '郸城县', '41', '4116', 115.183478, 33.650828);
INSERT INTO `county` VALUES ('411627', '太康县', '41', '4116', 114.844384, 34.070038);
INSERT INTO `county` VALUES ('411628', '鹿邑县', '41', '4116', 115.490585, 33.867173);
INSERT INTO `county` VALUES ('411671', '河南周口经济开发区', '41', '4116', 114.707983, 33.643084);
INSERT INTO `county` VALUES ('411681', '项城市', '41', '4116', 114.881514, 33.473007);
INSERT INTO `county` VALUES ('411702', '驿城区', '41', '4117', 114.000387, 32.97952);
INSERT INTO `county` VALUES ('411721', '西平县', '41', '4117', 114.027474, 33.393861);
INSERT INTO `county` VALUES ('411722', '上蔡县', '41', '4117', 114.270487, 33.268511);
INSERT INTO `county` VALUES ('411723', '平舆县', '41', '4117', 114.625429, 32.967982);
INSERT INTO `county` VALUES ('411724', '正阳县', '41', '4117', 114.399497, 32.611641);
INSERT INTO `county` VALUES ('411725', '确山县', '41', '4117', 114.032495, 32.808176);
INSERT INTO `county` VALUES ('411726', '泌阳县', '41', '4117', 113.333558, 32.729731);
INSERT INTO `county` VALUES ('411727', '汝南县', '41', '4117', 114.369409, 33.013141);
INSERT INTO `county` VALUES ('411728', '遂平县', '41', '4117', 114.019441, 33.151971);
INSERT INTO `county` VALUES ('411729', '新蔡县', '41', '4117', 114.971849, 32.751315);
INSERT INTO `county` VALUES ('411771', '河南驻马店经济开发区', '41', '4117', 116.413384, 39.910925);
INSERT INTO `county` VALUES ('419001', '济源市', '41', '4190', 112.608581, 35.072907);
INSERT INTO `county` VALUES ('420102', '江岸区', '42', '4201', 114.316579, 30.605403);
INSERT INTO `county` VALUES ('420103', '江汉区', '42', '4201', 114.277506, 30.607282);
INSERT INTO `county` VALUES ('420104', '硚口区', '42', '4201', 114.22146, 30.587584);
INSERT INTO `county` VALUES ('420105', '汉阳区', '42', '4201', 114.225446, 30.560052);
INSERT INTO `county` VALUES ('420106', '武昌区', '42', '4201', 114.322549, 30.559567);
INSERT INTO `county` VALUES ('420107', '青山区', '42', '4201', 114.391493, 30.646593);
INSERT INTO `county` VALUES ('420111', '洪山区', '42', '4201', 114.350456, 30.506334);
INSERT INTO `county` VALUES ('420112', '东西湖区', '42', '4201', 114.143459, 30.62592);
INSERT INTO `county` VALUES ('420113', '汉南区', '42', '4201', 114.091515, 30.314809);
INSERT INTO `county` VALUES ('420114', '蔡甸区', '42', '4201', 114.03548, 30.588114);
INSERT INTO `county` VALUES ('420115', '江夏区', '42', '4201', 114.328551, 30.381564);
INSERT INTO `county` VALUES ('420116', '黄陂区', '42', '4201', 114.382454, 30.887534);
INSERT INTO `county` VALUES ('420117', '新洲区', '42', '4201', 114.807543, 30.847244);
INSERT INTO `county` VALUES ('420202', '黄石港区', '42', '4202', 115.072417, 30.229053);
INSERT INTO `county` VALUES ('420203', '西塞山区', '42', '4202', 115.116481, 30.210695);
INSERT INTO `county` VALUES ('420204', '下陆区', '42', '4202', 114.967416, 30.180046);
INSERT INTO `county` VALUES ('420205', '铁山区', '42', '4202', 114.907571, 30.212251);
INSERT INTO `county` VALUES ('420222', '阳新县', '42', '4202', 115.221427, 29.836542);
INSERT INTO `county` VALUES ('420281', '大冶市', '42', '4202', 114.986436, 30.101668);
INSERT INTO `county` VALUES ('420302', '茅箭区', '42', '4203', 110.81958, 32.597287);
INSERT INTO `county` VALUES ('420303', '张湾区', '42', '4203', 110.775424, 32.6584);
INSERT INTO `county` VALUES ('420304', '郧阳区', '42', '4203', 110.818577, 32.840592);
INSERT INTO `county` VALUES ('420322', '郧西县', '42', '4203', 110.432473, 32.999167);
INSERT INTO `county` VALUES ('420323', '竹山县', '42', '4203', 110.235582, 32.230304);
INSERT INTO `county` VALUES ('420324', '竹溪县', '42', '4203', 109.721542, 32.32412);
INSERT INTO `county` VALUES ('420325', '房县', '42', '4203', 110.733591, 32.046666);
INSERT INTO `county` VALUES ('420381', '丹江口市', '42', '4203', 111.519532, 32.546253);
INSERT INTO `county` VALUES ('420502', '西陵区', '42', '4205', 111.29256, 30.716749);
INSERT INTO `county` VALUES ('420503', '伍家岗区', '42', '4205', 111.367422, 30.650737);
INSERT INTO `county` VALUES ('420504', '点军区', '42', '4205', 111.274471, 30.69933);
INSERT INTO `county` VALUES ('420505', '猇亭区', '42', '4205', 111.441574, 30.536466);
INSERT INTO `county` VALUES ('420506', '夷陵区', '42', '4205', 111.33253, 30.774833);
INSERT INTO `county` VALUES ('420525', '远安县', '42', '4205', 111.64653, 31.066628);
INSERT INTO `county` VALUES ('420526', '兴山县', '42', '4205', 130.309989, 47.364002);
INSERT INTO `county` VALUES ('420527', '秭归县', '42', '4205', 110.984449, 30.831932);
INSERT INTO `county` VALUES ('420528', '长阳土家族自治县', '42', '4205', 111.213507, 30.478646);
INSERT INTO `county` VALUES ('420529', '五峰土家族自治县', '42', '4205', 111.052581, 30.171156);
INSERT INTO `county` VALUES ('420581', '宜都市', '42', '4205', 111.456516, 30.384404);
INSERT INTO `county` VALUES ('420582', '当阳市', '42', '4205', 111.794569, 30.826989);
INSERT INTO `county` VALUES ('420583', '枝江市', '42', '4205', 111.76654, 30.431731);
INSERT INTO `county` VALUES ('420602', '襄城区', '42', '4206', 113.51342, 33.857912);
INSERT INTO `county` VALUES ('420606', '樊城区', '42', '4206', 112.142599, 32.050572);
INSERT INTO `county` VALUES ('420607', '襄州区', '42', '4206', 112.218434, 32.093376);
INSERT INTO `county` VALUES ('420624', '南漳县', '42', '4206', 111.845386, 31.78113);
INSERT INTO `county` VALUES ('420625', '谷城县', '42', '4206', 111.659576, 32.268983);
INSERT INTO `county` VALUES ('420626', '保康县', '42', '4206', 111.267441, 31.883847);
INSERT INTO `county` VALUES ('420682', '老河口市', '42', '4206', 111.681556, 32.39246);
INSERT INTO `county` VALUES ('420683', '枣阳市', '42', '4206', 112.778471, 32.13473);
INSERT INTO `county` VALUES ('420684', '宜城市', '42', '4206', 112.264611, 31.72547);
INSERT INTO `county` VALUES ('420702', '梁子湖区', '42', '4207', 114.691507, 30.105907);
INSERT INTO `county` VALUES ('420703', '华容区', '42', '4207', 112.547462, 29.536286);
INSERT INTO `county` VALUES ('420704', '鄂城区', '42', '4207', 114.8986, 30.406389);
INSERT INTO `county` VALUES ('420802', '东宝区', '42', '4208', 112.208388, 31.058429);
INSERT INTO `county` VALUES ('420804', '掇刀区', '42', '4208', 112.214428, 30.979911);
INSERT INTO `county` VALUES ('420822', '沙洋县', '42', '4208', 112.595485, 30.715315);
INSERT INTO `county` VALUES ('420881', '钟祥市', '42', '4208', 112.594471, 31.17403);
INSERT INTO `county` VALUES ('420882', '京山市', '42', '4208', 113.126548, 31.024331);
INSERT INTO `county` VALUES ('420902', '孝南区', '42', '4209', 113.91749, 30.922978);
INSERT INTO `county` VALUES ('420921', '孝昌县', '42', '4209', 114.004409, 31.26454);
INSERT INTO `county` VALUES ('420922', '大悟县', '42', '4209', 114.133413, 31.56722);
INSERT INTO `county` VALUES ('420923', '云梦县', '42', '4209', 113.759412, 31.027218);
INSERT INTO `county` VALUES ('420981', '应城市', '42', '4209', 113.579567, 30.933977);
INSERT INTO `county` VALUES ('420982', '安陆市', '42', '4209', 113.695583, 31.261415);
INSERT INTO `county` VALUES ('420984', '汉川市', '42', '4209', 113.845549, 30.666914);
INSERT INTO `county` VALUES ('421002', '沙市区', '42', '4210', 112.258613, 30.331699);
INSERT INTO `county` VALUES ('421003', '荆州区', '42', '4210', 112.196414, 30.358989);
INSERT INTO `county` VALUES ('421022', '公安县', '42', '4210', 112.236502, 30.064401);
INSERT INTO `county` VALUES ('421024', '江陵县', '42', '4210', 112.431452, 30.048043);
INSERT INTO `county` VALUES ('421071', '荆州经济技术开发区', '42', '4210', 116.413384, 39.910925);
INSERT INTO `county` VALUES ('421081', '石首市', '42', '4210', 112.43142, 29.727034);
INSERT INTO `county` VALUES ('421083', '洪湖市', '42', '4210', 113.482553, 29.83277);
INSERT INTO `county` VALUES ('421087', '松滋市', '42', '4210', 111.77358, 30.175342);
INSERT INTO `county` VALUES ('421088', '监利市', '42', '4210', 112.91142, 29.845735);
INSERT INTO `county` VALUES ('421102', '黄州区', '42', '4211', 114.886532, 30.440224);
INSERT INTO `county` VALUES ('421121', '团风县', '42', '4211', 114.878524, 30.649368);
INSERT INTO `county` VALUES ('421122', '红安县', '42', '4211', 114.624426, 31.294297);
INSERT INTO `county` VALUES ('421123', '罗田县', '42', '4211', 115.405547, 30.78891);
INSERT INTO `county` VALUES ('421124', '英山县', '42', '4211', 115.687422, 30.74135);
INSERT INTO `county` VALUES ('421125', '浠水县', '42', '4211', 115.271569, 30.457461);
INSERT INTO `county` VALUES ('421126', '蕲春县', '42', '4211', 115.442399, 30.232535);
INSERT INTO `county` VALUES ('421127', '黄梅县', '42', '4211', 115.950462, 30.076605);
INSERT INTO `county` VALUES ('421171', '龙感湖管理区', '42', '4211', 116.413384, 39.910925);
INSERT INTO `county` VALUES ('421181', '麻城市', '42', '4211', 115.016562, 31.176996);
INSERT INTO `county` VALUES ('421182', '武穴市', '42', '4211', 115.567392, 29.850441);
INSERT INTO `county` VALUES ('421202', '咸安区', '42', '4212', 114.30457, 29.858154);
INSERT INTO `county` VALUES ('421221', '嘉鱼县', '42', '4212', 113.94557, 29.976354);
INSERT INTO `county` VALUES ('421222', '通城县', '42', '4212', 113.823568, 29.250858);
INSERT INTO `county` VALUES ('421223', '崇阳县', '42', '4212', 114.046563, 29.561334);
INSERT INTO `county` VALUES ('421224', '通山县', '42', '4212', 114.489393, 29.612634);
INSERT INTO `county` VALUES ('421281', '赤壁市', '42', '4212', 113.906437, 29.730666);
INSERT INTO `county` VALUES ('421303', '曾都区', '42', '4213', 113.377513, 31.722123);
INSERT INTO `county` VALUES ('421321', '随县', '42', '4213', 113.306458, 31.859972);
INSERT INTO `county` VALUES ('421381', '广水市', '42', '4213', 113.832593, 31.622476);
INSERT INTO `county` VALUES ('422801', '恩施市', '42', '4228', 109.48655, 30.301037);
INSERT INTO `county` VALUES ('422802', '利川市', '42', '4228', 108.942481, 30.297203);
INSERT INTO `county` VALUES ('422822', '建始县', '42', '4228', 109.728556, 30.607907);
INSERT INTO `county` VALUES ('422823', '巴东县', '42', '4228', 110.347575, 31.048064);
INSERT INTO `county` VALUES ('422825', '宣恩县', '42', '4228', 109.497568, 29.992604);
INSERT INTO `county` VALUES ('422826', '咸丰县', '42', '4228', 109.146608, 29.671078);
INSERT INTO `county` VALUES ('422827', '来凤县', '42', '4228', 109.413495, 29.499444);
INSERT INTO `county` VALUES ('422828', '鹤峰县', '42', '4228', 110.040424, 29.896116);
INSERT INTO `county` VALUES ('429004', '仙桃市', '42', '4290', 116.413384, 39.910925);
INSERT INTO `county` VALUES ('429005', '潜江市', '42', '4290', 116.413384, 39.910925);
INSERT INTO `county` VALUES ('429006', '天门市', '42', '4290', 116.413384, 39.910925);
INSERT INTO `county` VALUES ('429021', '神农架林区', '42', '4290', 110.682525, 31.750496);
INSERT INTO `county` VALUES ('430102', '芙蓉区', '43', '4301', 113.039408, 28.191913);
INSERT INTO `county` VALUES ('430103', '天心区', '43', '4301', 112.996592, 28.118211);
INSERT INTO `county` VALUES ('430104', '岳麓区', '43', '4301', 112.937448, 28.241489);
INSERT INTO `county` VALUES ('430105', '开福区', '43', '4301', 112.992585, 28.261379);
INSERT INTO `county` VALUES ('430111', '雨花区', '43', '4301', 113.042422, 28.142233);
INSERT INTO `county` VALUES ('430112', '望城区', '43', '4301', 112.824466, 28.367403);
INSERT INTO `county` VALUES ('430121', '长沙县', '43', '4301', 113.087559, 28.251818);
INSERT INTO `county` VALUES ('430181', '浏阳市', '43', '4301', 113.649398, 28.169832);
INSERT INTO `county` VALUES ('430182', '宁乡市', '43', '4301', 112.558407, 28.284105);
INSERT INTO `county` VALUES ('430202', '荷塘区', '43', '4302', 113.180452, 27.862156);
INSERT INTO `county` VALUES ('430203', '芦淞区', '43', '4302', 113.158419, 27.791509);
INSERT INTO `county` VALUES ('430204', '石峰区', '43', '4302', 113.124568, 27.880705);
INSERT INTO `county` VALUES ('430211', '天元区', '43', '4302', 113.089541, 27.833084);
INSERT INTO `county` VALUES ('430212', '渌口区', '43', '4302', 113.150427, 27.704323);
INSERT INTO `county` VALUES ('430223', '攸县', '43', '4302', 113.351578, 27.005772);
INSERT INTO `county` VALUES ('430224', '茶陵县', '43', '4302', 113.545472, 26.783589);
INSERT INTO `county` VALUES ('430225', '炎陵县', '43', '4302', 113.779419, 26.496061);
INSERT INTO `county` VALUES ('430271', '云龙示范区', '43', '4302', 117.258424, 34.259087);
INSERT INTO `county` VALUES ('430281', '醴陵市', '43', '4302', 113.503483, 27.652325);
INSERT INTO `county` VALUES ('430302', '雨湖区', '43', '4303', 112.91345, 27.862467);
INSERT INTO `county` VALUES ('430304', '岳塘区', '43', '4303', 112.975589, 27.877721);
INSERT INTO `county` VALUES ('430321', '湘潭县', '43', '4303', 112.957505, 27.784983);
INSERT INTO `county` VALUES ('430371', '湖南湘潭高新技术产业园区', '43', '4303', 116.480878, 40.017587);
INSERT INTO `county` VALUES ('430372', '湘潭昭山示范区', '43', '4303', 112.957505, 27.784983);
INSERT INTO `county` VALUES ('430373', '湘潭九华示范区', '43', '4303', 112.957505, 27.784983);
INSERT INTO `county` VALUES ('430381', '湘乡市', '43', '4303', 112.541492, 27.740191);
INSERT INTO `county` VALUES ('430382', '韶山市', '43', '4303', 112.533499, 27.921044);
INSERT INTO `county` VALUES ('430405', '珠晖区', '43', '4304', 112.626594, 26.900265);
INSERT INTO `county` VALUES ('430406', '雁峰区', '43', '4304', 112.620411, 26.846539);
INSERT INTO `county` VALUES ('430407', '石鼓区', '43', '4304', 112.60453, 26.948962);
INSERT INTO `county` VALUES ('430408', '蒸湘区', '43', '4304', 112.573444, 26.91772);
INSERT INTO `county` VALUES ('430412', '南岳区', '43', '4304', 112.745574, 27.23836);
INSERT INTO `county` VALUES ('430421', '衡阳县', '43', '4304', 112.377553, 26.975295);
INSERT INTO `county` VALUES ('430422', '衡南县', '43', '4304', 112.684403, 26.744532);
INSERT INTO `county` VALUES ('430423', '衡山县', '43', '4304', 112.875563, 27.235996);
INSERT INTO `county` VALUES ('430424', '衡东县', '43', '4304', 112.959495, 27.087043);
INSERT INTO `county` VALUES ('430426', '祁东县', '43', '4304', 112.096447, 26.805995);
INSERT INTO `county` VALUES ('430471', '衡阳综合保税区', '43', '4304', 112.377553, 26.975295);
INSERT INTO `county` VALUES ('430472', '湖南衡阳高新技术产业园区', '43', '4304', 112.555821, 26.898329);
INSERT INTO `county` VALUES ('430473', '湖南衡阳松木经济开发区', '43', '4304', 112.629112, 26.969091);
INSERT INTO `county` VALUES ('430481', '耒阳市', '43', '4304', 112.866597, 26.428066);
INSERT INTO `county` VALUES ('430482', '常宁市', '43', '4304', 112.405561, 26.42672);
INSERT INTO `county` VALUES ('430502', '双清区', '43', '4305', 111.503442, 27.239109);
INSERT INTO `county` VALUES ('430503', '大祥区', '43', '4305', 111.445528, 27.227014);
INSERT INTO `county` VALUES ('430511', '北塔区', '43', '4305', 111.458497, 27.251536);
INSERT INTO `county` VALUES ('430522', '新邵县', '43', '4305', 111.464449, 27.327132);
INSERT INTO `county` VALUES ('430523', '邵阳县', '43', '4305', 111.280508, 26.996528);
INSERT INTO `county` VALUES ('430524', '隆回县', '43', '4305', 111.039507, 27.119946);
INSERT INTO `county` VALUES ('430525', '洞口县', '43', '4305', 110.582579, 27.065975);
INSERT INTO `county` VALUES ('430527', '绥宁县', '43', '4305', 110.16242, 26.588423);
INSERT INTO `county` VALUES ('430528', '新宁县', '43', '4305', 110.863491, 26.439724);
INSERT INTO `county` VALUES ('430529', '城步苗族自治县', '43', '4305', 110.328537, 26.396203);
INSERT INTO `county` VALUES ('430581', '武冈市', '43', '4305', 110.638408, 26.732899);
INSERT INTO `county` VALUES ('430582', '邵东市', '43', '4305', 111.750491, 27.264507);
INSERT INTO `county` VALUES ('430602', '岳阳楼区', '43', '4306', 113.136481, 29.377995);
INSERT INTO `county` VALUES ('430603', '云溪区', '43', '4306', 113.278407, 29.479907);
INSERT INTO `county` VALUES ('430611', '君山区', '43', '4306', 113.012517, 29.467129);
INSERT INTO `county` VALUES ('430621', '岳阳县', '43', '4306', 113.122544, 29.150269);
INSERT INTO `county` VALUES ('430623', '华容县', '43', '4306', 112.547462, 29.536286);
INSERT INTO `county` VALUES ('430624', '湘阴县', '43', '4306', 112.889522, 28.676676);
INSERT INTO `county` VALUES ('430626', '平江县', '43', '4306', 113.587604, 28.707564);
INSERT INTO `county` VALUES ('430671', '岳阳市屈原管理区', '43', '4306', 112.914182, 28.860717);
INSERT INTO `county` VALUES ('430681', '汨罗市', '43', '4306', 113.073493, 28.812455);
INSERT INTO `county` VALUES ('430682', '临湘市', '43', '4306', 113.456562, 29.482801);
INSERT INTO `county` VALUES ('430702', '武陵区', '43', '4307', 111.689545, 29.060783);
INSERT INTO `county` VALUES ('430703', '鼎城区', '43', '4307', 111.687522, 29.024443);
INSERT INTO `county` VALUES ('430721', '安乡县', '43', '4307', 112.177506, 29.41732);
INSERT INTO `county` VALUES ('430722', '汉寿县', '43', '4307', 111.976412, 28.912288);
INSERT INTO `county` VALUES ('430723', '澧县', '43', '4307', 111.765534, 29.638946);
INSERT INTO `county` VALUES ('430724', '临澧县', '43', '4307', 111.653585, 29.446544);
INSERT INTO `county` VALUES ('430725', '桃源县', '43', '4307', 111.495407, 28.908694);
INSERT INTO `county` VALUES ('430726', '石门县', '43', '4307', 111.386451, 29.590366);
INSERT INTO `county` VALUES ('430771', '常德市西洞庭管理区', '43', '4307', 111.988172, 29.214091);
INSERT INTO `county` VALUES ('430781', '津市市', '43', '4307', 111.884517, 29.611259);
INSERT INTO `county` VALUES ('430802', '永定区', '43', '4308', 116.7385, 24.730108);
INSERT INTO `county` VALUES ('430811', '武陵源区', '43', '4308', 110.557499, 29.351681);
INSERT INTO `county` VALUES ('430821', '慈利县', '43', '4308', 111.145471, 29.435987);
INSERT INTO `county` VALUES ('430822', '桑植县', '43', '4308', 110.170413, 29.405923);
INSERT INTO `county` VALUES ('430902', '资阳区', '43', '4309', 112.330435, 28.597235);
INSERT INTO `county` VALUES ('430903', '赫山区', '43', '4309', 112.380598, 28.584984);
INSERT INTO `county` VALUES ('430921', '南县', '43', '4309', 114.221638, 22.237774);
INSERT INTO `county` VALUES ('430922', '桃江县', '43', '4309', 112.162541, 28.523871);
INSERT INTO `county` VALUES ('430923', '安化县', '43', '4309', 111.219493, 28.380054);
INSERT INTO `county` VALUES ('430971', '益阳市大通湖管理区', '43', '4309', 112.564033, 29.236523);
INSERT INTO `county` VALUES ('430972', '湖南益阳高新技术产业园区', '43', '4309', 112.361699, 28.818588);
INSERT INTO `county` VALUES ('430981', '沅江市', '43', '4309', 112.360532, 28.850234);
INSERT INTO `county` VALUES ('431002', '北湖区', '43', '4310', 113.01741, 25.790537);
INSERT INTO `county` VALUES ('431003', '苏仙区', '43', '4310', 113.048423, 25.806737);
INSERT INTO `county` VALUES ('431021', '桂阳县', '43', '4310', 112.74056, 25.759775);
INSERT INTO `county` VALUES ('431022', '宜章县', '43', '4310', 112.955479, 25.405714);
INSERT INTO `county` VALUES ('431023', '永兴县', '43', '4310', 113.122533, 26.132968);
INSERT INTO `county` VALUES ('431024', '嘉禾县', '43', '4310', 112.375584, 25.593422);
INSERT INTO `county` VALUES ('431025', '临武县', '43', '4310', 112.570411, 25.282527);
INSERT INTO `county` VALUES ('431026', '汝城县', '43', '4310', 113.691545, 25.556057);
INSERT INTO `county` VALUES ('431027', '桂东县', '43', '4310', 113.951594, 26.083174);
INSERT INTO `county` VALUES ('431028', '安仁县', '43', '4310', 113.275424, 26.715683);
INSERT INTO `county` VALUES ('431081', '资兴市', '43', '4310', 113.242556, 25.981874);
INSERT INTO `county` VALUES ('431102', '零陵区', '43', '4311', 111.637502, 26.227682);
INSERT INTO `county` VALUES ('431103', '冷水滩区', '43', '4311', 111.598426, 26.467706);
INSERT INTO `county` VALUES ('431122', '东安县', '43', '4311', 129.633478, 44.58746);
INSERT INTO `county` VALUES ('431123', '双牌县', '43', '4311', 111.667594, 25.967169);
INSERT INTO `county` VALUES ('431124', '道县', '43', '4311', 111.607404, 25.53253);
INSERT INTO `county` VALUES ('431125', '江永县', '43', '4311', 111.350437, 25.279721);
INSERT INTO `county` VALUES ('431126', '宁远县', '43', '4311', 111.952453, 25.577052);
INSERT INTO `county` VALUES ('431127', '蓝山县', '43', '4311', 112.203435, 25.375935);
INSERT INTO `county` VALUES ('431128', '新田县', '43', '4311', 112.210409, 25.909826);
INSERT INTO `county` VALUES ('431129', '江华瑶族自治县', '43', '4311', 111.585452, 25.191349);
INSERT INTO `county` VALUES ('431171', '永州经济技术开发区', '43', '4311', 116.413384, 39.910925);
INSERT INTO `county` VALUES ('431173', '永州市回龙圩管理区', '43', '4311', 111.352268, 25.173967);
INSERT INTO `county` VALUES ('431181', '祁阳市', '43', '4311', 111.84742, 26.586435);
INSERT INTO `county` VALUES ('431202', '鹤城区', '43', '4312', 110.0464, 27.585226);
INSERT INTO `county` VALUES ('431221', '中方县', '43', '4312', 109.951462, 27.446081);
INSERT INTO `county` VALUES ('431222', '沅陵县', '43', '4312', 110.400431, 28.459018);
INSERT INTO `county` VALUES ('431223', '辰溪县', '43', '4312', 110.190487, 28.012605);
INSERT INTO `county` VALUES ('431224', '溆浦县', '43', '4312', 110.601551, 27.913963);
INSERT INTO `county` VALUES ('431225', '会同县', '43', '4312', 109.741586, 26.893384);
INSERT INTO `county` VALUES ('431226', '麻阳苗族自治县', '43', '4312', 109.809436, 27.87193);
INSERT INTO `county` VALUES ('431227', '新晃侗族自治县', '43', '4312', 109.181472, 27.358783);
INSERT INTO `county` VALUES ('431228', '芷江侗族自治县', '43', '4312', 109.691402, 27.449513);
INSERT INTO `county` VALUES ('431229', '靖州苗族侗族自治县', '43', '4312', 109.702452, 26.581321);
INSERT INTO `county` VALUES ('431230', '通道侗族自治县', '43', '4312', 109.790445, 26.16422);
INSERT INTO `county` VALUES ('431271', '怀化市洪江管理区', '43', '4312', 109.84351, 27.215077);
INSERT INTO `county` VALUES ('431281', '洪江市', '43', '4312', 109.84351, 27.215077);
INSERT INTO `county` VALUES ('431302', '娄星区', '43', '4313', 112.008558, 27.735605);
INSERT INTO `county` VALUES ('431321', '双峰县', '43', '4313', 112.18146, 27.462983);
INSERT INTO `county` VALUES ('431322', '新化县', '43', '4313', 111.334515, 27.732667);
INSERT INTO `county` VALUES ('431381', '冷水江市', '43', '4313', 111.44154, 27.692059);
INSERT INTO `county` VALUES ('431382', '涟源市', '43', '4313', 111.670562, 27.698168);
INSERT INTO `county` VALUES ('433101', '吉首市', '43', '4331', 109.704449, 28.267493);
INSERT INTO `county` VALUES ('433122', '泸溪县', '43', '4331', 110.226599, 28.221873);
INSERT INTO `county` VALUES ('433123', '凤凰县', '43', '4331', 109.605527, 27.953848);
INSERT INTO `county` VALUES ('433124', '花垣县', '43', '4331', 109.488562, 28.57791);
INSERT INTO `county` VALUES ('433125', '保靖县', '43', '4331', 109.666474, 28.705969);
INSERT INTO `county` VALUES ('433126', '古丈县', '43', '4331', 109.957507, 28.623084);
INSERT INTO `county` VALUES ('433127', '永顺县', '43', '4331', 109.863586, 28.985774);
INSERT INTO `county` VALUES ('433130', '龙山县', '43', '4331', 125.143452, 42.907634);
INSERT INTO `county` VALUES ('440103', '荔湾区', '44', '4401', 113.250502, 23.131791);
INSERT INTO `county` VALUES ('440104', '越秀区', '44', '4401', 113.273426, 23.13526);
INSERT INTO `county` VALUES ('440105', '海珠区', '44', '4401', 113.32354, 23.088981);
INSERT INTO `county` VALUES ('440106', '天河区', '44', '4401', 113.368509, 23.130358);
INSERT INTO `county` VALUES ('440111', '白云区', '44', '4401', 106.629597, 26.683588);
INSERT INTO `county` VALUES ('440112', '黄埔区', '44', '4401', 113.487071, 23.187492);
INSERT INTO `county` VALUES ('440113', '番禺区', '44', '4401', 113.39047, 22.943831);
INSERT INTO `county` VALUES ('440114', '花都区', '44', '4401', 113.226576, 23.411162);
INSERT INTO `county` VALUES ('440115', '南沙区', '44', '4401', 113.531436, 22.807929);
INSERT INTO `county` VALUES ('440117', '从化区', '44', '4401', 113.593585, 23.553986);
INSERT INTO `county` VALUES ('440118', '增城区', '44', '4401', 113.817546, 23.266592);
INSERT INTO `county` VALUES ('440203', '武江区', '44', '4402', 113.594556, 24.798486);
INSERT INTO `county` VALUES ('440204', '浈江区', '44', '4402', 113.617477, 24.810414);
INSERT INTO `county` VALUES ('440205', '曲江区', '44', '4402', 113.611501, 24.688408);
INSERT INTO `county` VALUES ('440222', '始兴县', '44', '4402', 114.068567, 24.958558);
INSERT INTO `county` VALUES ('440224', '仁化县', '44', '4402', 113.755443, 25.092288);
INSERT INTO `county` VALUES ('440229', '翁源县', '44', '4402', 114.136427, 24.356594);
INSERT INTO `county` VALUES ('440232', '乳源瑶族自治县', '44', '4402', 113.282431, 24.782333);
INSERT INTO `county` VALUES ('440233', '新丰县', '44', '4402', 114.213512, 24.065547);
INSERT INTO `county` VALUES ('440281', '乐昌市', '44', '4402', 113.354579, 25.135592);
INSERT INTO `county` VALUES ('440282', '南雄市', '44', '4402', 114.318579, 25.123527);
INSERT INTO `county` VALUES ('440303', '罗湖区', '44', '4403', 114.137432, 22.554485);
INSERT INTO `county` VALUES ('440304', '福田区', '44', '4403', 114.061491, 22.528501);
INSERT INTO `county` VALUES ('440305', '南山区', '44', '4403', 130.29354, 47.321246);
INSERT INTO `county` VALUES ('440306', '宝安区', '44', '4403', 113.890427, 22.560033);
INSERT INTO `county` VALUES ('440307', '龙岗区', '44', '4403', 114.254455, 22.726017);
INSERT INTO `county` VALUES ('440308', '盐田区', '44', '4403', 114.24343, 22.563438);
INSERT INTO `county` VALUES ('440309', '龙华区', '44', '4403', 114.051153, 22.702687);
INSERT INTO `county` VALUES ('440310', '坪山区', '44', '4403', 114.357197, 22.715376);
INSERT INTO `county` VALUES ('440311', '光明区', '44', '4403', 113.94256, 22.754466);
INSERT INTO `county` VALUES ('440402', '香洲区', '44', '4404', 113.550472, 22.273004);
INSERT INTO `county` VALUES ('440403', '斗门区', '44', '4404', 113.303467, 22.215516);
INSERT INTO `county` VALUES ('440404', '金湾区', '44', '4404', 113.369517, 22.152577);
INSERT INTO `county` VALUES ('440507', '龙湖区', '44', '4405', 116.723525, 23.377776);
INSERT INTO `county` VALUES ('440511', '金平区', '44', '4405', 116.70955, 23.37175);
INSERT INTO `county` VALUES ('440512', '濠江区', '44', '4405', 116.733517, 23.291546);
INSERT INTO `county` VALUES ('440513', '潮阳区', '44', '4405', 116.608515, 23.270855);
INSERT INTO `county` VALUES ('440514', '潮南区', '44', '4405', 116.439491, 23.256341);
INSERT INTO `county` VALUES ('440515', '澄海区', '44', '4405', 116.762425, 23.472341);
INSERT INTO `county` VALUES ('440523', '南澳县', '44', '4405', 117.030496, 23.427812);
INSERT INTO `county` VALUES ('440604', '禅城区', '44', '4406', 113.129505, 23.015374);
INSERT INTO `county` VALUES ('440605', '南海区', '44', '4406', 113.149446, 23.035011);
INSERT INTO `county` VALUES ('440606', '顺德区', '44', '4406', 113.300453, 22.810453);
INSERT INTO `county` VALUES ('440607', '三水区', '44', '4406', 112.903471, 23.16192);
INSERT INTO `county` VALUES ('440608', '高明区', '44', '4406', 112.899472, 22.90635);
INSERT INTO `county` VALUES ('440703', '蓬江区', '44', '4407', 113.084546, 22.601066);
INSERT INTO `county` VALUES ('440704', '江海区', '44', '4407', 113.117557, 22.566115);
INSERT INTO `county` VALUES ('440705', '新会区', '44', '4407', 113.038455, 22.465113);
INSERT INTO `county` VALUES ('440781', '台山市', '44', '4407', 112.800445, 22.257923);
INSERT INTO `county` VALUES ('440783', '开平市', '44', '4407', 118.268608, 39.677144);
INSERT INTO `county` VALUES ('440784', '鹤山市', '44', '4407', 114.169555, 35.96028);
INSERT INTO `county` VALUES ('440785', '恩平市', '44', '4407', 112.311438, 22.189035);
INSERT INTO `county` VALUES ('440802', '赤坎区', '44', '4408', 110.372533, 21.272135);
INSERT INTO `county` VALUES ('440803', '霞山区', '44', '4408', 110.404425, 21.198227);
INSERT INTO `county` VALUES ('440804', '坡头区', '44', '4408', 110.462567, 21.250377);
INSERT INTO `county` VALUES ('440811', '麻章区', '44', '4408', 110.340579, 21.269189);
INSERT INTO `county` VALUES ('440823', '遂溪县', '44', '4408', 110.256515, 21.383103);
INSERT INTO `county` VALUES ('440825', '徐闻县', '44', '4408', 110.182473, 20.331724);
INSERT INTO `county` VALUES ('440881', '廉江市', '44', '4408', 110.292448, 21.615816);
INSERT INTO `county` VALUES ('440882', '雷州市', '44', '4408', 110.102581, 20.919881);
INSERT INTO `county` VALUES ('440883', '吴川市', '44', '4408', 110.78645, 21.447263);
INSERT INTO `county` VALUES ('440902', '茂南区', '44', '4409', 110.925546, 21.647152);
INSERT INTO `county` VALUES ('440904', '电白区', '44', '4409', 111.020471, 21.520351);
INSERT INTO `county` VALUES ('440981', '高州市', '44', '4409', 110.859474, 21.924049);
INSERT INTO `county` VALUES ('440982', '化州市', '44', '4409', 110.646431, 21.670231);
INSERT INTO `county` VALUES ('440983', '信宜市', '44', '4409', 110.953582, 22.360093);
INSERT INTO `county` VALUES ('441202', '端州区', '44', '4412', 112.49156, 23.057564);
INSERT INTO `county` VALUES ('441203', '鼎湖区', '44', '4412', 112.574434, 23.164308);
INSERT INTO `county` VALUES ('441204', '高要区', '44', '4412', 112.464446, 23.031896);
INSERT INTO `county` VALUES ('441223', '广宁县', '44', '4412', 112.447424, 23.641036);
INSERT INTO `county` VALUES ('441224', '怀集县', '44', '4412', 112.173918, 23.926566);
INSERT INTO `county` VALUES ('441225', '封开县', '44', '4412', 111.518526, 23.429769);
INSERT INTO `county` VALUES ('441226', '德庆县', '44', '4412', 111.791554, 23.151373);
INSERT INTO `county` VALUES ('441284', '四会市', '44', '4412', 112.740579, 23.332381);
INSERT INTO `county` VALUES ('441302', '惠城区', '44', '4413', 114.38949, 23.089726);
INSERT INTO `county` VALUES ('441303', '惠阳区', '44', '4413', 114.463464, 22.794721);
INSERT INTO `county` VALUES ('441322', '博罗县', '44', '4413', 114.296573, 23.178806);
INSERT INTO `county` VALUES ('441323', '惠东县', '44', '4413', 114.726426, 22.991443);
INSERT INTO `county` VALUES ('441324', '龙门县', '44', '4413', 114.26143, 23.733838);
INSERT INTO `county` VALUES ('441402', '梅江区', '44', '4414', 116.123536, 24.315879);
INSERT INTO `county` VALUES ('441403', '梅县区', '44', '4414', 116.088562, 24.270999);
INSERT INTO `county` VALUES ('441422', '大埔县', '44', '4414', 114.296932, 22.482672);
INSERT INTO `county` VALUES ('441423', '丰顺县', '44', '4414', 116.188454, 23.745738);
INSERT INTO `county` VALUES ('441424', '五华县', '44', '4414', 102.713423, 25.049835);
INSERT INTO `county` VALUES ('441426', '平远县', '44', '4414', 115.897477, 24.572414);
INSERT INTO `county` VALUES ('441427', '蕉岭县', '44', '4414', 116.177439, 24.664993);
INSERT INTO `county` VALUES ('441481', '兴宁市', '44', '4414', 108.375445, 22.860291);
INSERT INTO `county` VALUES ('441502', '城区', '44', '4415', 113.606568, 37.853433);
INSERT INTO `county` VALUES ('441521', '海丰县', '44', '4415', 115.329445, 22.972744);
INSERT INTO `county` VALUES ('441523', '陆河县', '44', '4415', 115.666483, 23.307677);
INSERT INTO `county` VALUES ('441581', '陆丰市', '44', '4415', 115.65849, 22.923636);
INSERT INTO `county` VALUES ('441602', '源城区', '44', '4416', 114.708439, 23.740298);
INSERT INTO `county` VALUES ('441621', '紫金县', '44', '4416', 115.190448, 23.64143);
INSERT INTO `county` VALUES ('441622', '龙川县', '44', '4416', 115.266555, 24.105851);
INSERT INTO `county` VALUES ('441623', '连平县', '44', '4416', 114.495444, 24.375808);
INSERT INTO `county` VALUES ('441624', '和平县', '44', '4416', 117.221467, 39.12339);
INSERT INTO `county` VALUES ('441625', '东源县', '44', '4416', 114.753508, 23.794258);
INSERT INTO `county` VALUES ('441702', '江城区', '44', '4417', 111.961455, 21.868128);
INSERT INTO `county` VALUES ('441704', '阳东区', '44', '4417', 112.01235, 21.875417);
INSERT INTO `county` VALUES ('441721', '阳西县', '44', '4417', 111.624481, 21.758701);
INSERT INTO `county` VALUES ('441781', '阳春市', '44', '4417', 111.797536, 22.176015);
INSERT INTO `county` VALUES ('441802', '清城区', '44', '4418', 113.069477, 23.704022);
INSERT INTO `county` VALUES ('441803', '清新区', '44', '4418', 112.991558, 23.75427);
INSERT INTO `county` VALUES ('441821', '佛冈县', '44', '4418', 113.538441, 23.885475);
INSERT INTO `county` VALUES ('441823', '阳山县', '44', '4418', 112.64752, 24.470944);
INSERT INTO `county` VALUES ('441825', '连山壮族瑶族自治县', '44', '4418', 112.100426, 24.576846);
INSERT INTO `county` VALUES ('441826', '连南瑶族自治县', '44', '4418', 112.293517, 24.731549);
INSERT INTO `county` VALUES ('441881', '英德市', '44', '4418', 113.421443, 24.191939);
INSERT INTO `county` VALUES ('441882', '连州市', '44', '4418', 112.383573, 24.786467);
INSERT INTO `county` VALUES ('442008', '南朗街道', '44', '4419', 113.53748, 22.50488);
INSERT INTO `county` VALUES ('445102', '湘桥区', '44', '4451', 116.634462, 23.680687);
INSERT INTO `county` VALUES ('445103', '潮安区', '44', '4451', 116.684526, 23.468357);
INSERT INTO `county` VALUES ('445122', '饶平县', '44', '4451', 117.010449, 23.670347);
INSERT INTO `county` VALUES ('445202', '榕城区', '44', '4452', 116.373516, 23.530746);
INSERT INTO `county` VALUES ('445203', '揭东区', '44', '4452', 116.418456, 23.572485);
INSERT INTO `county` VALUES ('445222', '揭西县', '44', '4452', 115.848561, 23.4373);
INSERT INTO `county` VALUES ('445224', '惠来县', '44', '4452', 116.301444, 23.039645);
INSERT INTO `county` VALUES ('445281', '普宁市', '44', '4452', 116.172449, 23.303635);
INSERT INTO `county` VALUES ('445302', '云城区', '44', '4453', 112.050529, 22.933898);
INSERT INTO `county` VALUES ('445303', '云安区', '44', '4453', 112.009563, 23.076893);
INSERT INTO `county` VALUES ('445321', '新兴县', '44', '4453', 130.938371, 45.82231);
INSERT INTO `county` VALUES ('445322', '郁南县', '44', '4453', 111.541554, 23.240174);
INSERT INTO `county` VALUES ('445381', '罗定市', '44', '4453', 111.57648, 22.774296);
INSERT INTO `county` VALUES ('450102', '兴宁区', '45', '4501', 108.375445, 22.860291);
INSERT INTO `county` VALUES ('450103', '青秀区', '45', '4501', 108.501439, 22.792227);
INSERT INTO `county` VALUES ('450105', '江南区', '45', '4501', 108.279494, 22.787046);
INSERT INTO `county` VALUES ('450107', '西乡塘区', '45', '4501', 108.319572, 22.839652);
INSERT INTO `county` VALUES ('450108', '良庆区', '45', '4501', 108.399879, 22.759847);
INSERT INTO `county` VALUES ('450109', '邕宁区', '45', '4501', 108.49342, 22.7646);
INSERT INTO `county` VALUES ('450110', '武鸣区', '45', '4501', 108.281517, 23.164516);
INSERT INTO `county` VALUES ('450123', '隆安县', '45', '4501', 107.702574, 23.171585);
INSERT INTO `county` VALUES ('450124', '马山县', '45', '4501', 108.183562, 23.713878);
INSERT INTO `county` VALUES ('450125', '上林县', '45', '4501', 108.611451, 23.438519);
INSERT INTO `county` VALUES ('450126', '宾阳县', '45', '4501', 108.816502, 23.223701);
INSERT INTO `county` VALUES ('450181', '横州市', '45', '4501', 109.267568, 22.685573);
INSERT INTO `county` VALUES ('450202', '城中区', '45', '4502', 109.417482, 24.321314);
INSERT INTO `county` VALUES ('450203', '鱼峰区', '45', '4502', 109.449416, 24.318522);
INSERT INTO `county` VALUES ('450204', '柳南区', '45', '4502', 109.391552, 24.341579);
INSERT INTO `county` VALUES ('450205', '柳北区', '45', '4502', 109.408532, 24.367867);
INSERT INTO `county` VALUES ('450206', '柳江区', '45', '4502', 109.332444, 24.260815);
INSERT INTO `county` VALUES ('450222', '柳城县', '45', '4502', 109.251562, 24.65637);
INSERT INTO `county` VALUES ('450223', '鹿寨县', '45', '4502', 109.757554, 24.478622);
INSERT INTO `county` VALUES ('450224', '融安县', '45', '4502', 109.404563, 25.230511);
INSERT INTO `county` VALUES ('450225', '融水苗族自治县', '45', '4502', 109.262561, 25.072077);
INSERT INTO `county` VALUES ('450226', '三江侗族自治县', '45', '4502', 109.614547, 25.78883);
INSERT INTO `county` VALUES ('450302', '秀峰区', '45', '4503', 110.270437, 25.279618);
INSERT INTO `county` VALUES ('450303', '叠彩区', '45', '4503', 110.308463, 25.320233);
INSERT INTO `county` VALUES ('450304', '象山区', '45', '4503', 110.287423, 25.26793);
INSERT INTO `county` VALUES ('450305', '七星区', '45', '4503', 110.324538, 25.258567);
INSERT INTO `county` VALUES ('450311', '雁山区', '45', '4503', 110.315479, 25.066214);
INSERT INTO `county` VALUES ('450312', '临桂区', '45', '4503', 110.218587, 25.244302);
INSERT INTO `county` VALUES ('450321', '阳朔县', '45', '4503', 110.503475, 24.784519);
INSERT INTO `county` VALUES ('450323', '灵川县', '45', '4503', 110.332537, 25.41555);
INSERT INTO `county` VALUES ('450324', '全州县', '45', '4503', 111.079569, 25.934343);
INSERT INTO `county` VALUES ('450325', '兴安县', '45', '4503', 130.245546, 47.258716);
INSERT INTO `county` VALUES ('450326', '永福县', '45', '4503', 109.989591, 24.985578);
INSERT INTO `county` VALUES ('450327', '灌阳县', '45', '4503', 111.167552, 25.495121);
INSERT INTO `county` VALUES ('450328', '龙胜各族自治县', '45', '4503', 110.017494, 25.804117);
INSERT INTO `county` VALUES ('450329', '资源县', '45', '4503', 110.658439, 26.048569);
INSERT INTO `county` VALUES ('450330', '平乐县', '45', '4503', 110.649446, 24.639632);
INSERT INTO `county` VALUES ('450332', '恭城瑶族自治县', '45', '4503', 110.83456, 24.837194);
INSERT INTO `county` VALUES ('450381', '荔浦市', '45', '4503', 110.401437, 24.494122);
INSERT INTO `county` VALUES ('450403', '万秀区', '45', '4504', 111.32752, 23.478846);
INSERT INTO `county` VALUES ('450405', '长洲区', '45', '4504', 111.281499, 23.49151);
INSERT INTO `county` VALUES ('450406', '龙圩区', '45', '4504', 111.253448, 23.421414);
INSERT INTO `county` VALUES ('450421', '苍梧县', '45', '4504', 111.555547, 23.845998);
INSERT INTO `county` VALUES ('450422', '藤县', '45', '4504', 110.921499, 23.38101);
INSERT INTO `county` VALUES ('450423', '蒙山县', '45', '4504', 110.531417, 24.200017);
INSERT INTO `county` VALUES ('450481', '岑溪市', '45', '4504', 111.001432, 22.924621);
INSERT INTO `county` VALUES ('450502', '海城区', '45', '4505', 109.124521, 21.481066);
INSERT INTO `county` VALUES ('450503', '银海区', '45', '4505', 109.146545, 21.454769);
INSERT INTO `county` VALUES ('450512', '铁山港区', '45', '4505', 109.428473, 21.535295);
INSERT INTO `county` VALUES ('450521', '合浦县', '45', '4505', 109.213439, 21.667006);
INSERT INTO `county` VALUES ('450602', '港口区', '45', '4506', 108.386483, 21.649566);
INSERT INTO `county` VALUES ('450603', '防城区', '45', '4506', 108.360448, 21.775411);
INSERT INTO `county` VALUES ('450621', '上思县', '45', '4506', 107.990443, 22.159914);
INSERT INTO `county` VALUES ('450681', '东兴市', '45', '4506', 107.977489, 21.553615);
INSERT INTO `county` VALUES ('450702', '钦南区', '45', '4507', 108.664549, 21.945972);
INSERT INTO `county` VALUES ('450703', '钦北区', '45', '4507', 108.638513, 22.020367);
INSERT INTO `county` VALUES ('450721', '灵山县', '45', '4507', 109.297478, 22.422413);
INSERT INTO `county` VALUES ('450722', '浦北县', '45', '4507', 109.563423, 22.277822);
INSERT INTO `county` VALUES ('450802', '港北区', '45', '4508', 109.578433, 23.117564);
INSERT INTO `county` VALUES ('450803', '港南区', '45', '4508', 109.606553, 23.08124);
INSERT INTO `county` VALUES ('450804', '覃塘区', '45', '4508', 109.459427, 23.133251);
INSERT INTO `county` VALUES ('450821', '平南县', '45', '4508', 110.398452, 23.545506);
INSERT INTO `county` VALUES ('450881', '桂平市', '45', '4508', 110.085526, 23.400049);
INSERT INTO `county` VALUES ('450902', '玉州区', '45', '4509', 110.157431, 22.634493);
INSERT INTO `county` VALUES ('450903', '福绵区', '45', '4509', 110.088538, 22.563705);
INSERT INTO `county` VALUES ('450921', '容县', '45', '4509', 110.56453, 22.863666);
INSERT INTO `county` VALUES ('450922', '陆川县', '45', '4509', 110.270456, 22.327222);
INSERT INTO `county` VALUES ('450923', '博白县', '45', '4509', 109.982553, 22.278675);
INSERT INTO `county` VALUES ('450924', '兴业县', '45', '4509', 109.881552, 22.742268);
INSERT INTO `county` VALUES ('450981', '北流市', '45', '4509', 110.36057, 22.713958);
INSERT INTO `county` VALUES ('451002', '右江区', '45', '4510', 106.625589, 23.907085);
INSERT INTO `county` VALUES ('451003', '田阳区', '45', '4510', 106.921413, 23.742006);
INSERT INTO `county` VALUES ('451022', '田东县', '45', '4510', 107.132499, 23.60313);
INSERT INTO `county` VALUES ('451024', '德保县', '45', '4510', 106.621583, 23.328994);
INSERT INTO `county` VALUES ('451026', '那坡县', '45', '4510', 105.839423, 23.393794);
INSERT INTO `county` VALUES ('451027', '凌云县', '45', '4510', 106.568416, 24.354015);
INSERT INTO `county` VALUES ('451028', '乐业县', '45', '4510', 106.56343, 24.783216);
INSERT INTO `county` VALUES ('451029', '田林县', '45', '4510', 106.234498, 24.300535);
INSERT INTO `county` VALUES ('451030', '西林县', '45', '4510', 105.100494, 24.495668);
INSERT INTO `county` VALUES ('451031', '隆林各族自治县', '45', '4510', 105.350459, 24.776814);
INSERT INTO `county` VALUES ('451081', '靖西市', '45', '4510', 106.424453, 23.140126);
INSERT INTO `county` VALUES ('451082', '平果市', '45', '4510', 107.596571, 23.334923);
INSERT INTO `county` VALUES ('451102', '八步区', '45', '4511', 111.558567, 24.417531);
INSERT INTO `county` VALUES ('451103', '平桂区', '45', '4511', 111.478414, 24.462001);
INSERT INTO `county` VALUES ('451121', '昭平县', '45', '4511', 110.817575, 24.175106);
INSERT INTO `county` VALUES ('451122', '钟山县', '45', '4511', 111.309586, 24.531673);
INSERT INTO `county` VALUES ('451123', '富川瑶族自治县', '45', '4511', 111.284511, 24.82016);
INSERT INTO `county` VALUES ('451202', '金城江区', '45', '4512', 108.043507, 24.695679);
INSERT INTO `county` VALUES ('451203', '宜州区', '45', '4512', 108.617859, 24.50671);
INSERT INTO `county` VALUES ('451221', '南丹县', '45', '4512', 107.54748, 24.98185);
INSERT INTO `county` VALUES ('451222', '天峨县', '45', '4512', 107.178456, 25.005664);
INSERT INTO `county` VALUES ('451223', '凤山县', '45', '4512', 107.04842, 24.553218);
INSERT INTO `county` VALUES ('451224', '东兰县', '45', '4512', 107.380504, 24.516871);
INSERT INTO `county` VALUES ('451225', '罗城仫佬族自治县', '45', '4512', 108.911574, 24.783085);
INSERT INTO `county` VALUES ('451226', '环江毛南族自治县', '45', '4512', 108.264443, 24.832088);
INSERT INTO `county` VALUES ('451227', '巴马瑶族自治县', '45', '4512', 107.266481, 24.147265);
INSERT INTO `county` VALUES ('451228', '都安瑶族自治县', '45', '4512', 108.111458, 23.937331);
INSERT INTO `county` VALUES ('451229', '大化瑶族自治县', '45', '4512', 108.004411, 23.742818);
INSERT INTO `county` VALUES ('451302', '兴宾区', '45', '4513', 109.241499, 23.733211);
INSERT INTO `county` VALUES ('451321', '忻城县', '45', '4513', 108.672562, 24.071889);
INSERT INTO `county` VALUES ('451322', '象州县', '45', '4513', 109.711462, 23.979681);
INSERT INTO `county` VALUES ('451323', '武宣县', '45', '4513', 109.669442, 23.600404);
INSERT INTO `county` VALUES ('451324', '金秀瑶族自治县', '45', '4513', 110.195506, 24.136319);
INSERT INTO `county` VALUES ('451381', '合山市', '45', '4513', 108.892566, 23.81226);
INSERT INTO `county` VALUES ('451402', '江州区', '45', '4514', 107.359533, 22.411246);
INSERT INTO `county` VALUES ('451421', '扶绥县', '45', '4514', 107.910465, 22.641097);
INSERT INTO `county` VALUES ('451422', '宁明县', '45', '4514', 107.083524, 22.145885);
INSERT INTO `county` VALUES ('451423', '龙州县', '45', '4514', 106.860582, 22.348299);
INSERT INTO `county` VALUES ('451424', '大新县', '45', '4514', 107.207557, 22.836229);
INSERT INTO `county` VALUES ('451425', '天等县', '45', '4514', 107.149473, 23.087506);
INSERT INTO `county` VALUES ('451481', '凭祥市', '45', '4514', 106.773524, 22.100153);
INSERT INTO `county` VALUES ('460105', '秀英区', '46', '4601', 110.300436, 20.013642);
INSERT INTO `county` VALUES ('460106', '龙华区', '46', '4601', 114.051153, 22.702687);
INSERT INTO `county` VALUES ('460107', '琼山区', '46', '4601', 110.360526, 20.009151);
INSERT INTO `county` VALUES ('460108', '美兰区', '46', '4601', 110.373498, 20.034646);
INSERT INTO `county` VALUES ('460202', '海棠区', '46', '4602', 109.737119, 18.359223);
INSERT INTO `county` VALUES ('460203', '吉阳区', '46', '4602', 109.614832, 18.280872);
INSERT INTO `county` VALUES ('460204', '天涯区', '46', '4602', 109.333732, 18.313812);
INSERT INTO `county` VALUES ('460205', '崖州区', '46', '4602', 109.121028, 18.372853);
INSERT INTO `county` VALUES ('460321', '西沙群岛', '46', '4603', 116.413384, 39.910925);
INSERT INTO `county` VALUES ('460322', '南沙群岛', '46', '4603', 116.413384, 39.910925);
INSERT INTO `county` VALUES ('460323', '中沙群岛的岛礁及其海域', '46', '4603', 116.413384, 39.910925);
INSERT INTO `county` VALUES ('469001', '五指山市', '46', '4690', 116.413384, 39.910925);
INSERT INTO `county` VALUES ('469002', '琼海市', '46', '4690', 116.413384, 39.910925);
INSERT INTO `county` VALUES ('469005', '文昌市', '46', '4690', 116.413384, 39.910925);
INSERT INTO `county` VALUES ('469006', '万宁市', '46', '4690', 116.413384, 39.910925);
INSERT INTO `county` VALUES ('469007', '东方市', '46', '4690', 116.413384, 39.910925);
INSERT INTO `county` VALUES ('469021', '定安县', '46', '4690', 110.365533, 19.68712);
INSERT INTO `county` VALUES ('469022', '屯昌县', '46', '4690', 110.108577, 19.357375);
INSERT INTO `county` VALUES ('469023', '澄迈县', '46', '4690', 116.413384, 39.910925);
INSERT INTO `county` VALUES ('469024', '临高县', '46', '4690', 109.697443, 19.919475);
INSERT INTO `county` VALUES ('469025', '白沙黎族自治县', '46', '4690', 109.457471, 19.231379);
INSERT INTO `county` VALUES ('469026', '昌江黎族自治县', '46', '4690', 109.062464, 19.303998);
INSERT INTO `county` VALUES ('469027', '乐东黎族自治县', '46', '4690', 109.180508, 18.755871);
INSERT INTO `county` VALUES ('469028', '陵水黎族自治县', '46', '4690', 110.044464, 18.512332);
INSERT INTO `county` VALUES ('469029', '保亭黎族苗族自治县', '46', '4690', 109.703482, 18.64691);
INSERT INTO `county` VALUES ('469030', '琼中黎族苗族自治县', '46', '4690', 109.844511, 19.039164);
INSERT INTO `county` VALUES ('500101', '万州区', '50', '5001', 108.415558, 30.813622);
INSERT INTO `county` VALUES ('500102', '涪陵区', '50', '5001', 107.39642, 29.709278);
INSERT INTO `county` VALUES ('500103', '渝中区', '50', '5001', 106.57544, 29.55909);
INSERT INTO `county` VALUES ('500104', '大渡口区', '50', '5001', 106.488534, 29.490107);
INSERT INTO `county` VALUES ('500105', '江北区', '50', '5001', 106.580415, 29.612832);
INSERT INTO `county` VALUES ('500106', '沙坪坝区', '50', '5001', 106.464465, 29.547193);
INSERT INTO `county` VALUES ('500107', '九龙坡区', '50', '5001', 106.517559, 29.507928);
INSERT INTO `county` VALUES ('500108', '南岸区', '50', '5001', 106.66843, 29.502683);
INSERT INTO `county` VALUES ('500109', '北碚区', '50', '5001', 106.402281, 29.811157);
INSERT INTO `county` VALUES ('500110', '綦江区', '50', '5001', 106.657484, 29.034114);
INSERT INTO `county` VALUES ('500111', '大足区', '50', '5001', 105.728405, 29.713114);
INSERT INTO `county` VALUES ('500112', '渝北区', '50', '5001', 106.637559, 29.723927);
INSERT INTO `county` VALUES ('500113', '巴南区', '50', '5001', 106.547454, 29.408475);
INSERT INTO `county` VALUES ('500114', '黔江区', '50', '5001', 108.777591, 29.538813);
INSERT INTO `county` VALUES ('500115', '长寿区', '50', '5001', 107.087531, 29.86352);
INSERT INTO `county` VALUES ('500116', '江津区', '50', '5001', 106.265598, 29.295884);
INSERT INTO `county` VALUES ('500117', '合川区', '50', '5001', 106.282541, 29.978181);
INSERT INTO `county` VALUES ('500118', '永川区', '50', '5001', 105.933499, 29.362046);
INSERT INTO `county` VALUES ('500119', '南川区', '50', '5001', 107.105585, 29.163479);
INSERT INTO `county` VALUES ('500120', '璧山区', '50', '5001', 106.233475, 29.598347);
INSERT INTO `county` VALUES ('500151', '铜梁区', '50', '5001', 106.063449, 29.850509);
INSERT INTO `county` VALUES ('500152', '潼南区', '50', '5001', 105.847399, 30.197314);
INSERT INTO `county` VALUES ('500153', '荣昌区', '50', '5001', 105.60142, 29.411307);
INSERT INTO `county` VALUES ('500154', '开州区', '50', '5001', 108.399498, 31.166644);
INSERT INTO `county` VALUES ('500155', '梁平区', '50', '5001', 107.776097, 30.660553);
INSERT INTO `county` VALUES ('500156', '武隆区', '50', '5001', 107.766425, 29.332027);
INSERT INTO `county` VALUES ('500229', '城口县', '50', '5002', 108.671612, 31.953391);
INSERT INTO `county` VALUES ('500230', '丰都县', '50', '5002', 107.737481, 29.869413);
INSERT INTO `county` VALUES ('500231', '垫江县', '50', '5002', 107.339566, 30.333294);
INSERT INTO `county` VALUES ('500233', '忠县', '50', '5002', 108.044538, 30.305268);
INSERT INTO `county` VALUES ('500235', '云阳县', '50', '5002', 108.703448, 30.936611);
INSERT INTO `county` VALUES ('500236', '奉节县', '50', '5002', 109.470473, 31.024602);
INSERT INTO `county` VALUES ('500237', '巫山县', '50', '5002', 109.885546, 31.080519);
INSERT INTO `county` VALUES ('500238', '巫溪县', '50', '5002', 109.576403, 31.40488);
INSERT INTO `county` VALUES ('500240', '石柱土家族自治县', '50', '5002', 108.120414, 30.006109);
INSERT INTO `county` VALUES ('500241', '秀山土家族苗族自治县', '50', '5002', 109.013574, 28.453448);
INSERT INTO `county` VALUES ('500242', '酉阳土家族苗族自治县', '50', '5002', 108.774586, 28.84704);
INSERT INTO `county` VALUES ('500243', '彭水苗族土家族自治县', '50', '5002', 108.172578, 29.299462);
INSERT INTO `county` VALUES ('510104', '锦江区', '51', '5101', 104.089562, 30.661904);
INSERT INTO `county` VALUES ('510105', '青羊区', '51', '5101', 104.067445, 30.680038);
INSERT INTO `county` VALUES ('510106', '金牛区', '51', '5101', 104.057404, 30.697356);
INSERT INTO `county` VALUES ('510107', '武侯区', '51', '5101', 104.049424, 30.648713);
INSERT INTO `county` VALUES ('510108', '成华区', '51', '5101', 104.108592, 30.665589);
INSERT INTO `county` VALUES ('510112', '龙泉驿区', '51', '5101', 104.281397, 30.562698);
INSERT INTO `county` VALUES ('510113', '青白江区', '51', '5101', 104.257512, 30.884421);
INSERT INTO `county` VALUES ('510114', '新都区', '51', '5101', 104.165393, 30.829407);
INSERT INTO `county` VALUES ('510115', '温江区', '51', '5101', 103.863573, 30.688487);
INSERT INTO `county` VALUES ('510116', '双流区', '51', '5101', 103.930392, 30.580399);
INSERT INTO `county` VALUES ('510117', '郫都区', '51', '5101', 103.905446, 30.799538);
INSERT INTO `county` VALUES ('510118', '新津区', '51', '5101', 103.817433, 30.416364);
INSERT INTO `county` VALUES ('510121', '金堂县', '51', '5101', 104.418443, 30.868358);
INSERT INTO `county` VALUES ('510129', '大邑县', '51', '5101', 103.52753, 30.593155);
INSERT INTO `county` VALUES ('510131', '蒲江县', '51', '5101', 103.512571, 30.2025);
INSERT INTO `county` VALUES ('510181', '都江堰市', '51', '5101', 103.653534, 30.994257);
INSERT INTO `county` VALUES ('510182', '彭州市', '51', '5101', 103.965561, 30.995564);
INSERT INTO `county` VALUES ('510183', '邛崃市', '51', '5101', 103.470481, 30.416399);
INSERT INTO `county` VALUES ('510184', '崇州市', '51', '5101', 103.679433, 30.636596);
INSERT INTO `county` VALUES ('510185', '简阳市', '51', '5101', 104.553494, 30.417451);
INSERT INTO `county` VALUES ('510302', '自流井区', '51', '5103', 104.783447, 29.343499);
INSERT INTO `county` VALUES ('510303', '贡井区', '51', '5103', 104.721557, 29.351476);
INSERT INTO `county` VALUES ('510304', '大安区', '51', '5103', 104.780416, 29.369929);
INSERT INTO `county` VALUES ('510311', '沿滩区', '51', '5103', 104.880409, 29.278797);
INSERT INTO `county` VALUES ('510321', '荣县', '51', '5103', 104.423875, 29.450987);
INSERT INTO `county` VALUES ('510322', '富顺县', '51', '5103', 104.981494, 29.186886);
INSERT INTO `county` VALUES ('510402', '东区', '51', '5104', 116.413384, 39.910925);
INSERT INTO `county` VALUES ('510403', '西区', '51', '5104', 116.413384, 39.910925);
INSERT INTO `county` VALUES ('510411', '仁和区', '51', '5104', 101.74445, 26.504019);
INSERT INTO `county` VALUES ('510421', '米易县', '51', '5104', 102.117538, 26.902517);
INSERT INTO `county` VALUES ('510422', '盐边县', '51', '5104', 101.860499, 26.688767);
INSERT INTO `county` VALUES ('510502', '江阳区', '51', '5105', 105.441573, 28.884498);
INSERT INTO `county` VALUES ('510503', '纳溪区', '51', '5105', 105.378005, 28.779001);
INSERT INTO `county` VALUES ('510504', '龙马潭区', '51', '5105', 105.444594, 28.919084);
INSERT INTO `county` VALUES ('510521', '泸县', '51', '5105', 105.38831, 29.157828);
INSERT INTO `county` VALUES ('510522', '合江县', '51', '5105', 105.837368, 28.818006);
INSERT INTO `county` VALUES ('510524', '叙永县', '51', '5105', 105.451175, 28.161786);
INSERT INTO `county` VALUES ('510525', '古蔺县', '51', '5105', 105.819142, 28.044758);
INSERT INTO `county` VALUES ('510603', '旌阳区', '51', '5106', 104.423439, 31.148596);
INSERT INTO `county` VALUES ('510604', '罗江区', '51', '5106', 104.517414, 31.324179);
INSERT INTO `county` VALUES ('510623', '中江县', '51', '5106', 104.68553, 31.038954);
INSERT INTO `county` VALUES ('510681', '广汉市', '51', '5106', 104.288422, 30.982415);
INSERT INTO `county` VALUES ('510682', '什邡市', '51', '5106', 104.174427, 31.132889);
INSERT INTO `county` VALUES ('510683', '绵竹市', '51', '5106', 104.227609, 31.343592);
INSERT INTO `county` VALUES ('510703', '涪城区', '51', '5107', 104.76342, 31.461314);
INSERT INTO `county` VALUES ('510704', '游仙区', '51', '5107', 104.772429, 31.479904);
INSERT INTO `county` VALUES ('510705', '安州区', '51', '5107', 104.573555, 31.540751);
INSERT INTO `county` VALUES ('510722', '三台县', '51', '5107', 105.10149, 31.101586);
INSERT INTO `county` VALUES ('510723', '盐亭县', '51', '5107', 105.395503, 31.214319);
INSERT INTO `county` VALUES ('510725', '梓潼县', '51', '5107', 105.177567, 31.648313);
INSERT INTO `county` VALUES ('510726', '北川羌族自治县', '51', '5107', 104.361586, 31.963084);
INSERT INTO `county` VALUES ('510727', '平武县', '51', '5107', 104.535422, 32.414682);
INSERT INTO `county` VALUES ('510781', '江油市', '51', '5107', 104.752412, 31.784128);
INSERT INTO `county` VALUES ('510802', '利州区', '51', '5108', 105.852426, 32.440208);
INSERT INTO `county` VALUES ('510811', '昭化区', '51', '5108', 105.969419, 32.329618);
INSERT INTO `county` VALUES ('510812', '朝天区', '51', '5108', 105.896589, 32.649726);
INSERT INTO `county` VALUES ('510821', '旺苍县', '51', '5108', 106.296491, 32.235097);
INSERT INTO `county` VALUES ('510822', '青川县', '51', '5108', 105.245407, 32.581617);
INSERT INTO `county` VALUES ('510823', '剑阁县', '51', '5108', 105.531576, 32.293479);
INSERT INTO `county` VALUES ('510824', '苍溪县', '51', '5108', 105.941483, 31.738684);
INSERT INTO `county` VALUES ('510903', '船山区', '51', '5109', 105.574523, 30.531471);
INSERT INTO `county` VALUES ('510904', '安居区', '51', '5109', 105.462467, 30.361496);
INSERT INTO `county` VALUES ('510921', '蓬溪县', '51', '5109', 105.713446, 30.763751);
INSERT INTO `county` VALUES ('510923', '大英县', '51', '5109', 105.243404, 30.60081);
INSERT INTO `county` VALUES ('510981', '射洪市', '51', '5109', 105.39451, 30.877139);
INSERT INTO `county` VALUES ('511002', '市中区', '51', '5110', 103.767559, 29.561364);
INSERT INTO `county` VALUES ('511011', '东兴区', '51', '5110', 107.977489, 21.553615);
INSERT INTO `county` VALUES ('511024', '威远县', '51', '5110', 104.674498, 29.533635);
INSERT INTO `county` VALUES ('511025', '资中县', '51', '5110', 104.858495, 29.770234);
INSERT INTO `county` VALUES ('511071', '内江经济开发区', '51', '5110', 116.413384, 39.910925);
INSERT INTO `county` VALUES ('511083', '隆昌市', '51', '5110', 105.294291, 29.345238);
INSERT INTO `county` VALUES ('511102', '市中区', '51', '5111', 103.767559, 29.561364);
INSERT INTO `county` VALUES ('511111', '沙湾区', '51', '5111', 103.556436, 29.419272);
INSERT INTO `county` VALUES ('511112', '五通桥区', '51', '5111', 103.824455, 29.413185);
INSERT INTO `county` VALUES ('511113', '金口河区', '51', '5111', 103.085098, 29.250801);
INSERT INTO `county` VALUES ('511123', '犍为县', '51', '5111', 103.955507, 29.214219);
INSERT INTO `county` VALUES ('511124', '井研县', '51', '5111', 104.076511, 29.657303);
INSERT INTO `county` VALUES ('511126', '夹江县', '51', '5111', 103.57841, 29.743846);
INSERT INTO `county` VALUES ('511129', '沐川县', '51', '5111', 103.908467, 28.962888);
INSERT INTO `county` VALUES ('511132', '峨边彝族自治县', '51', '5111', 103.268577, 29.236089);
INSERT INTO `county` VALUES ('511133', '马边彝族自治县', '51', '5111', 103.552454, 28.841736);
INSERT INTO `county` VALUES ('511181', '峨眉山市', '51', '5111', 103.491546, 29.606976);
INSERT INTO `county` VALUES ('511302', '顺庆区', '51', '5113', 106.098411, 30.802753);
INSERT INTO `county` VALUES ('511303', '高坪区', '51', '5113', 106.12554, 30.787255);
INSERT INTO `county` VALUES ('511304', '嘉陵区', '51', '5113', 106.078433, 30.764896);
INSERT INTO `county` VALUES ('511321', '南部县', '51', '5113', 106.043578, 31.353705);
INSERT INTO `county` VALUES ('511322', '营山县', '51', '5113', 106.572408, 31.083003);
INSERT INTO `county` VALUES ('511323', '蓬安县', '51', '5113', 106.418482, 31.034631);
INSERT INTO `county` VALUES ('511324', '仪陇县', '51', '5113', 106.30943, 31.277597);
INSERT INTO `county` VALUES ('511325', '西充县', '51', '5113', 105.907611, 31.000688);
INSERT INTO `county` VALUES ('511381', '阆中市', '51', '5113', 106.011565, 31.564075);
INSERT INTO `county` VALUES ('511402', '东坡区', '51', '5114', 103.838525, 30.048272);
INSERT INTO `county` VALUES ('511403', '彭山区', '51', '5114', 103.879558, 30.198854);
INSERT INTO `county` VALUES ('511421', '仁寿县', '51', '5114', 104.140477, 30.001664);
INSERT INTO `county` VALUES ('511423', '洪雅县', '51', '5114', 103.379602, 29.910616);
INSERT INTO `county` VALUES ('511424', '丹棱县', '51', '5114', 103.519583, 30.020363);
INSERT INTO `county` VALUES ('511425', '青神县', '51', '5114', 103.853559, 29.837055);
INSERT INTO `county` VALUES ('511502', '翠屏区', '51', '5115', 104.626438, 28.772052);
INSERT INTO `county` VALUES ('511503', '南溪区', '51', '5115', 104.976513, 28.851504);
INSERT INTO `county` VALUES ('511504', '叙州区', '51', '5115', 104.539443, 28.696246);
INSERT INTO `county` VALUES ('511523', '江安县', '51', '5115', 105.073595, 28.72961);
INSERT INTO `county` VALUES ('511524', '长宁县', '51', '5115', 121.430454, 31.226848);
INSERT INTO `county` VALUES ('511525', '高县', '51', '5115', 104.524411, 28.442511);
INSERT INTO `county` VALUES ('511526', '珙县', '51', '5115', 104.715575, 28.44432);
INSERT INTO `county` VALUES ('511527', '筠连县', '51', '5115', 104.517406, 28.170174);
INSERT INTO `county` VALUES ('511528', '兴文县', '51', '5115', 105.242402, 28.309905);
INSERT INTO `county` VALUES ('511529', '屏山县', '51', '5115', 104.352675, 28.834275);
INSERT INTO `county` VALUES ('511602', '广安区', '51', '5116', 106.648531, 30.479768);
INSERT INTO `county` VALUES ('511603', '前锋区', '51', '5116', 106.90448, 30.506435);
INSERT INTO `county` VALUES ('511621', '岳池县', '51', '5116', 106.446411, 30.54412);
INSERT INTO `county` VALUES ('511622', '武胜县', '51', '5116', 106.302462, 30.355496);
INSERT INTO `county` VALUES ('511623', '邻水县', '51', '5116', 106.936403, 30.341073);
INSERT INTO `county` VALUES ('511681', '华蓥市', '51', '5116', 106.789462, 30.396307);
INSERT INTO `county` VALUES ('511702', '通川区', '51', '5117', 107.511447, 31.220932);
INSERT INTO `county` VALUES ('511703', '达川区', '51', '5117', 107.518411, 31.202393);
INSERT INTO `county` VALUES ('511722', '宣汉县', '51', '5117', 107.733534, 31.359755);
INSERT INTO `county` VALUES ('511723', '开江县', '51', '5117', 107.875425, 31.089372);
INSERT INTO `county` VALUES ('511724', '大竹县', '51', '5117', 107.21158, 30.742077);
INSERT INTO `county` VALUES ('511725', '渠县', '51', '5117', 106.979583, 30.842299);
INSERT INTO `county` VALUES ('511771', '达州经济开发区', '51', '5117', 116.413384, 39.910925);
INSERT INTO `county` VALUES ('511781', '万源市', '51', '5117', 108.041541, 32.087421);
INSERT INTO `county` VALUES ('511802', '雨城区', '51', '5118', 103.039575, 30.011062);
INSERT INTO `county` VALUES ('511803', '名山区', '51', '5118', 103.115486, 30.075914);
INSERT INTO `county` VALUES ('511822', '荥经县', '51', '5118', 102.853436, 29.799194);
INSERT INTO `county` VALUES ('511823', '汉源县', '51', '5118', 102.658576, 29.350217);
INSERT INTO `county` VALUES ('511824', '石棉县', '51', '5118', 102.366405, 29.234305);
INSERT INTO `county` VALUES ('511825', '天全县', '51', '5118', 102.76453, 30.072473);
INSERT INTO `county` VALUES ('511826', '芦山县', '51', '5118', 102.934528, 30.149873);
INSERT INTO `county` VALUES ('511827', '宝兴县', '51', '5118', 102.821484, 30.374082);
INSERT INTO `county` VALUES ('511902', '巴州区', '51', '5119', 106.775513, 31.857686);
INSERT INTO `county` VALUES ('511903', '恩阳区', '51', '5119', 106.635582, 31.802614);
INSERT INTO `county` VALUES ('511921', '通江县', '51', '5119', 107.251517, 31.917714);
INSERT INTO `county` VALUES ('511922', '南江县', '51', '5119', 106.834483, 32.352532);
INSERT INTO `county` VALUES ('511923', '平昌县', '51', '5119', 107.110593, 31.566186);
INSERT INTO `county` VALUES ('511971', '巴中经济开发区', '51', '5119', 116.413384, 39.910925);
INSERT INTO `county` VALUES ('512002', '雁江区', '51', '5120', 104.683076, 30.113363);
INSERT INTO `county` VALUES ('512021', '安岳县', '51', '5120', 105.342454, 30.103393);
INSERT INTO `county` VALUES ('512022', '乐至县', '51', '5120', 105.027477, 30.282348);
INSERT INTO `county` VALUES ('513201', '马尔康市', '51', '5132', 102.213502, 31.911748);
INSERT INTO `county` VALUES ('513221', '汶川县', '51', '5132', 103.596518, 31.483005);
INSERT INTO `county` VALUES ('513222', '理县', '51', '5132', 103.173511, 31.44255);
INSERT INTO `county` VALUES ('513223', '茂县', '51', '5132', 103.85959, 31.686809);
INSERT INTO `county` VALUES ('513224', '松潘县', '51', '5132', 103.61058, 32.661797);
INSERT INTO `county` VALUES ('513225', '九寨沟县', '51', '5132', 104.249547, 33.257592);
INSERT INTO `county` VALUES ('513226', '金川县', '51', '5132', 102.200586, 38.525772);
INSERT INTO `county` VALUES ('513227', '小金县', '51', '5132', 102.369426, 31.002209);
INSERT INTO `county` VALUES ('513228', '黑水县', '51', '5132', 102.996517, 32.067805);
INSERT INTO `county` VALUES ('513230', '壤塘县', '51', '5132', 100.985583, 32.271093);
INSERT INTO `county` VALUES ('513231', '阿坝县', '51', '5132', 101.71361, 32.908221);
INSERT INTO `county` VALUES ('513232', '若尔盖县', '51', '5132', 102.974391, 33.584377);
INSERT INTO `county` VALUES ('513233', '红原县', '51', '5132', 102.550615, 32.796605);
INSERT INTO `county` VALUES ('513301', '康定市', '51', '5133', 101.963555, 30.004407);
INSERT INTO `county` VALUES ('513322', '泸定县', '51', '5133', 102.241432, 29.920402);
INSERT INTO `county` VALUES ('513323', '丹巴县', '51', '5133', 101.896437, 30.88477);
INSERT INTO `county` VALUES ('513324', '九龙县', '51', '5133', 101.513416, 29.006432);
INSERT INTO `county` VALUES ('513325', '雅江县', '51', '5133', 101.0205, 30.037569);
INSERT INTO `county` VALUES ('513326', '道孚县', '51', '5133', 101.13154, 30.985326);
INSERT INTO `county` VALUES ('513327', '炉霍县', '51', '5133', 100.682397, 31.397992);
INSERT INTO `county` VALUES ('513328', '甘孜县', '51', '5133', 99.99921, 31.628957);
INSERT INTO `county` VALUES ('513329', '新龙县', '51', '5133', 100.318398, 30.94547);
INSERT INTO `county` VALUES ('513330', '德格县', '51', '5133', 98.587402, 31.812106);
INSERT INTO `county` VALUES ('513331', '白玉县', '51', '5133', 98.8311, 31.215314);
INSERT INTO `county` VALUES ('513332', '石渠县', '51', '5133', 98.109481, 32.984003);
INSERT INTO `county` VALUES ('513333', '色达县', '51', '5133', 100.339414, 32.27433);
INSERT INTO `county` VALUES ('513334', '理塘县', '51', '5133', 100.275575, 30.000031);
INSERT INTO `county` VALUES ('513335', '巴塘县', '51', '5133', 99.116727, 30.011662);
INSERT INTO `county` VALUES ('513336', '乡城县', '51', '5133', 99.80506, 28.936733);
INSERT INTO `county` VALUES ('513337', '稻城县', '51', '5133', 100.304462, 29.043122);
INSERT INTO `county` VALUES ('513338', '得荣县', '51', '5133', 99.292984, 28.71878);
INSERT INTO `county` VALUES ('513401', '西昌市', '51', '5134', 102.271484, 27.900581);
INSERT INTO `county` VALUES ('513402', '会理市', '51', '5134', 102.251436, 26.6612);
INSERT INTO `county` VALUES ('513422', '木里藏族自治县', '51', '5134', 101.286397, 27.934599);
INSERT INTO `county` VALUES ('513423', '盐源县', '51', '5134', 101.515429, 27.428155);
INSERT INTO `county` VALUES ('513424', '德昌县', '51', '5134', 102.182596, 27.408504);
INSERT INTO `county` VALUES ('513426', '会东县', '51', '5134', 102.584462, 26.640824);
INSERT INTO `county` VALUES ('513427', '宁南县', '51', '5134', 102.758093, 27.067256);
INSERT INTO `county` VALUES ('513428', '普格县', '51', '5134', 102.546597, 27.381996);
INSERT INTO `county` VALUES ('513429', '布拖县', '51', '5134', 102.818478, 27.712129);
INSERT INTO `county` VALUES ('513430', '金阳县', '51', '5134', 103.254549, 27.702145);
INSERT INTO `county` VALUES ('513431', '昭觉县', '51', '5134', 102.849423, 28.020506);
INSERT INTO `county` VALUES ('513432', '喜德县', '51', '5134', 102.419567, 28.31271);
INSERT INTO `county` VALUES ('513433', '冕宁县', '51', '5134', 102.183575, 28.555294);
INSERT INTO `county` VALUES ('513434', '越西县', '51', '5134', 102.514474, 28.645828);
INSERT INTO `county` VALUES ('513435', '甘洛县', '51', '5134', 102.778597, 28.964823);
INSERT INTO `county` VALUES ('513436', '美姑县', '51', '5134', 103.138586, 28.33402);
INSERT INTO `county` VALUES ('513437', '雷波县', '51', '5134', 103.578429, 28.268951);
INSERT INTO `county` VALUES ('520102', '南明区', '52', '5201', 106.720528, 26.574336);
INSERT INTO `county` VALUES ('520103', '云岩区', '52', '5201', 106.730535, 26.610381);
INSERT INTO `county` VALUES ('520111', '花溪区', '52', '5201', 106.676441, 26.415879);
INSERT INTO `county` VALUES ('520112', '乌当区', '52', '5201', 106.757558, 26.636529);
INSERT INTO `county` VALUES ('520113', '白云区', '52', '5201', 106.629597, 26.683588);
INSERT INTO `county` VALUES ('520115', '观山湖区', '52', '5201', 106.604779, 26.622071);
INSERT INTO `county` VALUES ('520121', '开阳县', '52', '5201', 106.97156, 27.063674);
INSERT INTO `county` VALUES ('520122', '息烽县', '52', '5201', 106.747562, 27.096475);
INSERT INTO `county` VALUES ('520123', '修文县', '52', '5201', 106.598492, 26.844862);
INSERT INTO `county` VALUES ('520181', '清镇市', '52', '5201', 106.477523, 26.561988);
INSERT INTO `county` VALUES ('520201', '钟山区', '52', '5202', 111.309586, 24.531673);
INSERT INTO `county` VALUES ('520203', '六枝特区', '52', '5202', 105.483429, 26.219214);
INSERT INTO `county` VALUES ('520204', '水城区', '52', '5202', 104.964566, 26.55372);
INSERT INTO `county` VALUES ('520281', '盘州市', '52', '5202', 104.478582, 25.715651);
INSERT INTO `county` VALUES ('520302', '红花岗区', '52', '5203', 106.900497, 27.65087);
INSERT INTO `county` VALUES ('520303', '汇川区', '52', '5203', 106.940458, 27.756343);
INSERT INTO `county` VALUES ('520304', '播州区', '52', '5203', 106.836504, 27.542501);
INSERT INTO `county` VALUES ('520322', '桐梓县', '52', '5203', 106.832489, 28.139468);
INSERT INTO `county` VALUES ('520323', '绥阳县', '52', '5203', 107.197492, 27.95308);
INSERT INTO `county` VALUES ('520324', '正安县', '52', '5203', 107.460575, 28.559092);
INSERT INTO `county` VALUES ('520325', '道真仡佬族苗族自治县', '52', '5203', 107.619484, 28.86865);
INSERT INTO `county` VALUES ('520326', '务川仡佬族苗族自治县', '52', '5203', 107.905456, 28.569077);
INSERT INTO `county` VALUES ('520327', '凤冈县', '52', '5203', 107.723548, 27.960695);
INSERT INTO `county` VALUES ('520328', '湄潭县', '52', '5203', 107.472599, 27.754498);
INSERT INTO `county` VALUES ('520329', '余庆县', '52', '5203', 107.91146, 27.221379);
INSERT INTO `county` VALUES ('520330', '习水县', '52', '5203', 106.203428, 28.339118);
INSERT INTO `county` VALUES ('520381', '赤水市', '52', '5203', 105.703489, 28.596119);
INSERT INTO `county` VALUES ('520382', '仁怀市', '52', '5203', 106.407527, 27.797752);
INSERT INTO `county` VALUES ('520402', '西秀区', '52', '5204', 105.972406, 26.251498);
INSERT INTO `county` VALUES ('520403', '平坝区', '52', '5204', 106.263584, 26.411186);
INSERT INTO `county` VALUES ('520422', '普定县', '52', '5204', 105.748486, 26.308233);
INSERT INTO `county` VALUES ('520423', '镇宁布依族苗族自治县', '52', '5204', 105.776583, 26.063829);
INSERT INTO `county` VALUES ('520424', '关岭布依族苗族自治县', '52', '5204', 105.625476, 25.949877);
INSERT INTO `county` VALUES ('520425', '紫云苗族布依族自治县', '52', '5204', 106.090414, 25.757409);
INSERT INTO `county` VALUES ('520502', '七星关区', '52', '5205', 105.311581, 27.304095);
INSERT INTO `county` VALUES ('520521', '大方县', '52', '5205', 105.618451, 27.147061);
INSERT INTO `county` VALUES ('520523', '金沙县', '52', '5205', 106.226442, 27.465355);
INSERT INTO `county` VALUES ('520524', '织金县', '52', '5205', 105.77759, 26.669222);
INSERT INTO `county` VALUES ('520525', '纳雍县', '52', '5205', 105.389487, 26.783717);
INSERT INTO `county` VALUES ('520526', '威宁彝族回族苗族自治县', '52', '5205', 104.259481, 26.879247);
INSERT INTO `county` VALUES ('520527', '赫章县', '52', '5205', 104.710323, 27.118776);
INSERT INTO `county` VALUES ('520581', '黔西市', '52', '5205', 106.038574, 27.014345);
INSERT INTO `county` VALUES ('520602', '碧江区', '52', '5206', 109.270834, 27.82092);
INSERT INTO `county` VALUES ('520603', '万山区', '52', '5206', 109.160312, 27.677051);
INSERT INTO `county` VALUES ('520621', '江口县', '52', '5206', 108.8454, 27.705922);
INSERT INTO `county` VALUES ('520622', '玉屏侗族自治县', '52', '5206', 108.912578, 27.241523);
INSERT INTO `county` VALUES ('520623', '石阡县', '52', '5206', 108.230464, 27.519722);
INSERT INTO `county` VALUES ('520624', '思南县', '52', '5206', 108.259417, 27.944548);
INSERT INTO `county` VALUES ('520625', '印江土家族苗族自治县', '52', '5206', 108.416592, 27.999823);
INSERT INTO `county` VALUES ('520626', '德江县', '52', '5206', 108.126411, 28.270423);
INSERT INTO `county` VALUES ('520627', '沿河土家族自治县', '52', '5206', 108.510478, 28.570102);
INSERT INTO `county` VALUES ('520628', '松桃苗族自治县', '52', '5206', 109.209404, 28.16042);
INSERT INTO `county` VALUES ('522301', '兴义市', '52', '5223', 104.902461, 25.098113);
INSERT INTO `county` VALUES ('522302', '兴仁市', '52', '5223', 105.192568, 25.440899);
INSERT INTO `county` VALUES ('522323', '普安县', '52', '5223', 104.959546, 25.789952);
INSERT INTO `county` VALUES ('522324', '晴隆县', '52', '5223', 105.225484, 25.841048);
INSERT INTO `county` VALUES ('522325', '贞丰县', '52', '5223', 105.65656, 25.392124);
INSERT INTO `county` VALUES ('522326', '望谟县', '52', '5223', 106.106445, 25.184355);
INSERT INTO `county` VALUES ('522327', '册亨县', '52', '5223', 105.818144, 24.989631);
INSERT INTO `county` VALUES ('522328', '安龙县', '52', '5223', 105.449543, 25.10399);
INSERT INTO `county` VALUES ('522601', '凯里市', '52', '5226', 107.987469, 26.573079);
INSERT INTO `county` VALUES ('522622', '黄平县', '52', '5226', 107.923548, 26.911289);
INSERT INTO `county` VALUES ('522623', '施秉县', '52', '5226', 108.13044, 27.039822);
INSERT INTO `county` VALUES ('522624', '三穗县', '52', '5226', 108.681545, 26.958666);
INSERT INTO `county` VALUES ('522625', '镇远县', '52', '5226', 108.436581, 27.054821);
INSERT INTO `county` VALUES ('522626', '岑巩县', '52', '5226', 108.822481, 27.179902);
INSERT INTO `county` VALUES ('522627', '天柱县', '52', '5226', 109.214446, 26.915804);
INSERT INTO `county` VALUES ('522628', '锦屏县', '52', '5226', 109.207438, 26.682632);
INSERT INTO `county` VALUES ('522629', '剑河县', '52', '5226', 108.447517, 26.734048);
INSERT INTO `county` VALUES ('522630', '台江县', '52', '5226', 119.320528, 26.058528);
INSERT INTO `county` VALUES ('522631', '黎平县', '52', '5226', 109.143567, 26.236874);
INSERT INTO `county` VALUES ('522632', '榕江县', '52', '5226', 108.527554, 25.937725);
INSERT INTO `county` VALUES ('522633', '从江县', '52', '5226', 108.911561, 25.759881);
INSERT INTO `county` VALUES ('522634', '雷山县', '52', '5226', 108.084529, 26.384205);
INSERT INTO `county` VALUES ('522635', '麻江县', '52', '5226', 107.595551, 26.496808);
INSERT INTO `county` VALUES ('522636', '丹寨县', '52', '5226', 107.795513, 26.204421);
INSERT INTO `county` VALUES ('522701', '都匀市', '52', '5227', 107.525404, 26.266118);
INSERT INTO `county` VALUES ('522702', '福泉市', '52', '5227', 107.526433, 26.692526);
INSERT INTO `county` VALUES ('522722', '荔波县', '52', '5227', 107.893409, 25.417098);
INSERT INTO `county` VALUES ('522723', '贵定县', '52', '5227', 107.240554, 26.59066);
INSERT INTO `county` VALUES ('522725', '瓮安县', '52', '5227', 107.477552, 27.084126);
INSERT INTO `county` VALUES ('522726', '独山县', '52', '5227', 107.551498, 25.828288);
INSERT INTO `county` VALUES ('522727', '平塘县', '52', '5227', 107.329567, 25.828202);
INSERT INTO `county` VALUES ('522728', '罗甸县', '52', '5227', 106.758548, 25.430838);
INSERT INTO `county` VALUES ('522729', '长顺县', '52', '5227', 106.458421, 26.028455);
INSERT INTO `county` VALUES ('522730', '龙里县', '52', '5227', 106.986586, 26.459081);
INSERT INTO `county` VALUES ('522731', '惠水县', '52', '5227', 106.663453, 26.13821);
INSERT INTO `county` VALUES ('522732', '三都水族自治县', '52', '5227', 107.876429, 25.989479);
INSERT INTO `county` VALUES ('530102', '五华区', '53', '5301', 102.713423, 25.049835);
INSERT INTO `county` VALUES ('530103', '盘龙区', '53', '5301', 102.758526, 25.122372);
INSERT INTO `county` VALUES ('530111', '官渡区', '53', '5301', 102.750482, 25.021196);
INSERT INTO `county` VALUES ('530112', '西山区', '53', '5301', 102.671557, 25.043199);
INSERT INTO `county` VALUES ('530113', '东川区', '53', '5301', 103.194452, 26.089054);
INSERT INTO `county` VALUES ('530114', '呈贡区', '53', '5301', 102.827473, 24.891871);
INSERT INTO `county` VALUES ('530115', '晋宁区', '53', '5301', 102.602418, 24.676099);
INSERT INTO `county` VALUES ('530124', '富民县', '53', '5301', 102.504473, 25.228085);
INSERT INTO `county` VALUES ('530125', '宜良县', '53', '5301', 103.147558, 24.925287);
INSERT INTO `county` VALUES ('530126', '石林彝族自治县', '53', '5301', 103.296508, 24.777702);
INSERT INTO `county` VALUES ('530127', '嵩明县', '53', '5301', 103.043564, 25.344409);
INSERT INTO `county` VALUES ('530128', '禄劝彝族苗族自治县', '53', '5301', 102.477423, 25.557672);
INSERT INTO `county` VALUES ('530129', '寻甸回族彝族自治县', '53', '5301', 103.263574, 25.563894);
INSERT INTO `county` VALUES ('530181', '安宁市', '53', '5301', 103.725535, 36.109754);
INSERT INTO `county` VALUES ('530302', '麒麟区', '53', '5303', 103.81143, 25.502102);
INSERT INTO `county` VALUES ('530303', '沾益区', '53', '5303', 103.828485, 25.606631);
INSERT INTO `county` VALUES ('530304', '马龙区', '53', '5303', 103.585447, 25.433966);
INSERT INTO `county` VALUES ('530322', '陆良县', '53', '5303', 103.673432, 25.035639);
INSERT INTO `county` VALUES ('530323', '师宗县', '53', '5303', 103.991556, 24.827995);
INSERT INTO `county` VALUES ('530324', '罗平县', '53', '5303', 104.31551, 24.89052);
INSERT INTO `county` VALUES ('530325', '富源县', '53', '5303', 104.261474, 25.68028);
INSERT INTO `county` VALUES ('530326', '会泽县', '53', '5303', 103.303487, 26.424215);
INSERT INTO `county` VALUES ('530381', '宣威市', '53', '5303', 104.111576, 26.225598);
INSERT INTO `county` VALUES ('530402', '红塔区', '53', '5304', 102.551565, 24.359801);
INSERT INTO `county` VALUES ('530403', '江川区', '53', '5304', 102.760527, 24.293439);
INSERT INTO `county` VALUES ('530423', '通海县', '53', '5304', 102.732423, 24.117891);
INSERT INTO `county` VALUES ('530424', '华宁县', '53', '5304', 102.935492, 24.198581);
INSERT INTO `county` VALUES ('530425', '易门县', '53', '5304', 102.169535, 24.677404);
INSERT INTO `county` VALUES ('530426', '峨山彝族自治县', '53', '5304', 102.412565, 24.174774);
INSERT INTO `county` VALUES ('530427', '新平彝族傣族自治县', '53', '5304', 101.996428, 24.076263);
INSERT INTO `county` VALUES ('530428', '元江哈尼族彝族傣族自治县', '53', '5304', 102.004415, 23.603001);
INSERT INTO `county` VALUES ('530481', '澄江市', '53', '5304', 102.914555, 24.679415);
INSERT INTO `county` VALUES ('530502', '隆阳区', '53', '5305', 99.172071, 25.126888);
INSERT INTO `county` VALUES ('530521', '施甸县', '53', '5305', 99.195469, 24.728835);
INSERT INTO `county` VALUES ('530523', '龙陵县', '53', '5305', 98.69575, 24.592547);
INSERT INTO `county` VALUES ('530524', '昌宁县', '53', '5305', 99.611617, 24.833985);
INSERT INTO `county` VALUES ('530581', '腾冲市', '53', '5305', 98.497595, 25.026617);
INSERT INTO `county` VALUES ('530602', '昭阳区', '53', '5306', 103.71347, 27.326144);
INSERT INTO `county` VALUES ('530621', '鲁甸县', '53', '5306', 103.564412, 27.193107);
INSERT INTO `county` VALUES ('530622', '巧家县', '53', '5306', 102.936519, 26.914705);
INSERT INTO `county` VALUES ('530623', '盐津县', '53', '5306', 104.241579, 28.114384);
INSERT INTO `county` VALUES ('530624', '大关县', '53', '5306', 103.897515, 27.754021);
INSERT INTO `county` VALUES ('530625', '永善县', '53', '5306', 103.644569, 28.234722);
INSERT INTO `county` VALUES ('530626', '绥江县', '53', '5306', 103.964552, 28.604278);
INSERT INTO `county` VALUES ('530627', '镇雄县', '53', '5306', 104.880404, 27.447795);
INSERT INTO `county` VALUES ('530628', '彝良县', '53', '5306', 104.054443, 27.63169);
INSERT INTO `county` VALUES ('530629', '威信县', '53', '5306', 105.055577, 27.852537);
INSERT INTO `county` VALUES ('530681', '水富市', '53', '5306', 104.422433, 28.636107);
INSERT INTO `county` VALUES ('530702', '古城区', '53', '5307', 100.23248, 26.883162);
INSERT INTO `county` VALUES ('530721', '玉龙纳西族自治县', '53', '5307', 100.243527, 26.827392);
INSERT INTO `county` VALUES ('530722', '永胜县', '53', '5307', 100.757581, 26.68995);
INSERT INTO `county` VALUES ('530723', '华坪县', '53', '5307', 101.27243, 26.635223);
INSERT INTO `county` VALUES ('530724', '宁蒗彝族自治县', '53', '5307', 100.85859, 27.287728);
INSERT INTO `county` VALUES ('530802', '思茅区', '53', '5308', 100.983555, 22.792498);
INSERT INTO `county` VALUES ('530821', '宁洱哈尼族彝族自治县', '53', '5308', 101.052442, 23.05459);
INSERT INTO `county` VALUES ('530822', '墨江哈尼族自治县', '53', '5308', 101.698584, 23.437726);
INSERT INTO `county` VALUES ('530823', '景东彝族自治县', '53', '5308', 100.838489, 24.451864);
INSERT INTO `county` VALUES ('530824', '景谷傣族彝族自治县', '53', '5308', 100.709457, 23.503204);
INSERT INTO `county` VALUES ('530825', '镇沅彝族哈尼族拉祜族自治县', '53', '5308', 101.115569, 24.010331);
INSERT INTO `county` VALUES ('530826', '江城哈尼族彝族自治县', '53', '5308', 101.868479, 22.591684);
INSERT INTO `county` VALUES ('530827', '孟连傣族拉祜族佤族自治县', '53', '5308', 99.590963, 22.335308);
INSERT INTO `county` VALUES ('530828', '澜沧拉祜族自治县', '53', '5308', 99.938588, 22.561832);
INSERT INTO `county` VALUES ('530829', '西盟佤族自治县', '53', '5308', 99.596622, 22.650656);
INSERT INTO `county` VALUES ('530902', '临翔区', '53', '5309', 100.088443, 23.901402);
INSERT INTO `county` VALUES ('530921', '凤庆县', '53', '5309', 99.934989, 24.586472);
INSERT INTO `county` VALUES ('530922', '云县', '53', '5309', 100.129531, 24.442807);
INSERT INTO `county` VALUES ('530923', '永德县', '53', '5309', 99.265076, 24.024871);
INSERT INTO `county` VALUES ('530924', '镇康县', '53', '5309', 98.831871, 23.768315);
INSERT INTO `county` VALUES ('530925', '双江拉祜族佤族布朗族傣族自治县', '53', '5309', 99.834131, 23.479837);
INSERT INTO `county` VALUES ('530926', '耿马傣族佤族自治县', '53', '5309', 99.403942, 23.543491);
INSERT INTO `county` VALUES ('530927', '沧源佤族自治县', '53', '5309', 99.252722, 23.152879);
INSERT INTO `county` VALUES ('532301', '楚雄市', '53', '5323', 101.552472, 25.03886);
INSERT INTO `county` VALUES ('532302', '禄丰市', '53', '5323', 102.085531, 25.155831);
INSERT INTO `county` VALUES ('532322', '双柏县', '53', '5323', 101.648407, 24.694899);
INSERT INTO `county` VALUES ('532323', '牟定县', '53', '5323', 101.553481, 25.318846);
INSERT INTO `county` VALUES ('532324', '南华县', '53', '5323', 101.280421, 25.198587);
INSERT INTO `county` VALUES ('532325', '姚安县', '53', '5323', 101.248527, 25.509775);
INSERT INTO `county` VALUES ('532326', '大姚县', '53', '5323', 101.330567, 25.727601);
INSERT INTO `county` VALUES ('532327', '永仁县', '53', '5323', 101.672817, 26.055545);
INSERT INTO `county` VALUES ('532328', '元谋县', '53', '5323', 101.880445, 25.710895);
INSERT INTO `county` VALUES ('532329', '武定县', '53', '5323', 102.410532, 25.53609);
INSERT INTO `county` VALUES ('532501', '个旧市', '53', '5325', 103.166519, 23.364942);
INSERT INTO `county` VALUES ('532502', '开远市', '53', '5325', 103.273553, 23.719908);
INSERT INTO `county` VALUES ('532503', '蒙自市', '53', '5325', 103.371546, 23.40208);
INSERT INTO `county` VALUES ('532504', '弥勒市', '53', '5325', 103.421489, 24.417982);
INSERT INTO `county` VALUES ('532523', '屏边苗族自治县', '53', '5325', 103.693432, 22.98999);
INSERT INTO `county` VALUES ('532524', '建水县', '53', '5325', 102.83344, 23.640939);
INSERT INTO `county` VALUES ('532525', '石屏县', '53', '5325', 102.502447, 23.712004);
INSERT INTO `county` VALUES ('532527', '泸西县', '53', '5325', 103.772523, 24.538037);
INSERT INTO `county` VALUES ('532528', '元阳县', '53', '5325', 102.841433, 23.226198);
INSERT INTO `county` VALUES ('532529', '红河县', '53', '5325', 102.427551, 23.374489);
INSERT INTO `county` VALUES ('532530', '金平苗族瑶族傣族自治县', '53', '5325', 103.232469, 22.785561);
INSERT INTO `county` VALUES ('532531', '绿春县', '53', '5325', 102.398494, 23.000165);
INSERT INTO `county` VALUES ('532532', '河口瑶族自治县', '53', '5325', 103.945444, 22.535466);
INSERT INTO `county` VALUES ('532601', '文山市', '53', '5326', 104.238544, 23.391944);
INSERT INTO `county` VALUES ('532622', '砚山县', '53', '5326', 104.343551, 23.611487);
INSERT INTO `county` VALUES ('532623', '西畴县', '53', '5326', 104.678525, 23.443271);
INSERT INTO `county` VALUES ('532624', '麻栗坡县', '53', '5326', 104.709549, 23.131586);
INSERT INTO `county` VALUES ('532625', '马关县', '53', '5326', 104.400415, 23.018994);
INSERT INTO `county` VALUES ('532626', '丘北县', '53', '5326', 104.173442, 24.056994);
INSERT INTO `county` VALUES ('532627', '广南县', '53', '5326', 105.061582, 24.052199);
INSERT INTO `county` VALUES ('532628', '富宁县', '53', '5326', 105.63749, 23.63138);
INSERT INTO `county` VALUES ('532801', '景洪市', '53', '5328', 100.806443, 22.017004);
INSERT INTO `county` VALUES ('532822', '勐海县', '53', '5328', 100.459446, 21.963434);
INSERT INTO `county` VALUES ('532823', '勐腊县', '53', '5328', 101.571528, 21.465281);
INSERT INTO `county` VALUES ('532901', '大理市', '53', '5329', 100.308072, 25.684614);
INSERT INTO `county` VALUES ('532922', '漾濞彝族自治县', '53', '5329', 99.964414, 25.676296);
INSERT INTO `county` VALUES ('532923', '祥云县', '53', '5329', 100.557447, 25.489873);
INSERT INTO `county` VALUES ('532924', '宾川县', '53', '5329', 100.578457, 25.835249);
INSERT INTO `county` VALUES ('532925', '弥渡县', '53', '5329', 100.497586, 25.349336);
INSERT INTO `county` VALUES ('532926', '南涧彝族自治县', '53', '5329', 100.515549, 25.049427);
INSERT INTO `county` VALUES ('532927', '巍山彝族回族自治县', '53', '5329', 100.31346, 25.233439);
INSERT INTO `county` VALUES ('532928', '永平县', '53', '5329', 99.547495, 25.470206);
INSERT INTO `county` VALUES ('532929', '云龙县', '53', '5329', 117.258424, 34.259087);
INSERT INTO `county` VALUES ('532930', '洱源县', '53', '5329', 99.96921, 26.120093);
INSERT INTO `county` VALUES ('532931', '剑川县', '53', '5329', 99.912091, 26.542517);
INSERT INTO `county` VALUES ('532932', '鹤庆县', '53', '5329', 100.182492, 26.566197);
INSERT INTO `county` VALUES ('533102', '瑞丽市', '53', '5331', 97.862486, 24.022817);
INSERT INTO `county` VALUES ('533103', '芒市', '53', '5331', 98.594554, 24.439427);
INSERT INTO `county` VALUES ('533122', '梁河县', '53', '5331', 98.303134, 24.810784);
INSERT INTO `county` VALUES ('533123', '盈江县', '53', '5331', 97.949935, 24.697455);
INSERT INTO `county` VALUES ('533124', '陇川县', '53', '5331', 97.79853, 24.189468);
INSERT INTO `county` VALUES ('533301', '泸水市', '53', '5333', 98.864586, 25.829027);
INSERT INTO `county` VALUES ('533323', '福贡县', '53', '5333', 98.875649, 26.908055);
INSERT INTO `county` VALUES ('533324', '贡山独龙族怒族自治县', '53', '5333', 98.672399, 27.747068);
INSERT INTO `county` VALUES ('533325', '兰坪白族普米族自治县', '53', '5333', 99.423285, 26.459208);
INSERT INTO `county` VALUES ('533401', '香格里拉市', '53', '5334', 99.707445, 27.83576);
INSERT INTO `county` VALUES ('533422', '德钦县', '53', '5334', 98.924453, 28.470086);
INSERT INTO `county` VALUES ('533423', '维西傈僳族自治县', '53', '5334', 99.293466, 27.18317);
INSERT INTO `county` VALUES ('540102', '城关区', '54', '5401', 103.831475, 36.063181);
INSERT INTO `county` VALUES ('540103', '堆龙德庆区', '54', '5401', 91.009963, 29.651626);
INSERT INTO `county` VALUES ('540104', '达孜区', '54', '5401', 91.356318, 29.675409);
INSERT INTO `county` VALUES ('540121', '林周县', '54', '5401', 91.269501, 29.898733);
INSERT INTO `county` VALUES ('540122', '当雄县', '54', '5401', 91.107452, 30.479222);
INSERT INTO `county` VALUES ('540123', '尼木县', '54', '5401', 90.17118, 29.437519);
INSERT INTO `county` VALUES ('540124', '曲水县', '54', '5401', 90.749959, 29.358987);
INSERT INTO `county` VALUES ('540127', '墨竹工卡县', '54', '5401', 91.737266, 29.839753);
INSERT INTO `county` VALUES ('540171', '格尔木藏青工业园区', '54', '5401', 94.93331, 36.412371);
INSERT INTO `county` VALUES ('540172', '拉萨经济技术开发区', '54', '5401', 116.413384, 39.910925);
INSERT INTO `county` VALUES ('540173', '西藏文化旅游创意园区', '54', '5401', 116.439275, 39.961871);
INSERT INTO `county` VALUES ('540174', '达孜工业园区', '54', '5401', 116.413384, 39.910925);
INSERT INTO `county` VALUES ('540202', '桑珠孜区', '54', '5402', 88.902952, 29.255583);
INSERT INTO `county` VALUES ('540221', '南木林县', '54', '5402', 89.105704, 29.687938);
INSERT INTO `county` VALUES ('540222', '江孜县', '54', '5402', 89.612012, 28.917635);
INSERT INTO `county` VALUES ('540223', '定日县', '54', '5402', 87.129598, 28.663952);
INSERT INTO `county` VALUES ('540224', '萨迦县', '54', '5402', 88.028269, 28.904932);
INSERT INTO `county` VALUES ('540225', '拉孜县', '54', '5402', 87.643647, 29.08751);
INSERT INTO `county` VALUES ('540226', '昂仁县', '54', '5402', 87.242427, 29.30106);
INSERT INTO `county` VALUES ('540227', '谢通门县', '54', '5402', 88.268207, 29.438142);
INSERT INTO `county` VALUES ('540228', '白朗县', '54', '5402', 89.268742, 29.111859);
INSERT INTO `county` VALUES ('540229', '仁布县', '54', '5402', 89.848625, 29.236788);
INSERT INTO `county` VALUES ('540230', '康马县', '54', '5402', 89.688245, 28.561444);
INSERT INTO `county` VALUES ('540231', '定结县', '54', '5402', 87.772377, 28.369911);
INSERT INTO `county` VALUES ('540232', '仲巴县', '54', '5402', 84.038117, 29.775982);
INSERT INTO `county` VALUES ('540233', '亚东县', '54', '5402', 88.913441, 27.491109);
INSERT INTO `county` VALUES ('540234', '吉隆县', '54', '5402', 85.304074, 28.858502);
INSERT INTO `county` VALUES ('540235', '聂拉木县', '54', '5402', 85.98877, 28.160839);
INSERT INTO `county` VALUES ('540236', '萨嘎县', '54', '5402', 85.239826, 29.33466);
INSERT INTO `county` VALUES ('540237', '岗巴县', '54', '5402', 88.526529, 28.280363);
INSERT INTO `county` VALUES ('540302', '卡若区', '54', '5403', 97.186654, 31.144249);
INSERT INTO `county` VALUES ('540321', '江达县', '54', '5403', 98.224595, 31.505207);
INSERT INTO `county` VALUES ('540322', '贡觉县', '54', '5403', 98.277334, 30.865967);
INSERT INTO `county` VALUES ('540323', '类乌齐县', '54', '5403', 96.606717, 31.217793);
INSERT INTO `county` VALUES ('540324', '丁青县', '54', '5403', 95.602644, 31.418403);
INSERT INTO `county` VALUES ('540325', '察雅县', '54', '5403', 97.575124, 30.659865);
INSERT INTO `county` VALUES ('540326', '八宿县', '54', '5403', 96.92436, 30.059029);
INSERT INTO `county` VALUES ('540327', '左贡县', '54', '5403', 97.847367, 29.676849);
INSERT INTO `county` VALUES ('540328', '芒康县', '54', '5403', 98.599685, 29.685776);
INSERT INTO `county` VALUES ('540329', '洛隆县', '54', '5403', 95.831307, 30.747127);
INSERT INTO `county` VALUES ('540330', '边坝县', '54', '5403', 94.714371, 30.939625);
INSERT INTO `county` VALUES ('540402', '巴宜区', '54', '5404', 94.367544, 29.641645);
INSERT INTO `county` VALUES ('540421', '工布江达县', '54', '5404', 93.25242, 29.891368);
INSERT INTO `county` VALUES ('540422', '米林县', '54', '5404', 94.219939, 29.220917);
INSERT INTO `county` VALUES ('540423', '墨脱县', '54', '5404', 95.339495, 29.330938);
INSERT INTO `county` VALUES ('540424', '波密县', '54', '5404', 95.7739, 29.86506);
INSERT INTO `county` VALUES ('540425', '察隅县', '54', '5404', 97.47327, 28.667444);
INSERT INTO `county` VALUES ('540426', '朗县', '54', '5404', 93.081368, 29.051902);
INSERT INTO `county` VALUES ('540502', '乃东区', '54', '5405', 91.778682, 29.234229);
INSERT INTO `county` VALUES ('540521', '扎囊县', '54', '5405', 91.343627, 29.251164);
INSERT INTO `county` VALUES ('540522', '贡嘎县', '54', '5405', 90.990582, 29.295586);
INSERT INTO `county` VALUES ('540523', '桑日县', '54', '5405', 92.024094, 29.265575);
INSERT INTO `county` VALUES ('540524', '琼结县', '54', '5405', 91.690101, 29.030866);
INSERT INTO `county` VALUES ('540525', '曲松县', '54', '5405', 92.210175, 29.068425);
INSERT INTO `county` VALUES ('540526', '措美县', '54', '5405', 91.439918, 28.444258);
INSERT INTO `county` VALUES ('540527', '洛扎县', '54', '5405', 90.866452, 28.391635);
INSERT INTO `county` VALUES ('540528', '加查县', '54', '5405', 92.600449, 29.146087);
INSERT INTO `county` VALUES ('540529', '隆子县', '54', '5405', 92.468966, 28.414019);
INSERT INTO `county` VALUES ('540530', '错那县', '54', '5405', 91.96375, 27.997004);
INSERT INTO `county` VALUES ('540531', '浪卡子县', '54', '5405', 90.404647, 28.973992);
INSERT INTO `county` VALUES ('540602', '色尼区', '54', '5406', 92.059847, 31.476117);
INSERT INTO `county` VALUES ('540621', '嘉黎县', '54', '5406', 93.238732, 30.647062);
INSERT INTO `county` VALUES ('540622', '比如县', '54', '5406', 93.685966, 31.486357);
INSERT INTO `county` VALUES ('540623', '聂荣县', '54', '5406', 92.308654, 32.113707);
INSERT INTO `county` VALUES ('540624', '安多县', '54', '5406', 91.688891, 32.271268);
INSERT INTO `county` VALUES ('540625', '申扎县', '54', '5406', 88.716481, 30.936393);
INSERT INTO `county` VALUES ('540626', '索县', '54', '5406', 93.792173, 31.892424);
INSERT INTO `county` VALUES ('540627', '班戈县', '54', '5406', 90.016708, 31.398728);
INSERT INTO `county` VALUES ('540628', '巴青县', '54', '5406', 94.059882, 31.924549);
INSERT INTO `county` VALUES ('540629', '尼玛县', '54', '5406', 87.243292, 31.790953);
INSERT INTO `county` VALUES ('540630', '双湖县', '54', '5406', 88.843428, 33.193503);
INSERT INTO `county` VALUES ('542521', '普兰县', '54', '5425', 81.183095, 30.300163);
INSERT INTO `county` VALUES ('542522', '札达县', '54', '5425', 79.809323, 31.485343);
INSERT INTO `county` VALUES ('542523', '噶尔县', '54', '5425', 80.102877, 32.497157);
INSERT INTO `county` VALUES ('542524', '日土县', '54', '5425', 79.739109, 33.387186);
INSERT INTO `county` VALUES ('542525', '革吉县', '54', '5425', 81.151664, 32.393356);
INSERT INTO `county` VALUES ('542526', '改则县', '54', '5425', 84.069113, 32.308357);
INSERT INTO `county` VALUES ('542527', '措勤县', '54', '5425', 85.165952, 31.022666);
INSERT INTO `county` VALUES ('610102', '新城区', '61', '6101', 108.967391, 34.272724);
INSERT INTO `county` VALUES ('610103', '碑林区', '61', '6101', 108.946974, 34.263047);
INSERT INTO `county` VALUES ('610104', '莲湖区', '61', '6101', 108.950426, 34.271017);
INSERT INTO `county` VALUES ('610111', '灞桥区', '61', '6101', 109.071415, 34.279128);
INSERT INTO `county` VALUES ('610112', '未央区', '61', '6101', 108.953401, 34.299148);
INSERT INTO `county` VALUES ('610113', '雁塔区', '61', '6101', 108.95144, 34.220635);
INSERT INTO `county` VALUES ('610114', '阎良区', '61', '6101', 109.232463, 34.668363);
INSERT INTO `county` VALUES ('610115', '临潼区', '61', '6101', 109.220436, 34.372747);
INSERT INTO `county` VALUES ('610116', '长安区', '61', '6101', 114.545612, 38.043256);
INSERT INTO `county` VALUES ('610117', '高陵区', '61', '6101', 109.094387, 34.541093);
INSERT INTO `county` VALUES ('610118', '鄠邑区', '61', '6101', 108.61142, 34.115021);
INSERT INTO `county` VALUES ('610122', '蓝田县', '61', '6101', 109.329388, 34.157621);
INSERT INTO `county` VALUES ('610124', '周至县', '61', '6101', 108.228422, 34.169385);
INSERT INTO `county` VALUES ('610202', '王益区', '61', '6102', 109.081417, 35.075322);
INSERT INTO `county` VALUES ('610203', '印台区', '61', '6102', 109.106434, 35.120859);
INSERT INTO `county` VALUES ('610204', '耀州区', '61', '6102', 108.986438, 34.91596);
INSERT INTO `county` VALUES ('610222', '宜君县', '61', '6102', 109.123537, 35.404582);
INSERT INTO `county` VALUES ('610302', '渭滨区', '61', '6103', 107.156419, 34.377481);
INSERT INTO `county` VALUES ('610303', '金台区', '61', '6103', 107.153424, 34.382351);
INSERT INTO `county` VALUES ('610304', '陈仓区', '61', '6103', 107.375437, 34.356307);
INSERT INTO `county` VALUES ('610305', '凤翔区', '61', '6103', 107.407379, 34.527616);
INSERT INTO `county` VALUES ('610323', '岐山县', '61', '6103', 107.627447, 34.449777);
INSERT INTO `county` VALUES ('610324', '扶风县', '61', '6103', 107.906453, 34.381463);
INSERT INTO `county` VALUES ('610326', '眉县', '61', '6103', 107.756398, 34.280376);
INSERT INTO `county` VALUES ('610327', '陇县', '61', '6103', 106.870584, 34.89878);
INSERT INTO `county` VALUES ('610328', '千阳县', '61', '6103', 107.139466, 34.648545);
INSERT INTO `county` VALUES ('610329', '麟游县', '61', '6103', 107.799514, 34.683749);
INSERT INTO `county` VALUES ('610330', '凤县', '61', '6103', 106.522558, 33.916583);
INSERT INTO `county` VALUES ('610331', '太白县', '61', '6103', 107.325529, 34.064248);
INSERT INTO `county` VALUES ('610402', '秦都区', '61', '6104', 108.712432, 34.335145);
INSERT INTO `county` VALUES ('610403', '杨陵区', '61', '6104', 108.091515, 34.278013);
INSERT INTO `county` VALUES ('610404', '渭城区', '61', '6104', 108.743451, 34.36811);
INSERT INTO `county` VALUES ('610422', '三原县', '61', '6104', 108.947447, 34.623079);
INSERT INTO `county` VALUES ('610423', '泾阳县', '61', '6104', 108.849379, 34.533317);
INSERT INTO `county` VALUES ('610424', '乾县', '61', '6104', 108.245378, 34.534018);
INSERT INTO `county` VALUES ('610425', '礼泉县', '61', '6104', 108.431615, 34.487391);
INSERT INTO `county` VALUES ('610426', '永寿县', '61', '6104', 108.148469, 34.698036);
INSERT INTO `county` VALUES ('610428', '长武县', '61', '6104', 107.805561, 35.211657);
INSERT INTO `county` VALUES ('610429', '旬邑县', '61', '6104', 108.340467, 35.117964);
INSERT INTO `county` VALUES ('610430', '淳化县', '61', '6104', 108.587442, 34.804777);
INSERT INTO `county` VALUES ('610431', '武功县', '61', '6104', 108.206551, 34.266138);
INSERT INTO `county` VALUES ('610481', '兴平市', '61', '6104', 108.496394, 34.305477);
INSERT INTO `county` VALUES ('610482', '彬州市', '61', '6104', 108.084566, 35.049611);
INSERT INTO `county` VALUES ('610502', '临渭区', '61', '6105', 109.498825, 89.862571);
INSERT INTO `county` VALUES ('610503', '华州区', '61', '6105', 109.778477, 34.518731);
INSERT INTO `county` VALUES ('610522', '潼关县', '61', '6105', 110.252508, 34.550327);
INSERT INTO `county` VALUES ('610523', '大荔县', '61', '6105', 109.948453, 34.801833);
INSERT INTO `county` VALUES ('610524', '合阳县', '61', '6105', 110.155396, 35.243872);
INSERT INTO `county` VALUES ('610525', '澄城县', '61', '6105', 109.938434, 35.196573);
INSERT INTO `county` VALUES ('610526', '蒲城县', '61', '6105', 109.592497, 34.961274);
INSERT INTO `county` VALUES ('610527', '白水县', '61', '6105', 109.597521, 35.183288);
INSERT INTO `county` VALUES ('610528', '富平县', '61', '6105', 109.186437, 34.75726);
INSERT INTO `county` VALUES ('610581', '韩城市', '61', '6105', 110.449553, 35.482087);
INSERT INTO `county` VALUES ('610582', '华阴市', '61', '6105', 110.098601, 34.5718);
INSERT INTO `county` VALUES ('610602', '宝塔区', '61', '6106', 109.495911, 36.591115);
INSERT INTO `county` VALUES ('610603', '安塞区', '61', '6106', 109.335419, 36.870098);
INSERT INTO `county` VALUES ('610621', '延长县', '61', '6106', 110.018472, 36.585329);
INSERT INTO `county` VALUES ('610622', '延川县', '61', '6106', 110.20054, 36.884137);
INSERT INTO `county` VALUES ('610625', '志丹县', '61', '6106', 108.775577, 36.828021);
INSERT INTO `county` VALUES ('610626', '吴起县', '61', '6106', 108.18259, 36.932576);
INSERT INTO `county` VALUES ('610627', '甘泉县', '61', '6106', 109.357524, 36.282689);
INSERT INTO `county` VALUES ('610628', '富县', '61', '6106', 109.386597, 35.993368);
INSERT INTO `county` VALUES ('610629', '洛川县', '61', '6106', 109.438404, 35.7683);
INSERT INTO `county` VALUES ('610630', '宜川县', '61', '6106', 110.175413, 36.056397);
INSERT INTO `county` VALUES ('610631', '黄龙县', '61', '6106', 109.846549, 35.590234);
INSERT INTO `county` VALUES ('610632', '黄陵县', '61', '6106', 109.269606, 35.585076);
INSERT INTO `county` VALUES ('610681', '子长市', '61', '6106', 109.68139, 37.148817);
INSERT INTO `county` VALUES ('610702', '汉台区', '61', '6107', 107.038402, 33.074191);
INSERT INTO `county` VALUES ('610703', '南郑区', '61', '6107', 106.942433, 33.005615);
INSERT INTO `county` VALUES ('610722', '城固县', '61', '6107', 107.340613, 33.162399);
INSERT INTO `county` VALUES ('610723', '洋县', '61', '6107', 107.552464, 33.228863);
INSERT INTO `county` VALUES ('610724', '西乡县', '61', '6107', 107.773393, 32.989397);
INSERT INTO `county` VALUES ('610725', '勉县', '61', '6107', 106.679426, 33.159805);
INSERT INTO `county` VALUES ('610726', '宁强县', '61', '6107', 106.264589, 32.83538);
INSERT INTO `county` VALUES ('610727', '略阳县', '61', '6107', 106.163544, 33.333194);
INSERT INTO `county` VALUES ('610728', '镇巴县', '61', '6107', 107.901446, 32.542833);
INSERT INTO `county` VALUES ('610729', '留坝县', '61', '6107', 106.927414, 33.623825);
INSERT INTO `county` VALUES ('610730', '佛坪县', '61', '6107', 107.997424, 33.530693);
INSERT INTO `county` VALUES ('610802', '榆阳区', '61', '6108', 109.727559, 38.28242);
INSERT INTO `county` VALUES ('610803', '横山区', '61', '6108', 109.300491, 37.968573);
INSERT INTO `county` VALUES ('610822', '府谷县', '61', '6108', 111.073628, 39.033796);
INSERT INTO `county` VALUES ('610824', '靖边县', '61', '6108', 108.8006, 37.605063);
INSERT INTO `county` VALUES ('610825', '定边县', '61', '6108', 107.60757, 37.60046);
INSERT INTO `county` VALUES ('610826', '绥德县', '61', '6108', 110.269426, 37.508907);
INSERT INTO `county` VALUES ('610827', '米脂县', '61', '6108', 110.190451, 37.761398);
INSERT INTO `county` VALUES ('610828', '佳县', '61', '6108', 110.497477, 38.025612);
INSERT INTO `county` VALUES ('610829', '吴堡县', '61', '6108', 110.746455, 37.45827);
INSERT INTO `county` VALUES ('610830', '清涧县', '61', '6108', 110.127559, 37.094853);
INSERT INTO `county` VALUES ('610831', '子洲县', '61', '6108', 110.042398, 37.617026);
INSERT INTO `county` VALUES ('610881', '神木市', '61', '6108', 110.50543, 38.848544);
INSERT INTO `county` VALUES ('610902', '汉滨区', '61', '6109', 109.033596, 32.701196);
INSERT INTO `county` VALUES ('610921', '汉阴县', '61', '6109', 108.515507, 32.899121);
INSERT INTO `county` VALUES ('610922', '石泉县', '61', '6109', 108.254427, 33.044602);
INSERT INTO `county` VALUES ('610923', '宁陕县', '61', '6109', 108.320564, 33.316555);
INSERT INTO `county` VALUES ('610924', '紫阳县', '61', '6109', 108.541594, 32.525786);
INSERT INTO `county` VALUES ('610925', '岚皋县', '61', '6109', 108.908615, 32.312881);
INSERT INTO `county` VALUES ('610926', '平利县', '61', '6109', 109.368547, 32.394804);
INSERT INTO `county` VALUES ('610927', '镇坪县', '61', '6109', 109.533497, 31.889643);
INSERT INTO `county` VALUES ('610929', '白河县', '61', '6109', 110.119587, 32.814846);
INSERT INTO `county` VALUES ('610981', '旬阳市', '61', '6109', 109.368407, 32.837573);
INSERT INTO `county` VALUES ('611002', '商州区', '61', '6110', 109.947472, 33.868855);
INSERT INTO `county` VALUES ('611021', '洛南县', '61', '6110', 110.154427, 34.097071);
INSERT INTO `county` VALUES ('611022', '丹凤县', '61', '6110', 110.33356, 33.701537);
INSERT INTO `county` VALUES ('611023', '商南县', '61', '6110', 110.888408, 33.537533);
INSERT INTO `county` VALUES ('611024', '山阳县', '61', '6110', 113.260484, 35.220272);
INSERT INTO `county` VALUES ('611025', '镇安县', '61', '6110', 109.159575, 33.429045);
INSERT INTO `county` VALUES ('611026', '柞水县', '61', '6110', 109.120502, 33.692026);
INSERT INTO `county` VALUES ('620102', '城关区', '62', '6201', 103.831475, 36.063181);
INSERT INTO `county` VALUES ('620103', '七里河区', '62', '6201', 103.792414, 36.072129);
INSERT INTO `county` VALUES ('620104', '西固区', '62', '6201', 103.63458, 36.094109);
INSERT INTO `county` VALUES ('620105', '安宁区', '62', '6201', 103.725535, 36.109754);
INSERT INTO `county` VALUES ('620111', '红古区', '62', '6201', 102.865428, 36.351863);
INSERT INTO `county` VALUES ('620121', '永登县', '62', '6201', 103.266624, 36.742095);
INSERT INTO `county` VALUES ('620122', '皋兰县', '62', '6201', 103.953464, 36.338142);
INSERT INTO `county` VALUES ('620123', '榆中县', '62', '6201', 104.119566, 35.848851);
INSERT INTO `county` VALUES ('620171', '兰州新区', '62', '6201', 116.413384, 39.910925);
INSERT INTO `county` VALUES ('620201', '市辖区', '62', '6202', 116.413384, 39.910925);
INSERT INTO `county` VALUES ('620302', '金川区', '62', '6203', 102.200586, 38.525772);
INSERT INTO `county` VALUES ('620321', '永昌县', '62', '6203', 101.979464, 38.252941);
INSERT INTO `county` VALUES ('620402', '白银区', '62', '6204', 104.155413, 36.541464);
INSERT INTO `county` VALUES ('620403', '平川区', '62', '6204', 104.831614, 36.733499);
INSERT INTO `county` VALUES ('620421', '靖远县', '62', '6204', 104.682515, 36.577096);
INSERT INTO `county` VALUES ('620422', '会宁县', '62', '6204', 105.059607, 35.698508);
INSERT INTO `county` VALUES ('620423', '景泰县', '62', '6204', 104.069444, 37.187406);
INSERT INTO `county` VALUES ('620502', '秦州区', '62', '6205', 105.730415, 34.587316);
INSERT INTO `county` VALUES ('620503', '麦积区', '62', '6205', 105.895597, 34.576337);
INSERT INTO `county` VALUES ('620521', '清水县', '62', '6205', 106.143595, 34.753883);
INSERT INTO `county` VALUES ('620522', '秦安县', '62', '6205', 105.681575, 34.864876);
INSERT INTO `county` VALUES ('620523', '甘谷县', '62', '6205', 105.342475, 34.7383);
INSERT INTO `county` VALUES ('620524', '武山县', '62', '6205', 104.897428, 34.727669);
INSERT INTO `county` VALUES ('620525', '张家川回族自治县', '62', '6205', 106.21139, 34.994905);
INSERT INTO `county` VALUES ('620602', '凉州区', '62', '6206', 102.648575, 37.934122);
INSERT INTO `county` VALUES ('620621', '民勤县', '62', '6206', 103.1004, 38.630625);
INSERT INTO `county` VALUES ('620622', '古浪县', '62', '6206', 102.90363, 37.475802);
INSERT INTO `county` VALUES ('620623', '天祝藏族自治县', '62', '6206', 103.148621, 36.977596);
INSERT INTO `county` VALUES ('620702', '甘州区', '62', '6207', 100.484558, 38.934781);
INSERT INTO `county` VALUES ('620721', '肃南裕固族自治县', '62', '6207', 99.621905, 38.8431);
INSERT INTO `county` VALUES ('620722', '民乐县', '62', '6207', 100.819429, 38.436842);
INSERT INTO `county` VALUES ('620723', '临泽县', '62', '6207', 100.170555, 39.158514);
INSERT INTO `county` VALUES ('620724', '高台县', '62', '6207', 99.82576, 39.383646);
INSERT INTO `county` VALUES ('620725', '山丹县', '62', '6207', 101.095616, 38.790453);
INSERT INTO `county` VALUES ('620802', '崆峒区', '62', '6208', 106.681415, 35.548815);
INSERT INTO `county` VALUES ('620821', '泾川县', '62', '6208', 107.374518, 35.338669);
INSERT INTO `county` VALUES ('620822', '灵台县', '62', '6208', 107.627461, 35.071582);
INSERT INTO `county` VALUES ('620823', '崇信县', '62', '6208', 107.041415, 35.308616);
INSERT INTO `county` VALUES ('620825', '庄浪县', '62', '6208', 106.042586, 35.208192);
INSERT INTO `county` VALUES ('620826', '静宁县', '62', '6208', 105.738416, 35.528257);
INSERT INTO `county` VALUES ('620881', '华亭市', '62', '6208', 106.659486, 35.223551);
INSERT INTO `county` VALUES ('620902', '肃州区', '62', '6209', 98.514322, 39.751246);
INSERT INTO `county` VALUES ('620921', '金塔县', '62', '6209', 98.908368, 39.990029);
INSERT INTO `county` VALUES ('620922', '瓜州县', '62', '6209', 95.788736, 40.526106);
INSERT INTO `county` VALUES ('620923', '肃北蒙古族自治县', '62', '6209', 94.883692, 39.51833);
INSERT INTO `county` VALUES ('620924', '阿克塞哈萨克族自治县', '62', '6209', 94.34676, 39.640045);
INSERT INTO `county` VALUES ('620981', '玉门市', '62', '6209', 97.051712, 40.29762);
INSERT INTO `county` VALUES ('620982', '敦煌市', '62', '6209', 94.668527, 40.147867);
INSERT INTO `county` VALUES ('621002', '西峰区', '62', '6210', 107.657391, 35.736864);
INSERT INTO `county` VALUES ('621021', '庆城县', '62', '6210', 107.888406, 36.021726);
INSERT INTO `county` VALUES ('621022', '环县', '62', '6210', 107.31447, 36.574427);
INSERT INTO `county` VALUES ('621023', '华池县', '62', '6210', 107.99639, 36.467575);
INSERT INTO `county` VALUES ('621024', '合水县', '62', '6210', 108.026447, 35.825262);
INSERT INTO `county` VALUES ('621025', '正宁县', '62', '6210', 108.366375, 35.498219);
INSERT INTO `county` VALUES ('621026', '宁县', '62', '6210', 107.934571, 35.507933);
INSERT INTO `county` VALUES ('621027', '镇原县', '62', '6210', 107.207576, 35.683231);
INSERT INTO `county` VALUES ('621102', '安定区', '62', '6211', 104.6165, 35.5856);
INSERT INTO `county` VALUES ('621121', '通渭县', '62', '6211', 105.248404, 35.217217);
INSERT INTO `county` VALUES ('621122', '陇西县', '62', '6211', 104.641381, 35.010197);
INSERT INTO `county` VALUES ('621123', '渭源县', '62', '6211', 104.221584, 35.142392);
INSERT INTO `county` VALUES ('621124', '临洮县', '62', '6211', 103.865601, 35.400587);
INSERT INTO `county` VALUES ('621125', '漳县', '62', '6211', 104.478595, 34.85425);
INSERT INTO `county` VALUES ('621126', '岷县', '62', '6211', 104.043396, 34.444408);
INSERT INTO `county` VALUES ('621202', '武都区', '62', '6212', 104.932593, 33.398072);
INSERT INTO `county` VALUES ('621221', '成县', '62', '6212', 105.748478, 33.756635);
INSERT INTO `county` VALUES ('621222', '文县', '62', '6212', 104.689558, 32.949601);
INSERT INTO `county` VALUES ('621223', '宕昌县', '62', '6212', 104.399386, 34.053486);
INSERT INTO `county` VALUES ('621224', '康县', '62', '6212', 105.615392, 33.335376);
INSERT INTO `county` VALUES ('621225', '西和县', '62', '6212', 105.30761, 34.016787);
INSERT INTO `county` VALUES ('621226', '礼县', '62', '6212', 105.183591, 34.194685);
INSERT INTO `county` VALUES ('621227', '徽县', '62', '6212', 106.094418, 33.775194);
INSERT INTO `county` VALUES ('621228', '两当县', '62', '6212', 106.311419, 33.915123);
INSERT INTO `county` VALUES ('622901', '临夏市', '62', '6229', 103.249549, 35.609899);
INSERT INTO `county` VALUES ('622921', '临夏县', '62', '6229', 103.249549, 35.609899);
INSERT INTO `county` VALUES ('622922', '康乐县', '62', '6229', 103.715476, 35.37611);
INSERT INTO `county` VALUES ('622923', '永靖县', '62', '6229', 103.292507, 35.96333);
INSERT INTO `county` VALUES ('622924', '广河县', '62', '6229', 103.58241, 35.494101);
INSERT INTO `county` VALUES ('622925', '和政县', '62', '6229', 103.357524, 35.43059);
INSERT INTO `county` VALUES ('622926', '东乡族自治县', '62', '6229', 103.395613, 35.66933);
INSERT INTO `county` VALUES ('622927', '积石山保安族东乡族撒拉族自治县', '62', '6229', 102.882518, 35.723499);
INSERT INTO `county` VALUES ('623001', '合作市', '62', '6230', 102.917572, 35.005935);
INSERT INTO `county` VALUES ('623021', '临潭县', '62', '6230', 103.360533, 34.698639);
INSERT INTO `county` VALUES ('623022', '卓尼县', '62', '6230', 103.513616, 34.594916);
INSERT INTO `county` VALUES ('623023', '舟曲县', '62', '6230', 104.37749, 33.790815);
INSERT INTO `county` VALUES ('623024', '迭部县', '62', '6230', 103.22844, 34.06202);
INSERT INTO `county` VALUES ('623025', '玛曲县', '62', '6230', 102.0786, 34.003358);
INSERT INTO `county` VALUES ('623026', '碌曲县', '62', '6230', 102.494424, 34.597087);
INSERT INTO `county` VALUES ('623027', '夏河县', '62', '6230', 102.528577, 35.208324);
INSERT INTO `county` VALUES ('630102', '城东区', '63', '6301', 101.809569, 36.605708);
INSERT INTO `county` VALUES ('630103', '城中区', '63', '6301', 109.417482, 24.321314);
INSERT INTO `county` VALUES ('630104', '城西区', '63', '6301', 101.772414, 36.634497);
INSERT INTO `county` VALUES ('630105', '城北区', '63', '6301', 101.772405, 36.656294);
INSERT INTO `county` VALUES ('630106', '湟中区', '63', '6301', 101.578617, 36.506628);
INSERT INTO `county` VALUES ('630121', '大通回族土族自治县', '63', '6301', 101.692564, 36.932666);
INSERT INTO `county` VALUES ('630123', '湟源县', '63', '6301', 101.262449, 36.688588);
INSERT INTO `county` VALUES ('630202', '乐都区', '63', '6302', 102.408566, 36.48782);
INSERT INTO `county` VALUES ('630203', '平安区', '63', '6302', 102.114428, 36.506554);
INSERT INTO `county` VALUES ('630222', '民和回族土族自治县', '63', '6302', 102.83639, 36.325561);
INSERT INTO `county` VALUES ('630223', '互助土族自治县', '63', '6302', 101.964569, 36.850022);
INSERT INTO `county` VALUES ('630224', '化隆回族自治县', '63', '6302', 102.270448, 36.100988);
INSERT INTO `county` VALUES ('630225', '循化撒拉族自治县', '63', '6302', 102.495385, 35.856667);
INSERT INTO `county` VALUES ('632221', '门源回族自治县', '63', '6322', 101.628438, 37.382181);
INSERT INTO `county` VALUES ('632222', '祁连县', '63', '6322', 100.259622, 38.182925);
INSERT INTO `county` VALUES ('632223', '海晏县', '63', '6322', 101.000586, 36.902376);
INSERT INTO `county` VALUES ('632224', '刚察县', '63', '6322', 100.153606, 37.32732);
INSERT INTO `county` VALUES ('632301', '同仁市', '63', '6323', 102.025438, 35.521865);
INSERT INTO `county` VALUES ('632322', '尖扎县', '63', '6323', 102.046996, 35.949129);
INSERT INTO `county` VALUES ('632323', '泽库县', '63', '6323', 101.473595, 35.042014);
INSERT INTO `county` VALUES ('632324', '河南蒙古族自治县', '63', '6323', 101.622473, 34.740396);
INSERT INTO `county` VALUES ('632521', '共和县', '63', '6325', 100.626623, 36.288703);
INSERT INTO `county` VALUES ('632522', '同德县', '63', '6325', 100.585424, 35.259858);
INSERT INTO `county` VALUES ('632523', '贵德县', '63', '6325', 101.439533, 36.046158);
INSERT INTO `county` VALUES ('632524', '兴海县', '63', '6325', 99.99438, 35.59463);
INSERT INTO `county` VALUES ('632525', '贵南县', '63', '6325', 100.753593, 35.592415);
INSERT INTO `county` VALUES ('632621', '玛沁县', '63', '6326', 100.245564, 34.483569);
INSERT INTO `county` VALUES ('632622', '班玛县', '63', '6326', 100.743605, 32.938504);
INSERT INTO `county` VALUES ('632623', '甘德县', '63', '6326', 99.907511, 33.975004);
INSERT INTO `county` VALUES ('632624', '达日县', '63', '6326', 99.65801, 33.754937);
INSERT INTO `county` VALUES ('632625', '久治县', '63', '6326', 101.488532, 33.434773);
INSERT INTO `county` VALUES ('632626', '玛多县', '63', '6326', 98.215884, 34.920749);
INSERT INTO `county` VALUES ('632701', '玉树市', '63', '6327', 97.015376, 32.999556);
INSERT INTO `county` VALUES ('632722', '杂多县', '63', '6327', 95.306965, 32.899241);
INSERT INTO `county` VALUES ('632723', '称多县', '63', '6327', 97.115, 33.374226);
INSERT INTO `county` VALUES ('632724', '治多县', '63', '6327', 95.619794, 33.857953);
INSERT INTO `county` VALUES ('632725', '囊谦县', '63', '6327', 96.486918, 32.209194);
INSERT INTO `county` VALUES ('632726', '曲麻莱县', '63', '6327', 95.80375, 34.132299);
INSERT INTO `county` VALUES ('632801', '格尔木市', '63', '6328', 94.93331, 36.412371);
INSERT INTO `county` VALUES ('632802', '德令哈市', '63', '6328', 97.36747, 37.375346);
INSERT INTO `county` VALUES ('632803', '茫崖市', '63', '6328', 90.879518, 38.261903);
INSERT INTO `county` VALUES ('632821', '乌兰县', '63', '6328', 98.486736, 36.935748);
INSERT INTO `county` VALUES ('632822', '都兰县', '63', '6328', 98.102705, 36.307611);
INSERT INTO `county` VALUES ('632823', '天峻县', '63', '6328', 99.029243, 37.306903);
INSERT INTO `county` VALUES ('632857', '大柴旦行政委员会', '63', '6328', 116.422773, 39.934771);
INSERT INTO `county` VALUES ('640104', '兴庆区', '64', '6401', 106.295494, 38.479579);
INSERT INTO `county` VALUES ('640105', '西夏区', '64', '6401', 106.156581, 38.496817);
INSERT INTO `county` VALUES ('640106', '金凤区', '64', '6401', 106.246287, 38.480385);
INSERT INTO `county` VALUES ('640121', '永宁县', '64', '6401', 106.259605, 38.283002);
INSERT INTO `county` VALUES ('640122', '贺兰县', '64', '6401', 106.356518, 38.560407);
INSERT INTO `county` VALUES ('640181', '灵武市', '64', '6401', 106.34644, 38.108659);
INSERT INTO `county` VALUES ('640202', '大武口区', '64', '6402', 106.37461, 39.024848);
INSERT INTO `county` VALUES ('640205', '惠农区', '64', '6402', 106.78843, 39.245388);
INSERT INTO `county` VALUES ('640221', '平罗县', '64', '6402', 106.536518, 38.919607);
INSERT INTO `county` VALUES ('640302', '利通区', '64', '6403', 106.219407, 37.990746);
INSERT INTO `county` VALUES ('640303', '红寺堡区', '64', '6403', 106.068421, 37.431882);
INSERT INTO `county` VALUES ('640323', '盐池县', '64', '6403', 107.41338, 37.789296);
INSERT INTO `county` VALUES ('640324', '同心县', '64', '6403', 105.920599, 36.98627);
INSERT INTO `county` VALUES ('640381', '青铜峡市', '64', '6403', 106.08537, 38.027412);
INSERT INTO `county` VALUES ('640402', '原州区', '64', '6404', 106.294515, 36.009368);
INSERT INTO `county` VALUES ('640422', '西吉县', '64', '6404', 105.735386, 35.970076);
INSERT INTO `county` VALUES ('640423', '隆德县', '64', '6404', 106.118498, 35.631762);
INSERT INTO `county` VALUES ('640424', '泾源县', '64', '6404', 106.337393, 35.504362);
INSERT INTO `county` VALUES ('640425', '彭阳县', '64', '6404', 106.63839, 35.865934);
INSERT INTO `county` VALUES ('640502', '沙坡头区', '64', '6405', 105.180303, 37.522707);
INSERT INTO `county` VALUES ('640521', '中宁县', '64', '6405', 105.691537, 37.497421);
INSERT INTO `county` VALUES ('640522', '海原县', '64', '6405', 105.650555, 36.570781);
INSERT INTO `county` VALUES ('650102', '天山区', '65', '6501', 87.638408, 43.800271);
INSERT INTO `county` VALUES ('650103', '沙依巴克区', '65', '6501', 87.60467, 43.807262);
INSERT INTO `county` VALUES ('650104', '新市区', '65', '6501', 87.575908, 43.861394);
INSERT INTO `county` VALUES ('650105', '水磨沟区', '65', '6501', 87.648897, 43.838251);
INSERT INTO `county` VALUES ('650106', '头屯河区', '65', '6501', 87.434507, 43.882653);
INSERT INTO `county` VALUES ('650107', '达坂城区', '65', '6501', 88.317398, 43.369943);
INSERT INTO `county` VALUES ('650109', '米东区', '65', '6501', 87.662134, 43.979247);
INSERT INTO `county` VALUES ('650121', '乌鲁木齐县', '65', '6501', 87.416029, 43.477086);
INSERT INTO `county` VALUES ('650202', '独山子区', '65', '6502', 84.893613, 44.334407);
INSERT INTO `county` VALUES ('650203', '克拉玛依区', '65', '6502', 84.874295, 45.608471);
INSERT INTO `county` VALUES ('650204', '白碱滩区', '65', '6502', 85.13951, 45.693952);
INSERT INTO `county` VALUES ('650205', '乌尔禾区', '65', '6502', 85.700305, 46.095295);
INSERT INTO `county` VALUES ('650402', '高昌区', '65', '6504', 89.192459, 42.948549);
INSERT INTO `county` VALUES ('650421', '鄯善县', '65', '6504', 90.220094, 42.874759);
INSERT INTO `county` VALUES ('650422', '托克逊县', '65', '6504', 88.660164, 42.798546);
INSERT INTO `county` VALUES ('650502', '伊州区', '65', '6505', 93.52132, 42.832825);
INSERT INTO `county` VALUES ('650521', '巴里坤哈萨克自治县', '65', '6505', 93.022931, 43.605689);
INSERT INTO `county` VALUES ('650522', '伊吾县', '65', '6505', 94.703826, 43.260677);
INSERT INTO `county` VALUES ('652301', '昌吉市', '65', '6523', 87.273865, 44.020127);
INSERT INTO `county` VALUES ('652302', '阜康市', '65', '6523', 87.993678, 44.163137);
INSERT INTO `county` VALUES ('652323', '呼图壁县', '65', '6523', 86.905144, 44.197655);
INSERT INTO `county` VALUES ('652324', '玛纳斯县', '65', '6523', 86.220643, 44.310063);
INSERT INTO `county` VALUES ('652325', '奇台县', '65', '6523', 89.601081, 44.026898);
INSERT INTO `county` VALUES ('652327', '吉木萨尔县', '65', '6523', 89.187123, 44.005718);
INSERT INTO `county` VALUES ('652328', '木垒哈萨克自治县', '65', '6523', 90.292515, 43.840308);
INSERT INTO `county` VALUES ('652701', '博乐市', '65', '6527', 82.057972, 44.86001);
INSERT INTO `county` VALUES ('652702', '阿拉山口市', '65', '6527', 82.560725, 45.17967);
INSERT INTO `county` VALUES ('652722', '精河县', '65', '6527', 82.900655, 44.606646);
INSERT INTO `county` VALUES ('652723', '温泉县', '65', '6527', 81.031146, 44.974857);
INSERT INTO `county` VALUES ('652801', '库尔勒市', '65', '6528', 86.181494, 41.732373);
INSERT INTO `county` VALUES ('652822', '轮台县', '65', '6528', 84.258212, 41.783813);
INSERT INTO `county` VALUES ('652823', '尉犁县', '65', '6528', 86.266037, 41.350123);
INSERT INTO `county` VALUES ('652824', '若羌县', '65', '6528', 88.175324, 39.028991);
INSERT INTO `county` VALUES ('652825', '且末县', '65', '6528', 85.53599, 38.151388);
INSERT INTO `county` VALUES ('652826', '焉耆回族自治县', '65', '6528', 86.581222, 42.064851);
INSERT INTO `county` VALUES ('652827', '和静县', '65', '6528', 86.390398, 42.329365);
INSERT INTO `county` VALUES ('652828', '和硕县', '65', '6528', 86.883689, 42.288065);
INSERT INTO `county` VALUES ('652829', '博湖县', '65', '6528', 86.638469, 41.98643);
INSERT INTO `county` VALUES ('652871', '库尔勒经济技术开发区', '65', '6528', 86.181494, 41.732373);
INSERT INTO `county` VALUES ('652901', '阿克苏市', '65', '6529', 80.269927, 41.17386);
INSERT INTO `county` VALUES ('652902', '库车市', '65', '6529', 82.968459, 41.723448);
INSERT INTO `county` VALUES ('652922', '温宿县', '65', '6529', 80.245564, 41.282567);
INSERT INTO `county` VALUES ('652924', '沙雅县', '65', '6529', 82.788824, 41.227749);
INSERT INTO `county` VALUES ('652925', '新和县', '65', '6529', 82.615823, 41.554);
INSERT INTO `county` VALUES ('652926', '拜城县', '65', '6529', 81.858516, 41.800707);
INSERT INTO `county` VALUES ('652927', '乌什县', '65', '6529', 79.230869, 41.220871);
INSERT INTO `county` VALUES ('652928', '阿瓦提县', '65', '6529', 80.381849, 40.649359);
INSERT INTO `county` VALUES ('652929', '柯坪县', '65', '6529', 79.053214, 40.514056);
INSERT INTO `county` VALUES ('653001', '阿图什市', '65', '6530', 76.174906, 39.722079);
INSERT INTO `county` VALUES ('653022', '阿克陶县', '65', '6530', 75.953725, 39.153889);
INSERT INTO `county` VALUES ('653023', '阿合奇县', '65', '6530', 78.452539, 40.942958);
INSERT INTO `county` VALUES ('653024', '乌恰县', '65', '6530', 75.265334, 39.725124);
INSERT INTO `county` VALUES ('653101', '喀什市', '65', '6531', 76.000313, 39.47365);
INSERT INTO `county` VALUES ('653121', '疏附县', '65', '6531', 75.869169, 39.381292);
INSERT INTO `county` VALUES ('653122', '疏勒县', '65', '6531', 76.056614, 39.406709);
INSERT INTO `county` VALUES ('653123', '英吉沙县', '65', '6531', 76.182075, 38.935671);
INSERT INTO `county` VALUES ('653124', '泽普县', '65', '6531', 77.266559, 38.190726);
INSERT INTO `county` VALUES ('653125', '莎车县', '65', '6531', 77.252437, 38.420157);
INSERT INTO `county` VALUES ('653126', '叶城县', '65', '6531', 77.420098, 37.889167);
INSERT INTO `county` VALUES ('653127', '麦盖提县', '65', '6531', 77.616004, 38.904496);
INSERT INTO `county` VALUES ('653128', '岳普湖县', '65', '6531', 76.784148, 39.239387);
INSERT INTO `county` VALUES ('653129', '伽师县', '65', '6531', 76.730386, 39.493852);
INSERT INTO `county` VALUES ('653130', '巴楚县', '65', '6531', 78.554488, 39.805335);
INSERT INTO `county` VALUES ('653131', '塔什库尔干塔吉克自治县', '65', '6531', 75.230805, 37.779046);
INSERT INTO `county` VALUES ('653201', '和田市', '65', '6532', 79.920212, 37.118336);
INSERT INTO `county` VALUES ('653221', '和田县', '65', '6532', 79.920212, 37.118336);
INSERT INTO `county` VALUES ('653222', '墨玉县', '65', '6532', 79.735479, 37.282993);
INSERT INTO `county` VALUES ('653223', '皮山县', '65', '6532', 78.292069, 37.584086);
INSERT INTO `county` VALUES ('653224', '洛浦县', '65', '6532', 80.195388, 37.079611);
INSERT INTO `county` VALUES ('653225', '策勒县', '65', '6532', 80.813201, 37.004122);
INSERT INTO `county` VALUES ('653226', '于田县', '65', '6532', 81.683783, 36.862954);
INSERT INTO `county` VALUES ('653227', '民丰县', '65', '6532', 82.702713, 37.070257);
INSERT INTO `county` VALUES ('654002', '伊宁市', '65', '6540', 81.284242, 43.915299);
INSERT INTO `county` VALUES ('654003', '奎屯市', '65', '6540', 84.909449, 44.432057);
INSERT INTO `county` VALUES ('654004', '霍尔果斯市', '65', '6540', 80.42713, 44.235309);
INSERT INTO `county` VALUES ('654021', '伊宁县', '65', '6540', 81.284242, 43.915299);
INSERT INTO `county` VALUES ('654022', '察布查尔锡伯自治县', '65', '6540', 81.157925, 43.84669);
INSERT INTO `county` VALUES ('654023', '霍城县', '65', '6540', 80.885281, 44.06225);
INSERT INTO `county` VALUES ('654024', '巩留县', '65', '6540', 82.238226, 43.488486);
INSERT INTO `county` VALUES ('654025', '新源县', '65', '6540', 83.267022, 43.435927);
INSERT INTO `county` VALUES ('654026', '昭苏县', '65', '6540', 81.137378, 43.163497);
INSERT INTO `county` VALUES ('654027', '特克斯县', '65', '6540', 81.842587, 43.224248);
INSERT INTO `county` VALUES ('654028', '尼勒克县', '65', '6540', 82.518008, 43.804595);
INSERT INTO `county` VALUES ('654201', '塔城市', '65', '6542', 82.993557, 46.757383);
INSERT INTO `county` VALUES ('654202', '乌苏市', '65', '6542', 84.720088, 44.424048);
INSERT INTO `county` VALUES ('654203', '沙湾市', '65', '6542', 103.556436, 29.419272);
INSERT INTO `county` VALUES ('654221', '额敏县', '65', '6542', 83.633374, 46.531885);
INSERT INTO `county` VALUES ('654224', '托里县', '65', '6542', 83.612909, 45.942743);
INSERT INTO `county` VALUES ('654225', '裕民县', '65', '6542', 82.989439, 46.207454);
INSERT INTO `county` VALUES ('654226', '和布克赛尔蒙古自治县', '65', '6542', 85.735009, 46.798685);
INSERT INTO `county` VALUES ('654301', '阿勒泰市', '65', '6543', 88.139227, 47.832753);
INSERT INTO `county` VALUES ('654321', '布尔津县', '65', '6543', 86.88136, 47.707952);
INSERT INTO `county` VALUES ('654322', '富蕴县', '65', '6543', 89.531953, 46.999951);
INSERT INTO `county` VALUES ('654323', '福海县', '65', '6543', 87.493157, 47.118141);
INSERT INTO `county` VALUES ('654324', '哈巴河县', '65', '6543', 86.424818, 48.066149);
INSERT INTO `county` VALUES ('654325', '青河县', '65', '6543', 90.389444, 46.680194);
INSERT INTO `county` VALUES ('654326', '吉木乃县', '65', '6543', 85.880818, 47.449018);
INSERT INTO `county` VALUES ('659001', '石河子市', '65', '6590', 86.086886, 44.311976);
INSERT INTO `county` VALUES ('659002', '阿拉尔市', '65', '6590', 81.287354, 40.553264);
INSERT INTO `county` VALUES ('659003', '图木舒克市', '65', '6590', 79.075616, 39.871209);
INSERT INTO `county` VALUES ('659004', '五家渠市', '65', '6590', 87.549937, 44.172445);
INSERT INTO `county` VALUES ('659005', '北屯市', '65', '6590', 87.843466, 47.338865);
INSERT INTO `county` VALUES ('659006', '铁门关市', '65', '6590', 85.686858, 41.863649);
INSERT INTO `county` VALUES ('659007', '双河市', '65', '6590', 82.378382, 44.852959);
INSERT INTO `county` VALUES ('659008', '可克达拉市', '65', '6590', 81.027349, 43.937317);
INSERT INTO `county` VALUES ('659009', '昆玉市', '65', '6590', 79.115987, 37.502929);
INSERT INTO `county` VALUES ('659010', '胡杨河市', '65', '6590', 84.839948, 44.722894);
INSERT INTO `county` VALUES ('659011', '新星市', '65', '6590', 93.749059, 42.803033);

-- ----------------------------
-- Table structure for district
-- ----------------------------
DROP TABLE IF EXISTS `district`;
CREATE TABLE `district`  (
  `d_code` varchar(2) CHARACTER SET utf8 COLLATE utf8_general_ci NULL DEFAULT NULL,
  `d_name` varchar(25) CHARACTER SET utf8 COLLATE utf8_general_ci NULL DEFAULT NULL,
  `d_lng` double NULL DEFAULT NULL,
  `d_lat` double NULL DEFAULT NULL
) ENGINE = InnoDB CHARACTER SET = utf8 COLLATE = utf8_general_ci ROW_FORMAT = Dynamic;

-- ----------------------------
-- Records of district
-- ----------------------------
INSERT INTO `district` VALUES ('11', '北京市', 116.403694, 39.931324);
INSERT INTO `district` VALUES ('12', '天津市', 117.208093, 39.091103);
INSERT INTO `district` VALUES ('13', '河北省', 114.536594, 38.0432);
INSERT INTO `district` VALUES ('14', '山西省', 112.569376, 37.879831);
INSERT INTO `district` VALUES ('15', '内蒙古自治区', 111.772606, 40.823156);
INSERT INTO `district` VALUES ('21', '辽宁省', 123.435594, 41.841466);
INSERT INTO `district` VALUES ('22', '吉林省', 125.332582, 43.901713);
INSERT INTO `district` VALUES ('23', '黑龙江省', 126.669656, 45.74793);
INSERT INTO `district` VALUES ('31', '上海市', 121.480539, 31.235929);
INSERT INTO `district` VALUES ('32', '江苏省', 118.769553, 32.066777);
INSERT INTO `district` VALUES ('33', '浙江省', 120.159537, 30.271549);
INSERT INTO `district` VALUES ('34', '安徽省', 117.330539, 31.734294);
INSERT INTO `district` VALUES ('35', '福建省', 119.302446, 26.10634);
INSERT INTO `district` VALUES ('36', '江西省', 115.915421, 28.68169);
INSERT INTO `district` VALUES ('37', '山东省', 117.027442, 36.674857);
INSERT INTO `district` VALUES ('41', '河南省', 113.75938, 34.771713);
INSERT INTO `district` VALUES ('42', '湖北省', 114.348443, 30.5516);
INSERT INTO `district` VALUES ('43', '湖南省', 112.989604, 28.118269);
INSERT INTO `district` VALUES ('44', '广东省', 113.272426, 23.137949);
INSERT INTO `district` VALUES ('45', '广西壮族自治区', 108.334522, 22.821268);
INSERT INTO `district` VALUES ('46', '海南省', 110.355294, 20.02449);
INSERT INTO `district` VALUES ('50', '重庆市', 106.558437, 29.568996);
INSERT INTO `district` VALUES ('51', '四川省', 104.073463, 30.577544);
INSERT INTO `district` VALUES ('52', '贵州省', 106.714473, 26.604029);
INSERT INTO `district` VALUES ('53', '云南省', 102.71642, 25.051562);
INSERT INTO `district` VALUES ('54', '西藏自治区', 91.123993, 29.654594);
INSERT INTO `district` VALUES ('61', '陕西省', 108.960389, 34.275807);
INSERT INTO `district` VALUES ('62', '甘肃省', 103.833182, 36.066455);
INSERT INTO `district` VALUES ('63', '青海省', 101.786458, 36.627158);
INSERT INTO `district` VALUES ('64', '宁夏回族自治区', 106.265607, 38.476878);
INSERT INTO `district` VALUES ('65', '新疆维吾尔自治区', 87.633475, 43.799236);

-- ----------------------------
-- Table structure for foot
-- ----------------------------
DROP TABLE IF EXISTS `foot`;
CREATE TABLE `foot`  (
  `foot_id` int NOT NULL AUTO_INCREMENT,
  `foot_title` varchar(255) CHARACTER SET utf8 COLLATE utf8_general_ci NULL DEFAULT NULL,
  `foot_lng` double NULL DEFAULT NULL,
  `foot_lat` double NULL DEFAULT NULL,
  `foot_address` varchar(255) CHARACTER SET utf8 COLLATE utf8_general_ci NULL DEFAULT NULL,
  `foot_pic` varchar(255) CHARACTER SET utf8 COLLATE utf8_general_ci NULL DEFAULT NULL,
  `create_time` varchar(50) CHARACTER SET utf8 COLLATE utf8_general_ci NULL DEFAULT NULL,
  `create_user` int NULL DEFAULT NULL,
  PRIMARY KEY (`foot_id`) USING BTREE
) ENGINE = InnoDB AUTO_INCREMENT = 50 CHARACTER SET = utf8 COLLATE = utf8_general_ci ROW_FORMAT = Dynamic;

-- ----------------------------
-- Records of foot
-- ----------------------------
INSERT INTO `foot` VALUES (2, '北京市奥林匹克公园', 116.40279, 40.007242, '北京市朝阳区北辰东路15号', 'beijing.jpg', '2022-11-27', 1);
INSERT INTO `foot` VALUES (3, '故宫博物院', 116.4035918, 39.92385057, '北京市东城区景山前街4号', 'shanghai.jpg', '2022-11-27', 1);
INSERT INTO `foot` VALUES (4, '天坛公园', 116.417295, 39.887599, '北京市东城区天坛东里甲1号', 'sun.jpg', '2022-11-27', 1);
INSERT INTO `foot` VALUES (5, '圆明园遗址公园', 116.3094517, 40.01245395, '北京市海淀区清华西路28号', 'town.jpg', '2022-11-27', 1);
INSERT INTO `foot` VALUES (6, '颐和园风景区', 116.2775257, 39.99776816, '北京市海淀区新建宫门路19号', 'winter.jpg', '2022-11-27', 1);
INSERT INTO `foot` VALUES (7, '恭王府景区', 116.3924457, 39.94374564, '北京市西城区什刹海前海西街17号', 'yellow.jpg', '2022-11-27', 1);
INSERT INTO `foot` VALUES (8, '八达岭—慕田峪长城旅游区', 116.5764431, 40.44039449, '北京市延庆区、怀柔区', NULL, '2022-11-27', 1);
INSERT INTO `foot` VALUES (9, '天津盘山风景名胜区', 117.2893131, 40.10390456, '天津市蓟州区官庄镇莲花岭村', NULL, '2022-11-27', 1);
INSERT INTO `foot` VALUES (10, '天津古文化街旅游区', 117.1981467, 39.14971472, '天津市南开区宫北大街79号', NULL, '2022-11-27', 1);
INSERT INTO `foot` VALUES (11, '白洋淀景区', 115.999922, 38.94992063, '河北省保定市安新县旅游东路', NULL, '2022-11-27', 1);
INSERT INTO `foot` VALUES (12, '野三坡景区', 115.3921599, 39.67410452, '河北省保定市涞水县野三坡镇苟各庄村', NULL, '2022-11-27', 1);
INSERT INTO `foot` VALUES (13, '保定白石山景区', 114.7101208, 39.22142577, '河北省保定市涞源县白石山镇丰凉沟村', NULL, '2022-11-27', 1);
INSERT INTO `foot` VALUES (14, '清西陵', 115.351206, 39.3472881, '河北省保定市易县西陵镇', NULL, '2022-11-27', 1);
INSERT INTO `foot` VALUES (15, '金山岭长城', 117.2521296, 40.69265712, '河北省承德市滦平县巴克什营镇境内', NULL, '2022-11-27', 1);
INSERT INTO `foot` VALUES (16, '承德避暑山庄', 117.9401395, 41.00079962, '河北省承德市双桥区丽正门大街22号', NULL, '2022-11-27', 1);
INSERT INTO `foot` VALUES (17, '娲皇宫', 113.6242456, 36.64723763, '河北省邯郸市涉县索堡镇', NULL, '2022-11-27', 1);
INSERT INTO `foot` VALUES (18, '广府古城', 114.7364115, 36.70603585, '河北省邯郸市永年区广府镇', NULL, '2022-11-27', 1);
INSERT INTO `foot` VALUES (19, '山海关景区', 119.7674055, 40.01652672, '河北省秦皇岛市山海关区', NULL, '2022-11-27', 1);
INSERT INTO `foot` VALUES (20, '西柏坡', 113.9505905, 38.34585454, '河北省石家庄市平山县迎宾路', NULL, '2022-11-27', 1);
INSERT INTO `foot` VALUES (21, '清东陵景区', 117.6906264, 40.18098388, '河北省唐山市遵化市马兰峪镇', NULL, '2022-11-27', 1);
INSERT INTO `foot` VALUES (22, '大同云冈石窟', 113.143517, 40.119232, '山西省大同市云冈区云冈镇1号', NULL, '2022-11-27', 1);
INSERT INTO `foot` VALUES (23, '皇城相府生态文化旅游区', 112.5968082, 35.52464135, '山西省晋城市阳城县北留镇皇城村', NULL, '2022-11-27', 1);
INSERT INTO `foot` VALUES (24, '介休绵山风景区', 111.9943108, 36.89826913, '山西省晋中市介休市绵山镇南槐志村', NULL, '2022-11-27', 1);
INSERT INTO `foot` VALUES (25, '平遥古城', 112.1901413, 37.2101577, '山西省晋中市平遥县康宁路', NULL, '2022-11-27', 2);
INSERT INTO `foot` VALUES (26, '洪洞大槐树寻根祭祖园', 111.6824673, 36.27732966, '山西省临汾市洪洞县古槐北路公园街002号', NULL, '2022-11-27', 3);
INSERT INTO `foot` VALUES (27, '云丘山风景区', 111.0252624, 35.75549433, '山西省临汾市乡宁县关王庙乡大河村', NULL, '2022-11-27', 4);
INSERT INTO `foot` VALUES (28, '雁门关风景区', 112.8895286, 39.19028016, '山西省忻州市代县208国道', NULL, '2022-11-27', 5);
INSERT INTO `foot` VALUES (29, '五台山', 113.6010686, 38.98034903, '山西省忻州市五台县台怀镇', NULL, '2022-11-27', 2);
INSERT INTO `foot` VALUES (30, '太行山大峡谷八泉峡景区', 113.5667729, 35.95918906, '山西省长治市壶关县大峡谷镇', NULL, '2022-11-27', 3);
INSERT INTO `foot` VALUES (31, '内蒙古响沙湾旅游景区', 109.96292, 40.24992, '内蒙古鄂尔多斯市达拉特旗210国道西', NULL, '2022-11-27', 4);
INSERT INTO `foot` VALUES (32, '额济纳胡杨林景区', 101.0867771, 41.96770261, '内蒙古自治区阿拉善盟额济纳旗达来呼布镇一道桥东100米', NULL, '2022-11-27', 5);
INSERT INTO `foot` VALUES (33, '克什克腾石阵', 117.5271444, 43.94105334, '内蒙古自治区赤峰市克什克腾旗阿斯哈图石林景区(热阿线)', NULL, '2022-11-27', 3);
INSERT INTO `foot` VALUES (34, '成吉思汗陵旅游区', 109.8127098, 39.36568897, '内蒙古自治区鄂尔多斯市伊金霍洛旗', NULL, '2022-11-27', 4);
INSERT INTO `foot` VALUES (35, '满洲里中俄边境旅游区', 117.4053971, 49.62065064, '内蒙古自治区呼伦贝尔市满洲里市华埔大街', NULL, '2022-11-27', 5);
INSERT INTO `foot` VALUES (36, '阿尔山·柴河旅游景区', 120.5257045, 47.36614666, '内蒙古自治区兴安盟阿尔山市五岔沟镇', NULL, '2022-11-27', 2);
INSERT INTO `foot` VALUES (37, '千山风景区', 123.130574, 41.01836125, '辽宁省鞍山市铁东区千山东路79号', NULL, '2022-11-27', 3);
INSERT INTO `foot` VALUES (38, '本溪水洞景区', 124.0882868, 41.30754603, '辽宁省本溪市本溪满族自治县谢家崴子村', NULL, '2022-11-27', 4);
INSERT INTO `foot` VALUES (39, '金石滩', 122.0063199, 39.10298826, '辽宁省大连市金州区龙谷街', NULL, '2022-11-27', 4);
INSERT INTO `foot` VALUES (40, '大连老虎滩海洋公园-老虎滩极地馆', 121.682585, 38.878525, '辽宁省大连市中山区滨海中路9号', NULL, '2022-11-27', 5);
INSERT INTO `foot` VALUES (41, '红海滩', 121.8519716, 40.90785965, '辽宁省盘锦市大洼区赵圈河镇', NULL, '2022-11-27', 2);
INSERT INTO `foot` VALUES (42, '沈阳植物园', 123.6459059, 41.86346624, '辽宁省沈阳市浑南区双园路301号', NULL, '2022-11-27', 3);
INSERT INTO `foot` VALUES (43, '高句丽文物古迹景区', 126.1698497, 41.17258262, '吉林省通化市集安市迎宾路49号', NULL, '2022-11-27', 4);
INSERT INTO `foot` VALUES (44, '长白山风景区', 128.0918072, 42.05950468, '吉林省延边朝鲜族自治州安图县', NULL, '2022-11-27', 5);
INSERT INTO `foot` VALUES (45, '敦化市六鼎山文化旅游区', 128.2454379, 43.32361985, '吉林省延边朝鲜族自治州敦化市', NULL, '2022-11-27', 3);
INSERT INTO `foot` VALUES (46, '伪满皇宫博物院', 125.3559234, 43.91118341, '吉林省长春市宽城区光复北路5号', NULL, '2022-11-27', 4);
INSERT INTO `foot` VALUES (47, '净月潭', 125.4806495, 43.78904188, '吉林省长春市南关区净月大街5840号', NULL, '2022-11-27', 5);
INSERT INTO `foot` VALUES (48, '世界雕塑公园', 125.339477, 43.828602, '吉林省长春市南关区人民大街9518号', NULL, '2022-11-27', 1);
INSERT INTO `foot` VALUES (49, '长影世纪城', 125.457132, 43.777192, '吉林省长春市南关区永顺路路北', NULL, '2022-11-27', 2);

-- ----------------------------
-- Table structure for permission
-- ----------------------------
DROP TABLE IF EXISTS `permission`;
CREATE TABLE `permission`  (
  `id` int NULL DEFAULT NULL,
  `pid` int NULL DEFAULT NULL,
  `name` varchar(25) CHARACTER SET utf8 COLLATE utf8_general_ci NULL DEFAULT NULL,
  `path` varchar(25) CHARACTER SET utf8 COLLATE utf8_general_ci NULL DEFAULT NULL,
  `comment` varchar(255) CHARACTER SET utf8 COLLATE utf8_general_ci NULL DEFAULT NULL,
  `icon` varchar(255) CHARACTER SET utf8 COLLATE utf8_general_ci NULL DEFAULT NULL
) ENGINE = InnoDB CHARACTER SET = utf8 COLLATE = utf8_general_ci ROW_FORMAT = Dynamic;

-- ----------------------------
-- Records of permission
-- ----------------------------
INSERT INTO `permission` VALUES (1, -1, 'map', '/map', '地图检索', 'el-icon-s-promotion');
INSERT INTO `permission` VALUES (2, 3, 'spot', '/spot', '景点集结', 'el-icon-location');
INSERT INTO `permission` VALUES (3, -1, 'hot', '/hot', '热门路线', 'el-icon-s-data');
INSERT INTO `permission` VALUES (4, 3, 'data', '/data', '数据分析', 'el-icon-data-analysis');
INSERT INTO `permission` VALUES (5, -1, 'path', '/path', '路线管理', 'el-icon-map-location');
INSERT INTO `permission` VALUES (6, 5, 'foot', '/foot', '循迹足迹', 'el-icon-s-flag');
INSERT INTO `permission` VALUES (7, 5, 'way', '/way', '循迹路线', 'el-icon-position');
INSERT INTO `permission` VALUES (8, -1, 'system', '/system', '系统管理', 'el-icon-s-tools');
INSERT INTO `permission` VALUES (9, 8, 'user', '/user', '用户管理', 'el-icon-user-solid');
INSERT INTO `permission` VALUES (10, 8, 'role', '/role', '权限管理', 'el-icon-s-operation');

-- ----------------------------
-- Table structure for role
-- ----------------------------
DROP TABLE IF EXISTS `role`;
CREATE TABLE `role`  (
  `id` int NOT NULL AUTO_INCREMENT,
  `name` varchar(25) CHARACTER SET utf8 COLLATE utf8_general_ci NULL DEFAULT NULL,
  `comment` varchar(25) CHARACTER SET utf8 COLLATE utf8_general_ci NULL DEFAULT NULL,
  PRIMARY KEY (`id`) USING BTREE
) ENGINE = InnoDB AUTO_INCREMENT = 4 CHARACTER SET = utf8 COLLATE = utf8_general_ci ROW_FORMAT = Dynamic;

-- ----------------------------
-- Records of role
-- ----------------------------
INSERT INTO `role` VALUES (1, 'superadmin', '超级管理员');
INSERT INTO `role` VALUES (2, 'admin', '管理员');
INSERT INTO `role` VALUES (3, 'user', '普通用户');

-- ----------------------------
-- Table structure for role_permission
-- ----------------------------
DROP TABLE IF EXISTS `role_permission`;
CREATE TABLE `role_permission`  (
  `role_id` int NULL DEFAULT NULL,
  `permission_id` int NULL DEFAULT NULL
) ENGINE = InnoDB CHARACTER SET = utf8 COLLATE = utf8_general_ci ROW_FORMAT = Dynamic;

-- ----------------------------
-- Records of role_permission
-- ----------------------------
INSERT INTO `role_permission` VALUES (1, 1);
INSERT INTO `role_permission` VALUES (1, 2);
INSERT INTO `role_permission` VALUES (1, 3);
INSERT INTO `role_permission` VALUES (1, 4);
INSERT INTO `role_permission` VALUES (1, 5);
INSERT INTO `role_permission` VALUES (1, 6);
INSERT INTO `role_permission` VALUES (1, 7);
INSERT INTO `role_permission` VALUES (1, 8);
INSERT INTO `role_permission` VALUES (1, 9);
INSERT INTO `role_permission` VALUES (1, 10);
INSERT INTO `role_permission` VALUES (2, 1);
INSERT INTO `role_permission` VALUES (2, 2);
INSERT INTO `role_permission` VALUES (2, 3);
INSERT INTO `role_permission` VALUES (2, 4);
INSERT INTO `role_permission` VALUES (2, 5);
INSERT INTO `role_permission` VALUES (2, 6);
INSERT INTO `role_permission` VALUES (2, 7);
INSERT INTO `role_permission` VALUES (2, 8);
INSERT INTO `role_permission` VALUES (2, 9);
INSERT INTO `role_permission` VALUES (3, 1);
INSERT INTO `role_permission` VALUES (3, 2);
INSERT INTO `role_permission` VALUES (3, 3);
INSERT INTO `role_permission` VALUES (3, 5);
INSERT INTO `role_permission` VALUES (3, 6);
INSERT INTO `role_permission` VALUES (3, 7);

-- ----------------------------
-- Table structure for route
-- ----------------------------
DROP TABLE IF EXISTS `route`;
CREATE TABLE `route`  (
  `route_id` int NOT NULL AUTO_INCREMENT,
  `route_title` varchar(25) CHARACTER SET utf8 COLLATE utf8_general_ci NULL DEFAULT NULL,
  `route_path` varchar(255) CHARACTER SET utf8 COLLATE utf8_general_ci NULL DEFAULT NULL,
  `route_comment` varchar(255) CHARACTER SET utf8 COLLATE utf8_general_ci NULL DEFAULT NULL,
  `route_location` varchar(255) CHARACTER SET utf8 COLLATE utf8_general_ci NULL DEFAULT NULL,
  `route_pic` varchar(255) CHARACTER SET utf8 COLLATE utf8_general_ci NULL DEFAULT NULL,
  `create_time` date NULL DEFAULT NULL,
  `create_user` int NULL DEFAULT NULL,
  PRIMARY KEY (`route_id`) USING BTREE
) ENGINE = InnoDB AUTO_INCREMENT = 5 CHARACTER SET = utf8 COLLATE = utf8_general_ci ROW_FORMAT = Dynamic;

-- ----------------------------
-- Records of route
-- ----------------------------
INSERT INTO `route` VALUES (2, '北京一日', '天坛公园=>地坛公园=>天安门广场=>国家大剧院=>礼王府', '提早出门', '116.416857,39.889171|116.421288,39.960204|116.404129,39.909915|116.396319,39.911365|116.382944,39.926896', 'sun.jpg', '2022-11-25', 1);
INSERT INTO `route` VALUES (3, '奥林匹克', '奥林匹克森林公园=>天坛公园', '呼吸新鲜空气的好去处', '116.396914,40.026985|116.417251,39.888684', 'town.jpg', '2022-12-13', 1);
INSERT INTO `route` VALUES (4, '上海一日', '上海迪士尼主题公园=>世纪公园=>东方明珠塔', '注意身边小孩', '121.671793,31.148856|121.559028,31.222351|121.506399,31.245472', 'shanghai.jpg', '2022-11-27', 1);

-- ----------------------------
-- Table structure for spot
-- ----------------------------
DROP TABLE IF EXISTS `spot`;
CREATE TABLE `spot`  (
  `spot_name` varchar(255) CHARACTER SET utf8 COLLATE utf8_general_ci NULL DEFAULT NULL,
  `hot` int NULL DEFAULT NULL,
  `lng` double NULL DEFAULT NULL,
  `lat` double NULL DEFAULT NULL,
  `spot_address` varchar(255) CHARACTER SET utf8 COLLATE utf8_general_ci NULL DEFAULT NULL,
  `d_code` varchar(2) CHARACTER SET utf8 COLLATE utf8_general_ci NULL DEFAULT NULL,
  `c_code` varchar(4) CHARACTER SET utf8 COLLATE utf8_general_ci NULL DEFAULT NULL,
  `s_code` varchar(6) CHARACTER SET utf8 COLLATE utf8_general_ci NULL DEFAULT NULL
) ENGINE = InnoDB CHARACTER SET = utf8 COLLATE = utf8_general_ci ROW_FORMAT = Dynamic;

-- ----------------------------
-- Records of spot
-- ----------------------------
INSERT INTO `spot` VALUES ('北京市明十三陵', 15, 116.231846, 40.26354405, '北京市昌平区长陵镇十三陵特区', '11', '1101', '110114');
INSERT INTO `spot` VALUES ('北京市奥林匹克公园', 7, 116.40279, 40.007242, '北京市朝阳区北辰东路15号', '11', '1101', '110105');
INSERT INTO `spot` VALUES ('故宫博物院', 70, 116.4035918, 39.92385057, '北京市东城区景山前街4号', '11', '1101', '110101');
INSERT INTO `spot` VALUES ('天坛公园', 60, 116.417295, 39.887599, '北京市东城区天坛东里甲1号', '11', '1101', '110101');
INSERT INTO `spot` VALUES ('圆明园遗址公园', 26, 116.3094517, 40.01245395, '北京市海淀区清华西路28号', '11', '1101', '110108');
INSERT INTO `spot` VALUES ('颐和园风景区', 6, 116.2775257, 39.99776816, '北京市海淀区新建宫门路19号', '11', '1101', '110108');
INSERT INTO `spot` VALUES ('恭王府景区', 54, 116.3924457, 39.94374564, '北京市西城区什刹海前海西街17号', '11', '1101', '110102');
INSERT INTO `spot` VALUES ('八达岭—慕田峪长城旅游区', 13, 116.5764431, 40.44039449, '北京市延庆区、怀柔区', '11', '1101', '110119');
INSERT INTO `spot` VALUES ('天津盘山风景名胜区', 62, 117.2893131, 40.10390456, '天津市蓟州区官庄镇莲花岭村', '12', '1201', '120119');
INSERT INTO `spot` VALUES ('天津古文化街旅游区', 17, 117.1981467, 39.14971472, '天津市南开区宫北大街79号', '12', '1201', '120104');
INSERT INTO `spot` VALUES ('白洋淀景区', 51, 115.999922, 38.94992063, '河北省保定市安新县旅游东路', '13', '1306', '130632');
INSERT INTO `spot` VALUES ('野三坡景区', 96, 115.3921599, 39.67410452, '河北省保定市涞水县野三坡镇苟各庄村', '13', '1306', '130623');
INSERT INTO `spot` VALUES ('保定白石山景区', 91, 114.7101208, 39.22142577, '河北省保定市涞源县白石山镇丰凉沟村', '13', '1306', '130630');
INSERT INTO `spot` VALUES ('清西陵', 39, 115.351206, 39.3472881, '河北省保定市易县西陵镇', '13', '1306', '130633');
INSERT INTO `spot` VALUES ('金山岭长城', 39, 117.2521296, 40.69265712, '河北省承德市滦平县巴克什营镇境内', '13', '1308', '130824');
INSERT INTO `spot` VALUES ('承德避暑山庄', 14, 117.9401395, 41.00079962, '河北省承德市双桥区丽正门大街22号', '13', '1308', '130802');
INSERT INTO `spot` VALUES ('娲皇宫', 44, 113.6242456, 36.64723763, '河北省邯郸市涉县索堡镇', '13', '1304', '130426');
INSERT INTO `spot` VALUES ('广府古城', 48, 114.7364115, 36.70603585, '河北省邯郸市永年区广府镇', '13', '1304', '130408');
INSERT INTO `spot` VALUES ('山海关景区', 70, 119.7674055, 40.01652672, '河北省秦皇岛市山海关区', '13', '1303', '130303');
INSERT INTO `spot` VALUES ('西柏坡', 45, 113.9505905, 38.34585454, '河北省石家庄市平山县迎宾路', '13', '1301', '130131');
INSERT INTO `spot` VALUES ('清东陵景区', 55, 117.6906264, 40.18098388, '河北省唐山市遵化市马兰峪镇', '13', '1302', '130281');
INSERT INTO `spot` VALUES ('大同云冈石窟', 47, 113.143517, 40.119232, '山西省大同市云冈区云冈镇1号', '14', '1402', '140214');
INSERT INTO `spot` VALUES ('皇城相府生态文化旅游区', 46, 112.5968082, 35.52464135, '山西省晋城市阳城县北留镇皇城村', '14', '1405', '140522');
INSERT INTO `spot` VALUES ('介休绵山风景区', 54, 111.9943108, 36.89826913, '山西省晋中市介休市绵山镇南槐志村', '14', '1407', '140781');
INSERT INTO `spot` VALUES ('平遥古城', 65, 112.1901413, 37.2101577, '山西省晋中市平遥县康宁路', '14', '1407', '140728');
INSERT INTO `spot` VALUES ('洪洞大槐树寻根祭祖园', 8, 111.6824673, 36.27732966, '山西省临汾市洪洞县古槐北路公园街002号', '14', '1410', '141024');
INSERT INTO `spot` VALUES ('云丘山风景区', 12, 111.0252624, 35.75549433, '山西省临汾市乡宁县关王庙乡大河村', '14', '1410', '141029');
INSERT INTO `spot` VALUES ('雁门关风景区', 97, 112.8895286, 39.19028016, '山西省忻州市代县208国道', '14', '1409', '140923');
INSERT INTO `spot` VALUES ('五台山', 19, 113.6010686, 38.98034903, '山西省忻州市五台县台怀镇', '14', '1409', '140922');
INSERT INTO `spot` VALUES ('太行山大峡谷八泉峡景区', 69, 113.5667729, 35.95918906, '山西省长治市壶关县大峡谷镇', '14', '1404', '140427');
INSERT INTO `spot` VALUES ('内蒙古响沙湾旅游景区', 34, 109.96292, 40.24992, '内蒙古鄂尔多斯市达拉特旗210国道西', '15', '1506', '150621');
INSERT INTO `spot` VALUES ('额济纳胡杨林景区', 87, 101.0867771, 41.96770261, '内蒙古自治区阿拉善盟额济纳旗达来呼布镇一道桥东100米', '15', '1529', '152921');
INSERT INTO `spot` VALUES ('克什克腾石阵', 18, 117.5271444, 43.94105334, '内蒙古自治区赤峰市克什克腾旗阿斯哈图石林景区(热阿线)', '15', '1504', '150425');
INSERT INTO `spot` VALUES ('成吉思汗陵旅游区', 24, 109.8127098, 39.36568897, '内蒙古自治区鄂尔多斯市伊金霍洛旗', '15', '1506', '150627');
INSERT INTO `spot` VALUES ('满洲里中俄边境旅游区', 34, 117.4053971, 49.62065064, '内蒙古自治区呼伦贝尔市满洲里市华埔大街', '15', '1507', '150781');
INSERT INTO `spot` VALUES ('阿尔山·柴河旅游景区', 53, 120.5257045, 47.36614666, '内蒙古自治区兴安盟阿尔山市五岔沟镇', '15', '1522', '152202');
INSERT INTO `spot` VALUES ('千山风景区', 70, 123.130574, 41.01836125, '辽宁省鞍山市铁东区千山东路79号', '21', '2103', '210302');
INSERT INTO `spot` VALUES ('本溪水洞景区', 60, 124.0882868, 41.30754603, '辽宁省本溪市本溪满族自治县谢家崴子村', '21', '2105', '210521');
INSERT INTO `spot` VALUES ('金石滩', 75, 122.0063199, 39.10298826, '辽宁省大连市金州区龙谷街', '21', '2102', '210213');
INSERT INTO `spot` VALUES ('大连老虎滩海洋公园-老虎滩极地馆', 27, 121.682585, 38.878525, '辽宁省大连市中山区滨海中路9号', '21', '2102', '210202');
INSERT INTO `spot` VALUES ('红海滩', 69, 121.8519716, 40.90785965, '辽宁省盘锦市大洼区赵圈河镇', '21', '2111', '211104');
INSERT INTO `spot` VALUES ('沈阳植物园', 35, 123.6459059, 41.86346624, '辽宁省沈阳市浑南区双园路301号', '21', '2101', '210112');
INSERT INTO `spot` VALUES ('高句丽文物古迹景区', 39, 126.1698497, 41.17258262, '吉林省通化市集安市迎宾路49号', '22', '2205', '220582');
INSERT INTO `spot` VALUES ('长白山风景区', 39, 128.0918072, 42.05950468, '吉林省延边朝鲜族自治州安图县', '22', '2224', '222426');
INSERT INTO `spot` VALUES ('敦化市六鼎山文化旅游区', 70, 128.2454379, 43.32361985, '吉林省延边朝鲜族自治州敦化市', '22', '2224', '222403');
INSERT INTO `spot` VALUES ('伪满皇宫博物院', 95, 125.3559234, 43.91118341, '吉林省长春市宽城区光复北路5号', '22', '2201', '220103');
INSERT INTO `spot` VALUES ('净月潭', 60, 125.4806495, 43.78904188, '吉林省长春市南关区净月大街5840号', '22', '2201', '220102');
INSERT INTO `spot` VALUES ('世界雕塑公园', 53, 125.339477, 43.828602, '吉林省长春市南关区人民大街9518号', '22', '2201', '220102');
INSERT INTO `spot` VALUES ('长影世纪城', 80, 125.457132, 43.777192, '吉林省长春市南关区永顺路路北', '22', '2201', '220102');
INSERT INTO `spot` VALUES ('漠河北极村', 78, 122.363863, 53.486313, '黑龙江省大兴安岭地区漠河市', '23', '2327', '232701');
INSERT INTO `spot` VALUES ('哈尔滨太阳岛', 42, 126.6027006, 45.79839388, '黑龙江省哈尔滨市松北区太阳大道1号', '23', '2301', '230109');
INSERT INTO `spot` VALUES ('五大连池风景区', 61, 126.1689571, 48.69918338, '黑龙江省黑河市五大连池市五大连池镇药泉东路北侧', '23', '2311', '231182');
INSERT INTO `spot` VALUES ('虎头旅游风景区', 79, 133.703218, 46.02345786, '黑龙江省鸡西市虎林市虎头镇', '23', '2303', '230381');
INSERT INTO `spot` VALUES ('镜泊湖风景区', 18, 128.9605034, 44.06880668, '黑龙江省牡丹江市宁安市莫延公路', '23', '2310', '231084');
INSERT INTO `spot` VALUES ('汤旺河林海奇石景区', 41, 129.464267, 48.467365, '黑龙江省伊春市汤旺县汤逊公路', '23', '2310', '231084');
INSERT INTO `spot` VALUES ('上海市中国共产党一大·二大·四大纪念馆景区', 23, 121.4915, 31.26090389, '上海市黄浦区兴业路76号、静安区、虹口区', '31', '3101', '310101');
INSERT INTO `spot` VALUES ('东方明珠', 61, 121.506373, 31.24493707, '上海市浦东新区世纪大道1号', '31', '3101', '310115');
INSERT INTO `spot` VALUES ('上海科技馆', 70, 121.5478805, 31.22452758, '上海市浦东新区世纪大道2000号', '31', '3101', '310115');
INSERT INTO `spot` VALUES ('上海野生动物园', 34, 121.728075, 31.06137, '上海市浦东新区宣桥镇南六公路178号', '31', '3101', '310115');
INSERT INTO `spot` VALUES ('天目湖', 88, 119.451739, 31.324627, '江苏省常州市溧阳市天目湖镇环湖西路1号', '32', '3204', '320481');
INSERT INTO `spot` VALUES ('春秋淹城旅游区', 78, 119.9304077, 31.7080773, '江苏省常州市武进区武宜中路201号', '32', '3204', '320412');
INSERT INTO `spot` VALUES ('常州市环球恐龙城休闲旅游区', 51, 120.0098209, 31.83012932, '江苏省常州市新北区龙澍路', '32', '3204', '320411');
INSERT INTO `spot` VALUES ('周恩来故里旅游景区', 79, 119.156401, 33.522089, '江苏省淮安市淮安区永怀路2号', '32', '3208', '320803');
INSERT INTO `spot` VALUES ('连云港花果山', 21, 119.2856171, 34.6468648, '江苏省连云港市海州区花果山郁林路5号', '32', '3207', '320706');
INSERT INTO `spot` VALUES ('南京夫子庙-秦淮风光带景区', 3, 118.789704, 32.02172635, '江苏省南京市秦淮区平江府路80-1号', '32', '3201', '320104');
INSERT INTO `spot` VALUES ('南京钟山风景区', 63, 118.8595394, 32.06744297, '江苏省南京市玄武区石象路7号', '32', '3201', '320102');
INSERT INTO `spot` VALUES ('南通濠河景区', 4, 120.8725388, 32.02228549, '江苏省南通市崇川区濠北路508号', '32', '3206', '320613');
INSERT INTO `spot` VALUES ('沙家浜·虞山尚湖旅游区', 86, 120.6926414, 31.64591105, '江苏省苏州市常熟市阳澄湖畔', '32', '3205', '320581');
INSERT INTO `spot` VALUES ('苏州园林', 43, 120.6357143, 31.33018862, '江苏省苏州市姑苏区东北街202号', '32', '3205', '320508');
INSERT INTO `spot` VALUES ('周庄古镇', 99, 120.8616994, 31.11963105, '江苏省苏州市昆山市周庄镇全福路43号', '32', '3205', '320583');
INSERT INTO `spot` VALUES ('同里古镇', 36, 120.7301661, 31.16091337, '江苏省苏州市吴江区中川南路1号', '32', '3205', '320509');
INSERT INTO `spot` VALUES ('金鸡湖景区', 4, 120.7085497, 31.31748518, '江苏省苏州市吴中区工业园区钟园路747号', '32', '3205', '320506');
INSERT INTO `spot` VALUES ('苏州吴中区太湖景区', 5, 120.4510512, 31.22484128, '江苏省苏州市吴中区孙武路', '32', '3205', '320506');
INSERT INTO `spot` VALUES ('洪泽湖湿地景区', 91, 118.3386816, 33.25209274, '江苏省宿迁市泗洪县城头乡', '32', '3213', '321324');
INSERT INTO `spot` VALUES ('江苏姜堰溱湖国家湿地公园', 90, 120.1026066, 32.6312686, '江苏省泰州市姜堰区溱潼镇溱湖大道1号', '32', '3212', '321204');
INSERT INTO `spot` VALUES ('无锡灵山', 29, 120.107759, 31.431899, '江苏省无锡市滨湖区马山镇灵山路1号', '32', '3202', '320211');
INSERT INTO `spot` VALUES ('无锡影视基地三国水浒城景区', 14, 120.2407663, 31.48721098, '江苏省无锡市滨湖区山水西路128号', '32', '3202', '320211');
INSERT INTO `spot` VALUES ('太湖鼋头渚风景区', 1, 120.23361, 31.529415, '江苏省无锡市滨湖区鼋渚路1号', '32', '3202', '320211');
INSERT INTO `spot` VALUES ('惠山古镇', 29, 120.2806165, 31.58800733, '江苏省无锡市梁溪区长寿里15号', '32', '3202', '320213');
INSERT INTO `spot` VALUES ('徐州云龙湖风景区', 65, 117.1593593, 34.24446112, '江苏省徐州市泉山区泰山路78号', '32', '3203', '320311');
INSERT INTO `spot` VALUES ('中华麋鹿园', 26, 120.8232171, 32.99138945, '江苏省盐城市大丰区东镇', '32', '3209', '320904');
INSERT INTO `spot` VALUES ('扬州瘦西湖风景区', 18, 119.428159, 32.41500645, '江苏省扬州市邗江区大虹桥路28号', '32', '3210', '321003');
INSERT INTO `spot` VALUES ('镇江三山景区', 98, 119.4930341, 32.24276711, '江苏省镇江市丹徒区', '32', '3211', '321112');
INSERT INTO `spot` VALUES ('茅山风景区', 100, 119.321956, 31.79149795, '江苏省镇江市句容市茅山镇', '32', '3211', '321183');
INSERT INTO `spot` VALUES ('千岛湖风景名胜区', 11, 118.9979093, 29.61227496, '浙江省杭州市淳安县千岛湖镇梦姑路', '33', '3301', '330127');
INSERT INTO `spot` VALUES ('杭州西湖', 15, 120.1575725, 30.24802668, '浙江省杭州市西湖区龙井路1号', '33', '3301', '330106');
INSERT INTO `spot` VALUES ('杭州西溪国家湿地公园', 89, 120.0715769, 30.27143565, '浙江省杭州市西湖区天目山路518号', '33', '3301', '330106');
INSERT INTO `spot` VALUES ('南浔古镇', 81, 120.4367652, 30.88173859, '浙江省湖州市南浔区人瑞路51号', '33', '3305', '330503');
INSERT INTO `spot` VALUES ('西塘古镇', 82, 120.9007489, 30.95096037, '浙江省嘉兴市嘉善县南苑路258号', '33', '3304', '330421');
INSERT INTO `spot` VALUES ('嘉兴南湖', 78, 120.7649588, 30.75752772, '浙江省嘉兴市南湖区南溪路1号', '33', '3304', '330402');
INSERT INTO `spot` VALUES ('乌镇', 81, 120.4979955, 30.75431479, '浙江省嘉兴市桐乡市石佛南路18号', '33', '3304', '330483');
INSERT INTO `spot` VALUES ('横店影视城', 36, 120.323398, 29.143599, '浙江省金华市东阳市横店镇金佛庄路66号', '33', '3307', '330783');
INSERT INTO `spot` VALUES ('缙云仙都风景区', 88, 120.147137, 28.69622699, '浙江省丽水市缙云县鼎湖路', '33', '3311', '331122');
INSERT INTO `spot` VALUES ('溪口-滕头旅游风景区', 21, 121.2352144, 29.67526135, '浙江省宁波市奉化区溪口镇滕头村', '33', '3302', '330213');
INSERT INTO `spot` VALUES ('天一阁?月湖景区', 38, 121.5452228, 29.8773403, '浙江省宁波市海曙区天一街，县学街', '33', '3302', '330203');
INSERT INTO `spot` VALUES ('江郎山·廿八都景区', 85, 118.5746064, 28.53965809, '浙江省衢州市江山市江郎乡', '33', '3308', '330881');
INSERT INTO `spot` VALUES ('根宫佛国文化旅游区', 47, 118.399217, 29.141314, '浙江省衢州市开化县城关镇根博路1号', '33', '3308', '330824');
INSERT INTO `spot` VALUES ('绍兴鲁迅故里沈园景区', 64, 120.5915724, 29.99869233, '浙江省绍兴市越城区鲁迅中路241号', '33', '3306', '330602');
INSERT INTO `spot` VALUES ('台州府城', 65, 121.1237898, 28.85244989, '浙江省台州市临海市江滨中路', '33', '3310', '331082');
INSERT INTO `spot` VALUES ('浙江天台山风景区', 67, 121.0419019, 29.16283708, '浙江省台州市天台县和合街1号', '33', '3310', '331023');
INSERT INTO `spot` VALUES ('神仙居风景区', 20, 120.6141917, 28.69549315, '浙江省台州市仙居县白塔镇', '33', '3310', '331024');
INSERT INTO `spot` VALUES ('雁荡山', 98, 121.0329076, 28.3898138, '浙江省温州市乐清市雁荡镇响岭头村', '33', '3303', '330382');
INSERT INTO `spot` VALUES ('刘伯温故里景区', 16, 120.0169345, 27.85052065, '浙江省温州市文成县百丈漈篁庄村', '33', '3303', '330328');
INSERT INTO `spot` VALUES ('普陀山风景区', 74, 122.403817, 30.00895079, '浙江省舟山市普陀区梅岑路1号', '33', '3309', '330903');
INSERT INTO `spot` VALUES ('天柱山风景区', 43, 116.4648896, 30.74056524, '安徽省安庆市潜山市天柱山路112号', '34', '3408', '340882');
INSERT INTO `spot` VALUES ('九华山风景区', 34, 117.8302367, 30.48495691, '安徽省池州市青阳县九华镇', '34', '3417', '341723');
INSERT INTO `spot` VALUES ('八里河风景区', 93, 116.3147027, 32.56559284, '安徽省阜阳市颍上县八里河镇', '34', '3412', '341226');
INSERT INTO `spot` VALUES ('三河古镇', 51, 117.2513615, 31.51816215, '安徽省合肥市肥西县三河镇三杭路', '34', '3401', '340123');
INSERT INTO `spot` VALUES ('黄山风景区', 68, 118.1772575, 30.13317923, '安徽省黄山市黄山区205国道', '34', '3410', '341003');
INSERT INTO `spot` VALUES ('黄山市古徽州文化旅游区', 66, 118.4424622, 29.86911877, '安徽省黄山市徽州区', '34', '3410', '341004');
INSERT INTO `spot` VALUES ('西递·宏村·皖南古村落', 23, 118.1927936, 30.09911749, '安徽省黄山市黟县', '34', '3410', '341023');
INSERT INTO `spot` VALUES ('六安天堂寨', 13, 115.7842547, 31.14394529, '安徽省六安市金寨县天堂寨镇', '34', '3415', '341524');
INSERT INTO `spot` VALUES ('万佛湖', 100, 116.7725433, 31.30291632, '安徽省六安市舒城县万佛湖镇万佛大道', '34', '3415', '341523');
INSERT INTO `spot` VALUES ('长江采石矶文化生态旅游区', 52, 118.4657271, 31.65674219, '安徽省马鞍山市雨山区唐贤街1号', '34', '3405', '340504');
INSERT INTO `spot` VALUES ('芜湖方特旅游区', 59, 118.4701921, 31.36188785, '安徽省芜湖市鸠江区赤铸山东路辅路', '34', '3402', '340207');
INSERT INTO `spot` VALUES ('龙川风景名胜区', 94, 118.676784, 30.083259, '安徽省宣城市绩溪县瀛州乡大坑口村', '34', '3418', '341824');
INSERT INTO `spot` VALUES ('三坊七巷', 32, 119.30327, 26.088337, '福建省福州市鼓楼区南后街58号', '35', '3501', '350102');
INSERT INTO `spot` VALUES ('龙岩古田旅游区', 56, 116.8325733, 25.22110386, '福建省龙岩市上杭县古田镇', '35', '3508', '350823');
INSERT INTO `spot` VALUES ('武夷山', 13, 117.9568958, 27.66386607, '福建省南平市武夷山市武夷街道', '35', '3507', '350782');
INSERT INTO `spot` VALUES ('太姥山风景名胜区', 28, 120.1916316, 27.1165252, '福建省宁德市福鼎市秦屿镇九七五县道', '35', '3509', '350982');
INSERT INTO `spot` VALUES ('白水洋·鸳鸯溪景区', 33, 119.0923595, 27.07570336, '福建省宁德市屏南县', '35', '3509', '350923');
INSERT INTO `spot` VALUES ('湄洲岛风景名胜区', 76, 119.1349119, 25.0698266, '福建省莆田市秀屿区湄洲大道1588号', '35', '3503', '350305');
INSERT INTO `spot` VALUES ('清源山风景名胜区', 44, 118.6192949, 24.94808246, '福建省泉州市丰泽区泉山路', '35', '3505', '350503');
INSERT INTO `spot` VALUES ('泰宁风景旅游区', 63, 117.1083078, 26.86956422, '福建省三明市泰宁县763县道', '35', '3504', '350429');
INSERT INTO `spot` VALUES ('鼓浪屿', 29, 118.0733648, 24.45097845, '福建省厦门市思明区金丰南大街大板城', '35', '3502', '350203');
INSERT INTO `spot` VALUES ('福建土楼(永定·南靖)旅游景区', 95, 116.9813431, 24.65787415, '福建省永定区、南靖县、华安县', '35', '3508', '350803');
INSERT INTO `spot` VALUES ('大觉山景区', 73, 117.150337, 27.702523, '江西省抚州市资溪县建设东路14号', '36', '3610', '361028');
INSERT INTO `spot` VALUES ('三百山风景名胜区', 59, 115.4322805, 25.00442601, '江西省赣州市安远县三百山镇符山村过桥垄', '36', '3607', '360726');
INSERT INTO `spot` VALUES ('瑞金共和国摇篮景区', 84, 116.018921, 25.889897, '江西省赣州市瑞金市沙洲坝镇', '36', '3607', '360781');
INSERT INTO `spot` VALUES ('井冈山', 8, 114.1626204, 26.59750393, '江西省吉安市井冈山市茨坪镇', '36', '3608', '360881');
INSERT INTO `spot` VALUES ('景德镇古窑民俗博览区', 66, 117.191616, 29.286579, '江西省景德镇市昌江区瓷都大道古窑路1号', '36', '3602', '360202');
INSERT INTO `spot` VALUES ('庐山风景区', 73, 116.0021872, 29.56459355, '江西省九江市庐山市牯岭镇', '36', '3604', '360483');
INSERT INTO `spot` VALUES ('庐山西海风景区', 42, 115.4793762, 29.20103909, '江西省九江市永修县柘林镇', '36', '3604', '360425');
INSERT INTO `spot` VALUES ('滕王阁', 58, 115.8886951, 28.68662148, '江西省南昌市东湖区仿古街58号', '36', '3601', '360102');
INSERT INTO `spot` VALUES ('武功山风景区', 25, 114.1781337, 27.47764646, '江西省萍乡市芦溪县', '36', '3603', '360323');
INSERT INTO `spot` VALUES ('婺源江湾景区', 58, 118.057967, 29.374092, '江西省上饶市婺源县云湾路', '36', '3611', '361130');
INSERT INTO `spot` VALUES ('龟峰风景名胜区', 48, 117.4326037, 28.32353529, '江西省上饶市弋阳县320国道', '36', '3611', '361126');
INSERT INTO `spot` VALUES ('三清山风景区', 33, 118.0901, 28.90607833, '江西省上饶市玉山县三清乡', '36', '3611', '361123');
INSERT INTO `spot` VALUES ('宜春市明月山旅游区', 17, 114.2989022, 27.605232, '江西省宜春市袁州区温汤镇潭下村', '36', '3609', '360902');
INSERT INTO `spot` VALUES ('江西龙虎山', 90, 117.0003658, 28.09013486, '江西省鹰潭市贵溪市龙虎山大道1号', '36', '3606', '360681');
INSERT INTO `spot` VALUES ('黄河口生态旅游区', 93, 119.1697511, 37.73842757, '山东省东营市垦利区黄河口镇', '37', '3705', '370505');
INSERT INTO `spot` VALUES ('天下第一泉景区', 98, 117.0228876, 36.66808858, '山东省济南市历下区趵突泉南路1号', '37', '3701', '370102');
INSERT INTO `spot` VALUES ('曲阜明故城(三孔)旅游区', 27, 116.9971233, 35.60317612, '山东省济宁市曲阜市神道路北首路东', '37', '3708', '370881');
INSERT INTO `spot` VALUES ('微山湖旅游区', 97, 117.282837, 34.689653, '山东省济宁市微山县X018', '37', '3708', '370826');
INSERT INTO `spot` VALUES ('沂蒙山旅游区', 76, 117.9845417, 35.56712767, '山东省临沂市蒙阴县柏林镇花果庄十字路口南50米路西', '37', '3713', '371328');
INSERT INTO `spot` VALUES ('萤火虫水洞·地下大峡谷旅游区', 16, 118.5469278, 35.73443089, '山东省临沂市沂水县姚店子镇永富庄村', '37', '3713', '371323');
INSERT INTO `spot` VALUES ('青岛崂山风景区', 81, 120.6833942, 36.15403493, '山东省青岛市崂山区梅岭路29号', '37', '3702', '370212');
INSERT INTO `spot` VALUES ('泰山风景区', 40, 117.0948633, 36.26104104, '山东省泰安市泰山区红门路', '37', '3709', '370902');
INSERT INTO `spot` VALUES ('刘公岛', 2, 122.2011915, 37.50963373, '山东省威海市环翠区海滨北路101-2号', '37', '3710', '371002');
INSERT INTO `spot` VALUES ('威海华夏城景区', 23, 122.122166, 37.429984, '山东省威海市环翠区华夏路', '37', '3710', '371002');
INSERT INTO `spot` VALUES ('青州古城', 87, 118.4864379, 36.68667521, '山东省潍坊市青州市范公亭西路与偶园街交叉口', '37', '3707', '370781');
INSERT INTO `spot` VALUES ('烟台龙口南山景区', 64, 120.4859528, 37.56725337, '山东省烟台市龙口市东江镇', '37', '3706', '370681');
INSERT INTO `spot` VALUES ('烟台蓬莱阁（三仙山·八仙过海）旅游区', 60, 120.7619639, 37.83058776, '山东省烟台市蓬莱区北关路1号', '37', '3706', '370614');
INSERT INTO `spot` VALUES ('台儿庄古城', 86, 117.749491, 34.563686, '山东省枣庄市台儿庄区北岸路与康宁路交汇处', '37', '3704', '370405');
INSERT INTO `spot` VALUES ('红旗渠·太行大峡谷旅游景区', 68, 113.7117218, 36.16446838, '河南省安阳市林州市石板岩镇林石线', '41', '4105', '410581');
INSERT INTO `spot` VALUES ('河南安阳殷墟景区', 1, 114.3317688, 36.12775274, '河南省安阳市殷都区殷墟路1号', '41', '4105', '410505');
INSERT INTO `spot` VALUES ('焦作(云台山－神农山－青天河)风景区', 46, 113.0173597, 35.34631443, '河南省焦作市修武县云台山风景名胜区茱萸峰凤凰岭内', '41', '4108', '410821');
INSERT INTO `spot` VALUES ('清明上河园', 58, 114.34676, 34.815278, '河南省开封市龙亭区龙亭西路5号', '41', '4102', '410202');
INSERT INTO `spot` VALUES ('老君山-鸡冠洞旅游区', 96, 111.663021, 33.7517841, '河南省洛阳市栾川县', '41', '4103', '410324');
INSERT INTO `spot` VALUES ('龙门石窟', 52, 112.4855404, 34.56559819, '河南省洛阳市洛龙区龙门中街13号', '41', '4103', '410311');
INSERT INTO `spot` VALUES ('洛阳白云山风景区', 99, 111.8614415, 33.68114355, '河南省洛阳市嵩县车村镇铜河村', '41', '4103', '410325');
INSERT INTO `spot` VALUES ('洛阳龙潭大峡谷景区', 28, 112.0010388, 34.96718161, '河南省洛阳市新安县石井镇龙潭沟村', '41', '4103', '410323');
INSERT INTO `spot` VALUES ('西峡伏牛山老界岭·恐龙遗址园旅游区', 92, 111.6930118, 33.23625536, '河南省南阳市西峡县', '41', '4113', '411323');
INSERT INTO `spot` VALUES ('尧山-中原大佛景区', 67, 112.3080775, 33.73525595, '河南省平顶山市鲁山县', '41', '4104', '410423');
INSERT INTO `spot` VALUES ('芒砀山', 27, 116.5177982, 34.17570768, '河南省商丘市永城市芒山镇', '41', '4114', '411481');
INSERT INTO `spot` VALUES ('八里沟', 7, 113.6318183, 35.55121057, '河南省新乡市辉县市关山迎宾大道', '41', '4107', '410782');
INSERT INTO `spot` VALUES ('鸡公山风景区', 71, 114.0817821, 31.81835847, '河南省信阳市浉河区107国道附近', '41', '4115', '411502');
INSERT INTO `spot` VALUES ('中岳嵩山·少林寺', 22, 112.9613702, 34.51981106, '河南省郑州市登封市嵩山', '41', '4101', '410185');
INSERT INTO `spot` VALUES ('嵖岈山', 60, 113.736632, 33.135726, '河南省驻马店市遂平县遂嵖路', '41', '4117', '411728');
INSERT INTO `spot` VALUES ('神农溪风景区', 22, 110.3362929, 31.04455298, '湖北省恩施土家族苗族自治州巴东县城信陵镇沿江路191号', '42', '4228', '422823');
INSERT INTO `spot` VALUES ('恩施大峡谷', 52, 109.1889713, 30.43627576, '湖北省恩施土家族苗族自治州恩施市047乡道', '42', '4228', '422801');
INSERT INTO `spot` VALUES ('腾龙洞风景区', 54, 108.9925785, 30.3355369, '湖北省恩施土家族苗族自治州利川市东城街道', '42', '4228', '422802');
INSERT INTO `spot` VALUES ('武当山', 52, 111.0757186, 32.45925203, '湖北省十堰市丹江口市太和街道永乐路13号', '42', '4203', '420381');
INSERT INTO `spot` VALUES ('黄陂木兰文化生态旅游区', 7, 114.4033453, 31.09938928, '湖北省武汉市黄陂区胜景路(木兰山)', '42', '4201', '420116');
INSERT INTO `spot` VALUES ('黄鹤楼公园', 83, 114.3122606, 30.54913986, '湖北省武汉市武昌区蛇山西坡特1号', '42', '4201', '420106');
INSERT INTO `spot` VALUES ('武汉东湖风景区', 21, 114.4200323, 30.55778083, '湖北省武汉市武昌区沿湖大道16号', '42', '4201', '420106');
INSERT INTO `spot` VALUES ('三国赤壁古战场', 17, 113.6368671, 29.88529491, '湖北省咸宁市赤壁市赤壁镇武侯巷6号', '42', '4212', '421281');
INSERT INTO `spot` VALUES ('古隆中', 53, 112.0352967, 32.00042849, '湖北省襄阳襄城区隆中路6号', '42', '4206', '420602');
INSERT INTO `spot` VALUES ('神农架风景区', 32, 110.576747, 31.357084, '湖北省宜昌市兴山县神农架林区', '42', '4205', '420526');
INSERT INTO `spot` VALUES ('宜昌市三峡大瀑布景区', 99, 111.3291988, 30.9310946, '湖北省宜昌市夷陵区312省道', '42', '4205', '420506');
INSERT INTO `spot` VALUES ('三峡人家风景区', 94, 111.162357, 30.79655282, '湖北省宜昌市夷陵区三斗坪镇石牌村', '42', '4205', '420506');
INSERT INTO `spot` VALUES ('长阳清江画廊风景区', 41, 111.1466893, 30.46994212, '湖北省宜昌市长阳土家族自治县晒鼓坪村', '42', '4205', '420528');
INSERT INTO `spot` VALUES ('三峡大坝-屈原故里旅游区', 93, 110.9946363, 30.8322708, '湖北省宜昌市秭归县茅坪镇滨湖社区凤凰山', '42', '4205', '420527');
INSERT INTO `spot` VALUES ('张家界武陵源－天门山旅游区', 39, 110.4761484, 29.35992905, '湖北省张家界市武陵源区武陵源风景名胜区西北部', '42', '4308', '430811');
INSERT INTO `spot` VALUES ('常德桃花源', 21, 111.4501357, 28.79587123, '湖南省常德市桃源县桃花源镇', '43', '4307', '430725');
INSERT INTO `spot` VALUES ('东江湖', 98, 113.3171438, 25.87163139, '湖南省郴州市资兴市王家庄88号', '43', '4310', '431081');
INSERT INTO `spot` VALUES ('南岳衡山', 1, 112.7218089, 27.27726421, '湖南省衡阳市南岳区南岳镇金沙路', '43', '4304', '430412');
INSERT INTO `spot` VALUES ('崀山风景名胜区', 5, 110.8022824, 26.36003514, '湖南省邵阳市新宁县崀山镇', '43', '4305', '430528');
INSERT INTO `spot` VALUES ('韶山', 32, 112.4984616, 27.90711244, '湖南省湘潭市韶山市故园路', '43', '4303', '430382');
INSERT INTO `spot` VALUES ('湘西州矮寨奇观旅游区', 73, 109.5872453, 28.34519596, '湖南省湘西土家族苗族自治州吉首市矮寨镇', '43', '4331', '433101');
INSERT INTO `spot` VALUES ('岳阳楼-君山岛景区', 28, 113.100756, 29.386564, '湖南省岳阳市岳阳楼区洞庭北路60号', '43', '4306', '430602');
INSERT INTO `spot` VALUES ('长沙市花明楼景区', 65, 112.650871, 28.044294, '湖南省长沙市宁乡市花明楼镇', '43', '4301', '430182');
INSERT INTO `spot` VALUES ('岳麓山·橘子洲旅游区', 96, 112.9442646, 28.18498131, '湖南省长沙市岳麓区登高路58号', '43', '4301', '430104');
INSERT INTO `spot` VALUES ('株洲炎帝陵景区', 14, 113.6784477, 26.42781433, '湖南省株洲市炎陵县鹿原镇鹿原陂', '43', '4302', '430225');
INSERT INTO `spot` VALUES ('西樵山', 64, 112.9842671, 22.92797485, '广东省佛山市南海区校前路与碧桂街交叉口西南50米', '44', '4406', '440605');
INSERT INTO `spot` VALUES ('长鹿旅游休博园', 99, 113.294275, 22.883526, '广东省佛山市顺德区建设东路8号', '44', '4406', '440606');
INSERT INTO `spot` VALUES ('广州白云山风景区', 45, 113.3043875, 23.19328838, '广东省广州市白云区同和街道广园中路801号', '44', '4401', '440111');
INSERT INTO `spot` VALUES ('广州长隆旅游度假区', 93, 113.3356057, 23.00553978, '广东省广州市番禺区汉溪大道东299号', '44', '4401', '440113');
INSERT INTO `spot` VALUES ('罗浮山风景区', 7, 114.045105, 23.26986789, '广东省惠州市博罗县长宁镇罗浮大道', '44', '4413', '441322');
INSERT INTO `spot` VALUES ('惠州西湖风景名胜区', 29, 114.4020473, 23.09832373, '广东省惠州市惠城区环城西路2号', '44', '4413', '441302');
INSERT INTO `spot` VALUES ('开平碉楼文化旅游区', 77, 112.586021, 22.37872796, '广东省江门市开平市塘口镇', '44', '4407', '440783');
INSERT INTO `spot` VALUES ('梅州雁南飞茶田景区', 84, 116.3885729, 24.38815066, '广东省梅州市梅县区雁洋镇长教村', '44', '4414', '441403');
INSERT INTO `spot` VALUES ('连州地下河风景区', 38, 112.3357891, 25.01155714, '广东省清远市连州市慧光路181号', '44', '4418', '441882');
INSERT INTO `spot` VALUES ('丹霞山', 45, 113.72887, 25.034521, '广东省韶关市仁化县', '44', '4402', '440224');
INSERT INTO `spot` VALUES ('深圳市观澜湖休闲旅游区', 85, 114.0817316, 22.74567721, '广东省深圳市龙华新区观澜高尔夫大道1号', '44', '4403', '440309');
INSERT INTO `spot` VALUES ('深圳华侨城旅游度假区', 33, 113.99117, 22.54440587, '广东省深圳市南山区', '44', '4403', '440305');
INSERT INTO `spot` VALUES ('海陵岛大角湾海上丝路旅游区', 48, 111.8537874, 21.57565829, '广东省阳江市江城区海滨路24号附近', '44', '4417', '441702');
INSERT INTO `spot` VALUES ('肇庆星湖风景区', 83, 112.4779317, 23.07698189, '广东省肇庆市端州区文明北路牌坊广场综合楼', '44', '4417', '441702');
INSERT INTO `spot` VALUES ('孙中山故里旅游区', 31, 113.5346442, 22.44936539, '广东省中山市南朗镇翠亨村', '44', '4420', '442008');
INSERT INTO `spot` VALUES ('百色起义纪念公园', 83, 106.6462393, 23.9077159, '广西壮族自治区百色市右江区城东大道112号', '45', '4510', '451002');
INSERT INTO `spot` VALUES ('涠洲岛南湾鳄鱼山景区', 40, 109.108822, 21.01557521, '广西壮族自治区北海市海城区', '45', '4505', '450502');
INSERT INTO `spot` VALUES ('德天大瀑布', 82, 106.738154, 22.8562966, '广西壮族自治区崇左市大新县硕龙镇', '45', '4514', '451424');
INSERT INTO `spot` VALUES ('桂林漓江风景名胜区', 49, 110.4382622, 25.1531659, '广西壮族自治区桂林市灵川县', '45', '4503', '450323');
INSERT INTO `spot` VALUES ('桂林两江四湖?象山景区', 64, 110.3018743, 25.27304532, '广西壮族自治区桂林市象山区民主路52号', '45', '4503', '450304');
INSERT INTO `spot` VALUES ('桂林乐满地度假世界', 44, 110.683372, 25.590103, '广西壮族自治区桂林市兴安县志玲路', '45', '4503', '450325');
INSERT INTO `spot` VALUES ('桂林独秀峰?王城景区', 80, 110.3056584, 25.28692579, '广西壮族自治区桂林市秀峰区王城路1号', '45', '4503', '450325');
INSERT INTO `spot` VALUES ('昭平黄姚古镇风景名胜区', 27, 111.2137, 24.25435008, '广西壮族自治区贺州市昭平县黄姚镇', '45', '4511', '451121');
INSERT INTO `spot` VALUES ('青秀山', 52, 108.3937459, 22.79303916, '广西壮族自治区南宁市青秀区青山路19号', '45', '4501', '450103');
INSERT INTO `spot` VALUES ('海南槟榔谷黎苗文化旅游区', 88, 109.6720176, 18.4041323, '海南省保亭黎族苗族自治县三道镇', '46', '4690', '469029');
INSERT INTO `spot` VALUES ('呀诺达雨林文化旅游区', 17, 109.6576315, 18.45982604, '海南省保亭黎族苗族自治县三道镇', '46', '4690', '469029');
INSERT INTO `spot` VALUES ('分界洲岛', 58, 110.207348, 18.582299, '海南省陵水黎族自治县', '46', '4690', '469028');
INSERT INTO `spot` VALUES ('蜈支洲岛', 54, 109.7728332, 18.31641309, '海南省三亚市海棠区林旺镇后海村', '46', '4602', '460202');
INSERT INTO `spot` VALUES ('三亚大小洞天', 69, 109.1867758, 18.30592096, '海南省三亚市崖州区南山村', '46', '4602', '460205');
INSERT INTO `spot` VALUES ('三亚市南山文化旅游区', 6, 109.2135473, 18.30444582, '海南省三亚市崖州区南山村', '46', '4602', '460205');
INSERT INTO `spot` VALUES ('重庆大足石刻景区', 48, 105.8024049, 29.75448332, '重庆市大足区宝顶镇205路', '50', '5001', '500111');
INSERT INTO `spot` VALUES ('重庆奉节白帝城·瞿塘峡景区', 73, 109.5859129, 31.04754074, '重庆市奉节县白帝镇白帝村', '50', '5002', '500236');
INSERT INTO `spot` VALUES ('四面山风景区', 3, 106.4172046, 28.65346404, '重庆市江津区四面山镇', '50', '5001', '500116');
INSERT INTO `spot` VALUES ('金佛山', 6, 107.134386, 29.05550982, '重庆市南川区南城街道三汇村', '50', '5001', '500119');
INSERT INTO `spot` VALUES ('阿依河景区', 48, 108.1271053, 29.15696086, '重庆市彭水苗族土家族自治县汉葭镇柏香村', '50', '5002', '500243');
INSERT INTO `spot` VALUES ('重庆黑山谷-龙鳞石海风景区', 21, 107.00477, 28.89375, '重庆市綦江区、万盛经开区黑山镇', '50', '5001', '500110');
INSERT INTO `spot` VALUES ('濯水景区', 12, 108.778624, 29.29941599, '重庆市黔江区红军路', '50', '5001', '500114');
INSERT INTO `spot` VALUES ('巫山小三峡-小小三峡旅游区', 97, 109.9122526, 31.1443336, '重庆市巫山县城巫峡镇', '50', '5002', '500237');
INSERT INTO `spot` VALUES ('武隆喀斯特旅游区', 76, 107.7744377, 29.4238325, '重庆市武隆区银杏大道', '50', '5001', '500156');
INSERT INTO `spot` VALUES ('酉阳桃花源', 18, 108.756381, 28.866688, '重庆市酉阳土家族苗族自治县桃花源路232号', '50', '5002', '500242');
INSERT INTO `spot` VALUES ('云阳龙缸景区', 96, 109.0172175, 30.68285965, '重庆市云阳县清水土家族乡', '50', '5002', '500235');
INSERT INTO `spot` VALUES ('九寨沟风景区', 69, 103.9210904, 33.16339287, '四川省阿坝藏族羌族自治州九寨沟县漳扎镇', '51', '5132', '513225');
INSERT INTO `spot` VALUES ('黄龙景区', 49, 103.8421962, 32.74549754, '四川省阿坝藏族羌族自治州松潘县', '51', '5132', '513224');
INSERT INTO `spot` VALUES ('阿坝州汶川特别旅游区', 40, 103.425949, 30.937639, '四川省阿坝藏族羌族自治州汶川县漩三路', '51', '5132', '513224');
INSERT INTO `spot` VALUES ('光雾山旅游景区', 42, 106.80716, 32.69481213, '四川省巴中市南江县光雾山镇彭家坝村', '51', '5119', '511922');
INSERT INTO `spot` VALUES ('安仁古镇', 86, 103.6276083, 30.51563308, '四川省成都市大邑县迎宾路', '51', '5101', '510129');
INSERT INTO `spot` VALUES ('青城山－都江堰旅游景区', 15, 103.61763, 31.00793, '四川省成都市都江堰市', '51', '5101', '510181');
INSERT INTO `spot` VALUES ('稻城亚丁', 66, 100.29325, 28.464627, '四川省甘孜藏族自治州稻城县香格里拉镇', '51', '5133', '513337');
INSERT INTO `spot` VALUES ('海螺沟景区', 64, 102.129428, 29.65187097, '四川省甘孜藏族自治州泸定县磨西镇冰川路83号', '51', '5133', '513322');
INSERT INTO `spot` VALUES ('广安市邓小平故里旅游区', 14, 106.6432794, 30.52526672, '四川省广安市广安区协兴镇牌坊村中心大道', '51', '5116', '511602');
INSERT INTO `spot` VALUES ('剑门蜀道风景名胜区', 20, 105.573693, 32.21685597, '四川省广元市剑阁县剑门关镇', '51', '5108', '510823');
INSERT INTO `spot` VALUES ('峨眉山风景区', 11, 103.3567377, 29.57347827, '四川省乐山市峨眉山市黄湾镇', '51', '5111', '511181');
INSERT INTO `spot` VALUES ('四川乐山大佛景区', 75, 103.78144, 29.54754105, '四川省乐山市市中区凌云路中段2435号', '51', '5111', '511102');
INSERT INTO `spot` VALUES ('绵阳市北川羌城旅游区', 72, 104.470432, 31.61341293, '四川省绵阳市北川羌族自治县永昌镇', '51', '5107', '510726');
INSERT INTO `spot` VALUES ('阆中古城', 96, 105.9780244, 31.57727512, '四川省南充市阆中市阆水中路33号', '51', '5113', '511381');
INSERT INTO `spot` VALUES ('朱德故里景区', 80, 106.6035261, 31.46495589, '四川省南充市仪陇县马鞍镇大湾路47号', '51', '5113', '511324');
INSERT INTO `spot` VALUES ('雅安碧峰峡', 14, 102.9968173, 30.07029826, '四川省雅安市雨城区碧峰村', '51', '5118', '511802');
INSERT INTO `spot` VALUES ('安顺龙宫风景名胜区', 99, 105.8900726, 26.11254483, '贵州省安顺市西秀区龙宫镇兴龙路', '52', '5204', '520402');
INSERT INTO `spot` VALUES ('黄果树风景名胜区', 7, 105.67912, 25.985823, '贵州省安顺市镇宁布依族苗族自治县', '52', '5204', '520423');
INSERT INTO `spot` VALUES ('百里杜鹃风景名胜区', 34, 105.9262652, 27.21560289, '贵州省毕节市大方县普底乡大荒村', '52', '5205', '520521');
INSERT INTO `spot` VALUES ('织金洞风景区', 73, 105.9082644, 26.77442248, '贵州省毕节市织金县官寨乡', '52', '5205', '520524');
INSERT INTO `spot` VALUES ('花溪青岩古镇', 16, 106.6926294, 26.3379825, '贵州省贵阳市花溪区青岩镇交通路240号', '52', '5201', '520111');
INSERT INTO `spot` VALUES ('荔波樟江风景名胜区', 33, 107.7537505, 25.25586674, '贵州省南部黔南布依族苗族自治州荔波县', '52', '5227', '522722');
INSERT INTO `spot` VALUES ('镇远古镇', 92, 108.4240809, 27.05108609, '贵州省黔东南苗族侗族自治州镇远县舞阳镇西门街26号', '52', '5226', '522625');
INSERT INTO `spot` VALUES ('梵净山', 91, 108.7925105, 27.83034037, '贵州省铜仁市江口县太平镇梵净山村', '52', '5206', '520621');
INSERT INTO `spot` VALUES ('赤水丹霞', 14, 105.8279517, 28.42899632, '贵州省遵义市赤水市', '52', '5203', '520381');
INSERT INTO `spot` VALUES ('腾冲地热火山风景名胜区', 34, 98.5039587, 25.22102737, '云南省保山市腾冲市新村城马站乡中心学校附近', '53', '5305', '530581');
INSERT INTO `spot` VALUES ('崇圣寺三塔文化旅游区', 88, 100.15037, 25.71006387, '云南省大理白族自治州大理市中和镇三文笔村', '53', '5329', '532901');
INSERT INTO `spot` VALUES ('普达措国家公园', 68, 99.91101871, 27.91424769, '云南省迪庆藏族自治州香格里拉市建塘镇红坡村', '53', '5334', '533401');
INSERT INTO `spot` VALUES ('昆明世博园', 15, 102.769364, 25.08062, '云南省昆明市盘龙区世博路10号', '53', '5301', '530103');
INSERT INTO `spot` VALUES ('昆明石林风景区', 10, 103.3350845, 24.82221652, '云南省昆明市石林彝族自治县石林中路', '53', '5301', '530126');
INSERT INTO `spot` VALUES ('丽江古城', 26, 100.240581, 26.87687302, '云南省丽江市古城区纳西族自治县东大街1号', '53', '5307', '530702');
INSERT INTO `spot` VALUES ('玉龙雪山', 25, 100.2786831, 27.14740227, '云南省丽江市玉龙纳西族自治县', '53', '5307', '530721');
INSERT INTO `spot` VALUES ('普者黑风景区', 38, 104.1345541, 24.12429042, '云南省文山壮族苗族自治州丘北县305省道与206省道交叉口', '53', '5326', '532626');
INSERT INTO `spot` VALUES ('西双版纳热带植物园', 71, 101.2629719, 21.93156926, '云南省西双版纳傣族自治州勐腊县勐仑镇葫芦岛', '53', '5328', '532823');
INSERT INTO `spot` VALUES ('大昭寺', 89, 91.13955709, 29.65597912, '西藏自治区拉萨市城关区八角街八廓西街28号附近', '54', '5401', '540102');
INSERT INTO `spot` VALUES ('布达拉宫', 64, 91.12502358, 29.66035324, '西藏自治区拉萨市城关区北京中路宫前巷35号', '54', '5401', '540102');
INSERT INTO `spot` VALUES ('巴松措', 31, 93.97433899, 30.01409327, '西藏自治区林芝市工布江达县', '54', '5404', '540421');
INSERT INTO `spot` VALUES ('雅鲁藏布大峡谷景区', 4, 94.94443302, 29.61902299, '西藏自治区林芝市米林县', '54', '5404', '540422');
INSERT INTO `spot` VALUES ('扎什伦布寺', 98, 88.8791153, 29.26968435, '西藏自治区日喀则市桑珠孜区几吉朗卡路1号', '54', '5402', '540202');
INSERT INTO `spot` VALUES ('法门寺', 76, 107.908105, 34.44059, '陕西省宝鸡市扶风县法门镇', '61', '6103', '610324');
INSERT INTO `spot` VALUES ('太白山', 91, 107.8280388, 34.0713759, '陕西省宝鸡市眉县汤峪镇中心大道与迎宾大道交叉口', '61', '6103', '610326');
INSERT INTO `spot` VALUES ('金丝峡景区', 44, 110.5730748, 33.36031423, '陕西省商洛市商南县金丝峡镇', '61', '6110', '611023');
INSERT INTO `spot` VALUES ('华山', 3, 110.0730812, 34.49791253, '陕西省渭南市华阴市华山镇', '61', '6105', '610582');
INSERT INTO `spot` VALUES ('西安城墙-碑林历史文化景区', 5, 108.9545787, 34.28215468, '陕西省西安市碑林区南大街', '61', '6101', '610103');
INSERT INTO `spot` VALUES ('华清宫', 83, 109.2219228, 34.36369489, '陕西省西安市临潼区华清路38号', '61', '6101', '610115');
INSERT INTO `spot` VALUES ('秦始皇兵马俑博物馆', 18, 109.2870736, 34.3894944, '陕西省西安市临潼区秦陵北路', '61', '6101', '610115');
INSERT INTO `spot` VALUES ('大明宫国家遗址公园', 96, 108.9697825, 34.29875864, '陕西省西安市新城区自强东路585号', '61', '6101', '610102');
INSERT INTO `spot` VALUES ('大雁塔·大唐芙蓉园景区', 56, 108.981138, 34.219109, '陕西省西安市雁塔区曲江新区芙蓉西路99号', '61', '6101', '610113');
INSERT INTO `spot` VALUES ('延安市延安革命纪念地景区', 81, 109.4237297, 36.64219902, '陕西省延安市宝塔区西北延河东岸王家坪', '61', '6106', '610602');
INSERT INTO `spot` VALUES ('黄帝陵景区', 48, 109.2774627, 35.59161912, '陕西省延安市黄陵县东关179号', '61', '6106', '610632');
INSERT INTO `spot` VALUES ('黄河壶口瀑布风景名胜区', 89, 110.4589243, 36.15343402, '陕西省延安市宜川县，山西省临汾市吉县壶口镇', '61', '6106', '610630');
INSERT INTO `spot` VALUES ('嘉峪关文物景区', 10, 98.23079984, 39.80938069, '甘肃省嘉峪关市峪泉镇', '62', '6202', '620201');
INSERT INTO `spot` VALUES ('鸣沙山月牙泉风景区', 57, 94.67680941, 40.09385123, '甘肃省酒泉市敦煌市城南5公里处', '62', '6209', '620982');
INSERT INTO `spot` VALUES ('炳灵寺世界文化遗产旅游区', 52, 103.0715047, 35.82175683, '甘肃省临夏回族自治州永靖县', '62', '6229', '622923');
INSERT INTO `spot` VALUES ('宕昌官鹅沟风景区', 24, 104.39915, 34.01635707, '甘肃省陇南市宕昌县', '62', '6212', '621223');
INSERT INTO `spot` VALUES ('崆峒山风景名胜区', 61, 106.5306215, 35.55464858, '甘肃省平凉市崆峒区崆峒镇', '62', '6208', '620802');
INSERT INTO `spot` VALUES ('麦积山', 68, 106.0154325, 34.35718705, '甘肃省天水市麦积区', '62', '6205', '620503');
INSERT INTO `spot` VALUES ('张掖七彩丹霞景区', 40, 100.0757264, 38.96073142, '甘肃省张掖市临泽县倪家营乡南台村', '62', '6207', '620723');
INSERT INTO `spot` VALUES ('阿咪东索景区', 81, 100.3272549, 38.10521808, '青海省海北藏族自治州祁连县城东南2公里处', '63', '6322', '632222');
INSERT INTO `spot` VALUES ('互助土族故土园', 80, 101.945461, 36.829406, '青海省海东市互助土族自治县威远镇天佑德大道', '63', '6302', '630223');
INSERT INTO `spot` VALUES ('青海湖景区', 2, 100.5030949, 36.58438311, '青海省海南藏族自治州共和县', '63', '6325', '632521');
INSERT INTO `spot` VALUES ('西宁塔尔寺', 86, 101.5749966, 36.49325489, '青海省西宁市湟中区鲁沙尔镇金塔路56号', '63', '6301', '630106');
INSERT INTO `spot` VALUES ('宁夏沙湖景区', 95, 106.379882, 38.819842, '宁夏回族自治区石嘴山市平罗县姚沙公路', '64', '6402', '640221');
INSERT INTO `spot` VALUES ('水洞沟', 30, 106.5200703, 38.29828376, '宁夏回族自治区银川市灵武市临河镇鄂托克前旗', '64', '6401', '640181');
INSERT INTO `spot` VALUES ('宁夏银川镇北堡西部影视城', 8, 106.078738, 38.621209, '宁夏回族自治区银川市西夏区镇北堡镇', '64', '6401', '640105');
INSERT INTO `spot` VALUES ('沙坡头', 74, 105.0105748, 37.48370019, '宁夏回族自治区中卫市沙坡头区迎水桥镇', '64', '6405', '640502');
INSERT INTO `spot` VALUES ('帕米尔旅游区', 2, 75.20884998, 37.801109, '新疆喀什地区塔什库尔干塔吉克自治县提孜那甫乡中巴友谊路', '65', '6531', '653131');
INSERT INTO `spot` VALUES ('博斯腾湖景区', 32, 86.73139799, 41.84263811, '新疆维吾尔巴音郭楞蒙古自治州博湖县', '65', '6528', '652829');
INSERT INTO `spot` VALUES ('塔克拉玛干·三五九旅文化旅游区', 6, 81.28809084, 40.55536064, '新疆维吾尔自治区阿拉尔市军垦大道2号', '65', '6590', '659002');
INSERT INTO `spot` VALUES ('喀纳斯景区', 48, 87.03484973, 48.83188271, '新疆维吾尔自治区阿勒泰地区布尔津县232省道', '65', '6543', '654321');
INSERT INTO `spot` VALUES ('新疆可可托海景区', 73, 89.88824796, 47.22823136, '新疆维吾尔自治区阿勒泰地区富蕴县可可托海镇东南5公里处', '65', '6543', '654322');
INSERT INTO `spot` VALUES ('白沙湖景区', 78, 85.741272, 48.368135, '新疆维吾尔自治区阿勒泰地区哈巴河县', '65', '6543', '654324');
INSERT INTO `spot` VALUES ('巴音布鲁克景区', 67, 84.1407244, 43.0337951, '新疆维吾尔自治区巴音郭楞蒙古自治州和静县', '65', '6528', '652827');
INSERT INTO `spot` VALUES ('江布拉克景区', 11, 89.73073341, 43.65441571, '新疆维吾尔自治区昌吉回族自治州奇台县半截沟镇南部山区', '65', '6523', '652325');
INSERT INTO `spot` VALUES ('天山天池风景名胜区', 84, 88.13469498, 43.89235332, '新疆维吾尔自治区昌吉州阜康市准噶尔路501号', '65', '6523', '652302');
INSERT INTO `spot` VALUES ('喀什噶尔老城景区', 54, 75.99628932, 39.47747938, '新疆维吾尔自治区喀什地区喀什市亚瓦格路10号', '65', '6531', '653101');
INSERT INTO `spot` VALUES ('泽普金胡杨景区', 62, 76.9773262, 38.03802467, '新疆维吾尔自治区喀什地区泽普县', '65', '6531', '653124');
INSERT INTO `spot` VALUES ('世界魔鬼城景区', 97, 85.75214604, 46.13602664, '新疆维吾尔自治区克拉玛依市乌尔禾区龙脊路200号', '65', '6502', '650205');
INSERT INTO `spot` VALUES ('吐鲁番市葡萄沟风景区', 51, 89.249677, 43.005356, '新疆维吾尔自治区吐鲁番市高昌区312国道与Z474交叉口北侧', '65', '6504', '650402');
INSERT INTO `spot` VALUES ('乌鲁木齐天山大峡谷', 24, 87.448254, 43.499342, '新疆维吾尔自治区乌鲁木齐市乌鲁木齐县板房沟', '65', '6501', '650121');
INSERT INTO `spot` VALUES ('喀拉峻风景区', 4, 79.39475785, 40.88266613, '新疆维吾尔自治区伊犁哈萨克自治州特克斯县276乡道南', '65', '6540', '654027');
INSERT INTO `spot` VALUES ('那拉提旅游风景区', 24, 84.03288636, 43.32527204, '新疆维吾尔自治区伊犁哈萨克自治州新源县那拉提镇', '65', '6540', '654025');
INSERT INTO `spot` VALUES ('赛里木湖风景区', 34, 81.40098296, 44.61062507, '新疆维吾尔族自治区博尔塔拉蒙古自治州博乐市', '65', '6527', '652701');

-- ----------------------------
-- Table structure for user
-- ----------------------------
DROP TABLE IF EXISTS `user`;
CREATE TABLE `user`  (
  `id` int NOT NULL AUTO_INCREMENT,
  `email` varchar(255) CHARACTER SET utf8 COLLATE utf8_general_ci NULL DEFAULT NULL,
  `username` varchar(255) CHARACTER SET utf8 COLLATE utf8_general_ci NULL DEFAULT NULL,
  `password` varchar(255) CHARACTER SET utf8 COLLATE utf8_general_ci NULL DEFAULT NULL,
  `phone` varchar(11) CHARACTER SET utf8 COLLATE utf8_general_ci NULL DEFAULT NULL,
  `role_id` int NULL DEFAULT NULL,
  PRIMARY KEY (`id`) USING BTREE
) ENGINE = InnoDB AUTO_INCREMENT = 6 CHARACTER SET = utf8 COLLATE = utf8_general_ci ROW_FORMAT = Dynamic;

-- ----------------------------
-- Records of user
-- ----------------------------
INSERT INTO `user` VALUES (1, '123@qq.com', 'admin', '123456', '17836795629', 1);
INSERT INTO `user` VALUES (2, 'qq@163.com', 'test', '123456', '18967364375', 2);
INSERT INTO `user` VALUES (3, '167838@qq.com', 'user1', '123456', '13687348239', 3);
INSERT INTO `user` VALUES (4, '728361287@126.com', 'user2', '123456', '13973846273', 3);
INSERT INTO `user` VALUES (5, '111111@qq.com', 'test1', '123456', '17863746230', 3);

SET FOREIGN_KEY_CHECKS = 1;
